-- MySQL dump 10.19  Distrib 10.2.40-MariaDB, for debian-linux-gnu (x86_64)
--
-- Host: localhost    Database: oh
-- ------------------------------------------------------
-- Server version	10.2.40-MariaDB-1:10.2.40+maria~bionic

/*!40101 SET @OLD_CHARACTER_SET_CLIENT=@@CHARACTER_SET_CLIENT */;
/*!40101 SET @OLD_CHARACTER_SET_RESULTS=@@CHARACTER_SET_RESULTS */;
/*!40101 SET @OLD_COLLATION_CONNECTION=@@COLLATION_CONNECTION */;
/*!40101 SET NAMES utf8 */;
/*!40103 SET @OLD_TIME_ZONE=@@TIME_ZONE */;
/*!40103 SET TIME_ZONE='+00:00' */;
/*!40014 SET @OLD_UNIQUE_CHECKS=@@UNIQUE_CHECKS, UNIQUE_CHECKS=0 */;
/*!40014 SET @OLD_FOREIGN_KEY_CHECKS=@@FOREIGN_KEY_CHECKS, FOREIGN_KEY_CHECKS=0 */;
/*!40101 SET @OLD_SQL_MODE=@@SQL_MODE, SQL_MODE='NO_AUTO_VALUE_ON_ZERO' */;
/*!40111 SET @OLD_SQL_NOTES=@@SQL_NOTES, SQL_NOTES=0 */;

--
-- Table structure for table `oh_admission`
--

DROP TABLE IF EXISTS `oh_admission`;
/*!40101 SET @saved_cs_client     = @@character_set_client */;
/*!40101 SET character_set_client = utf8 */;
CREATE TABLE `oh_admission` (`ADM_ID` int (11) NOT NULL AUTO_INCREMENT, `__taint__ADM_ID` TEXT, `ADM_IN` int (11) NOT NULL DEFAULT 0, `__taint__ADM_IN` TEXT, `ADM_TYPE` char (1) NOT NULL DEFAULT 'N', `__taint__ADM_TYPE` TEXT, `ADM_WRD_ID_A` char (3) NOT NULL DEFAULT '', `__taint__ADM_WRD_ID_A` TEXT, `ADM_YPROG` int (11) NOT NULL DEFAULT 0, `__taint__ADM_YPROG` TEXT, `ADM_PAT_ID` int (11) NOT NULL DEFAULT 0, `__taint__ADM_PAT_ID` TEXT, `ADM_DATE_ADM` datetime NOT NULL, `__taint__ADM_DATE_ADM` TEXT, `ADM_ADMT_ID_A_ADM` varchar (10) NOT NULL DEFAULT '', `__taint__ADM_ADMT_ID_A_ADM` TEXT, `ADM_FHU` varchar (50) DEFAULT NULL, `__taint__ADM_FHU` TEXT, `ADM_IN_DIS_ID_A` varchar (10) DEFAULT NULL, `__taint__ADM_IN_DIS_ID_A` TEXT, `ADM_OUT_DIS_ID_A` varchar (10) DEFAULT NULL, `__taint__ADM_OUT_DIS_ID_A` TEXT, `ADM_OUT_DIS_ID_A_2` varchar (10) DEFAULT NULL, `__taint__ADM_OUT_DIS_ID_A_2` TEXT, `ADM_OUT_DIS_ID_A_3` varchar (10) DEFAULT NULL, `__taint__ADM_OUT_DIS_ID_A_3` TEXT, `ADM_DATE_DIS` datetime DEFAULT NULL, `__taint__ADM_DATE_DIS` TEXT, `ADM_DIST_ID_A` varchar (10) DEFAULT NULL, `__taint__ADM_DIST_ID_A` TEXT, `ADM_NOTE` mediumtext DEFAULT NULL, `__taint__ADM_NOTE` mediumtext, `ADM_TRANS` float DEFAULT 0, `__taint__ADM_TRANS` TEXT, `ADM_PRG_DATE_VIS` datetime DEFAULT NULL, `__taint__ADM_PRG_DATE_VIS` TEXT, `ADM_PRG_PTT_ID_A` varchar (10) DEFAULT NULL, `__taint__ADM_PRG_PTT_ID_A` TEXT, `ADM_PRG_DATE_DEL` datetime DEFAULT NULL, `__taint__ADM_PRG_DATE_DEL` TEXT, `ADM_PRG_DLT_ID_A` char (1) DEFAULT NULL, `__taint__ADM_PRG_DLT_ID_A` TEXT, `ADM_PRG_DRT_ID_A` char (1) DEFAULT NULL, `__taint__ADM_PRG_DRT_ID_A` TEXT, `ADM_PRG_WEIGHT` float DEFAULT NULL, `__taint__ADM_PRG_WEIGHT` TEXT, `ADM_PRG_DATE_CTRL1` datetime DEFAULT NULL, `__taint__ADM_PRG_DATE_CTRL1` TEXT, `ADM_PRG_DATE_CTRL2` datetime DEFAULT NULL, `__taint__ADM_PRG_DATE_CTRL2` TEXT, `ADM_PRG_DATE_ABORT` datetime DEFAULT NULL, `__taint__ADM_PRG_DATE_ABORT` TEXT, `ADM_USR_ID_A` varchar (50) NOT NULL DEFAULT 'admin', `__taint__ADM_USR_ID_A` TEXT, `ADM_LOCK` int (11) NOT NULL DEFAULT 0, `__taint__ADM_LOCK` TEXT, `ADM_DELETED` char (1) NOT NULL DEFAULT 'N', `__taint__ADM_DELETED` TEXT, `ADM_CREATED_BY` varchar (50) DEFAULT NULL, `__taint__ADM_CREATED_BY` TEXT, `ADM_CREATED_DATE` datetime DEFAULT NULL, `__taint__ADM_CREATED_DATE` TEXT, `ADM_LAST_MODIFIED_BY` varchar (50) DEFAULT NULL, `__taint__ADM_LAST_MODIFIED_BY` TEXT, `ADM_LAST_MODIFIED_DATE` datetime DEFAULT NULL, `__taint__ADM_LAST_MODIFIED_DATE` TEXT, `ADM_ACTIVE` tinyint (1) NOT NULL DEFAULT 1, `__taint__ADM_ACTIVE` TEXT, PRIMARY KEY (`ADM_ID`), KEY `FK_ADMISSION_DISCHARGETYPE` (`ADM_DIST_ID_A`), KEY `FK_ADMISSION_DELIVERYTYPE` (`ADM_PRG_DLT_ID_A`), KEY `FK_ADMISSION_DELIVERYRESULTTYPE` (`ADM_PRG_DRT_ID_A`), KEY `FK_ADMISSION_ADMISSIONTYPE` (`ADM_ADMT_ID_A_ADM`), KEY `FK_ADMISSION_PREGNANTTREATMENTTYPE` (`ADM_PRG_PTT_ID_A`), KEY `FK_ADMISSION_IN_DISEASE` (`ADM_IN_DIS_ID_A`), KEY `FK_ADMISSION_OUT_DISEASE1` (`ADM_OUT_DIS_ID_A`), KEY `FK_ADMISSION_OUT_DISEASE2` (`ADM_OUT_DIS_ID_A_2`), KEY `FK_ADMISSION_OUT_DISEASE3` (`ADM_OUT_DIS_ID_A_3`), KEY `FK_ADMISSION_PATIENT` (`ADM_PAT_ID`), KEY `FK_ADMISSION_WARD_idx` (`ADM_WRD_ID_A`), CONSTRAINT `FK_ADMISSION_ADMISSIONTYPE` FOREIGN KEY (`ADM_ADMT_ID_A_ADM`) REFERENCES `oh_admissiontype`(`ADMT_ID_A`) ON DELETE NO ACTION ON UPDATE NO ACTION, CONSTRAINT `FK_ADMISSION_DELIVERYRESULTTYPE` FOREIGN KEY (`ADM_PRG_DRT_ID_A`) REFERENCES `oh_deliveryresulttype`(`DRT_ID_A`) ON DELETE NO ACTION ON UPDATE NO ACTION, CONSTRAINT `FK_ADMISSION_DELIVERYTYPE` FOREIGN KEY (`ADM_PRG_DLT_ID_A`) REFERENCES `oh_deliverytype`(`DLT_ID_A`) ON DELETE NO ACTION ON UPDATE NO ACTION, CONSTRAINT `FK_ADMISSION_DISCHARGETYPE` FOREIGN KEY (`ADM_DIST_ID_A`) REFERENCES `oh_dischargetype`(`DIST_ID_A`) ON DELETE NO ACTION ON UPDATE NO ACTION, CONSTRAINT `FK_ADMISSION_IN_DISEASE` FOREIGN KEY (`ADM_IN_DIS_ID_A`) REFERENCES `oh_disease`(`DIS_ID_A`) ON DELETE NO ACTION ON UPDATE NO ACTION, CONSTRAINT `FK_ADMISSION_OUT_DISEASE1` FOREIGN KEY (`ADM_OUT_DIS_ID_A`) REFERENCES `oh_disease`(`DIS_ID_A`) ON DELETE NO ACTION ON UPDATE NO ACTION, CONSTRAINT `FK_ADMISSION_OUT_DISEASE2` FOREIGN KEY (`ADM_OUT_DIS_ID_A_2`) REFERENCES `oh_disease`(`DIS_ID_A`) ON DELETE NO ACTION ON UPDATE NO ACTION, CONSTRAINT `FK_ADMISSION_OUT_DISEASE3` FOREIGN KEY (`ADM_OUT_DIS_ID_A_3`) REFERENCES `oh_disease`(`DIS_ID_A`) ON DELETE NO ACTION ON UPDATE NO ACTION, CONSTRAINT `FK_ADMISSION_PATIENT` FOREIGN KEY (`ADM_PAT_ID`) REFERENCES `oh_patient`(`PAT_ID`) ON DELETE CASCADE ON UPDATE CASCADE, CONSTRAINT `FK_ADMISSION_PREGNANTTREATMENTTYPE` FOREIGN KEY (`ADM_PRG_PTT_ID_A`) REFERENCES `oh_pregnanttreatmenttype`(`PTT_ID_A`) ON DELETE NO ACTION ON UPDATE NO ACTION, CONSTRAINT `FK_ADMISSION_WARD` FOREIGN KEY (`ADM_WRD_ID_A`) REFERENCES `oh_ward`(`WRD_ID_A`) ON DELETE NO ACTION ON UPDATE NO ACTION) ENGINE = InnoDB DEFAULT CHARSET = utf8;
/*!40101 SET character_set_client = @saved_cs_client */;

--
-- Dumping data for table `oh_admission`
--

LOCK TABLES `oh_admission` WRITE;
/*!40000 ALTER TABLE `oh_admission` DISABLE KEYS */;
/*!40000 ALTER TABLE `oh_admission` ENABLE KEYS */;
UNLOCK TABLES;

--
-- Table structure for table `oh_admissiontype`
--

DROP TABLE IF EXISTS `oh_admissiontype`;
/*!40101 SET @saved_cs_client     = @@character_set_client */;
/*!40101 SET character_set_client = utf8 */;
CREATE TABLE `oh_admissiontype` (`ADMT_ID_A` varchar (10) NOT NULL, `__taint__ADMT_ID_A` TEXT, `ADMT_DESC` varchar (50) NOT NULL, `__taint__ADMT_DESC` TEXT, `ADMT_CREATED_BY` varchar (50) DEFAULT NULL, `__taint__ADMT_CREATED_BY` TEXT, `ADMT_CREATED_DATE` datetime DEFAULT NULL, `__taint__ADMT_CREATED_DATE` TEXT, `ADMT_LAST_MODIFIED_BY` varchar (50) DEFAULT NULL, `__taint__ADMT_LAST_MODIFIED_BY` TEXT, `ADMT_LAST_MODIFIED_DATE` datetime DEFAULT NULL, `__taint__ADMT_LAST_MODIFIED_DATE` TEXT, `ADMT_ACTIVE` tinyint (1) NOT NULL DEFAULT 1, `__taint__ADMT_ACTIVE` TEXT, PRIMARY KEY (`ADMT_ID_A`)) ENGINE = InnoDB DEFAULT CHARSET = utf8;
/*!40101 SET character_set_client = @saved_cs_client */;

--
-- Dumping data for table `oh_admissiontype`
--

LOCK TABLES `oh_admissiontype` WRITE;
/*!40000 ALTER TABLE `oh_admissiontype` DISABLE KEYS */;
INSERT INTO `oh_admissiontype` VALUES ('A', '0', 'AMBULANCE', '0', NULL, '0', NULL, '0', NULL, '0', NULL, '0', 1, '0'), ('I', '0', 'SELF', '0', NULL, '0', NULL, '0', NULL, '0', NULL, '0', 1, '0'), ('R', '0', 'REFERRAL', '0', NULL, '0', NULL, '0', NULL, '0', NULL, '0', 1, '0');
/*!40000 ALTER TABLE `oh_admissiontype` ENABLE KEYS */;
UNLOCK TABLES;

--
-- Table structure for table `oh_agetype`
--

DROP TABLE IF EXISTS `oh_agetype`;
/*!40101 SET @saved_cs_client     = @@character_set_client */;
/*!40101 SET character_set_client = utf8 */;
CREATE TABLE `oh_agetype` (`AT_CODE` varchar (4) NOT NULL DEFAULT '', `__taint__AT_CODE` TEXT, `AT_FROM` int (11) NOT NULL DEFAULT 0, `__taint__AT_FROM` TEXT, `AT_TO` int (11) NOT NULL DEFAULT 0, `__taint__AT_TO` TEXT, `AT_DESC` varchar (100) CHARACTER SET utf8 COLLATE utf8_unicode_ci NOT NULL DEFAULT '', `__taint__AT_DESC` TEXT, `AT_CREATED_BY` varchar (50) DEFAULT NULL, `__taint__AT_CREATED_BY` TEXT, `AT_CREATED_DATE` datetime DEFAULT NULL, `__taint__AT_CREATED_DATE` TEXT, `AT_LAST_MODIFIED_BY` varchar (50) DEFAULT NULL, `__taint__AT_LAST_MODIFIED_BY` TEXT, `AT_LAST_MODIFIED_DATE` datetime DEFAULT NULL, `__taint__AT_LAST_MODIFIED_DATE` TEXT, `AT_ACTIVE` tinyint (1) NOT NULL DEFAULT 1, `__taint__AT_ACTIVE` TEXT, PRIMARY KEY (`AT_CODE`)) ENGINE = MyISAM DEFAULT CHARSET = latin1;
/*!40101 SET character_set_client = @saved_cs_client */;

--
-- Dumping data for table `oh_agetype`
--

LOCK TABLES `oh_agetype` WRITE;
/*!40000 ALTER TABLE `oh_agetype` DISABLE KEYS */;
INSERT INTO `oh_agetype` VALUES ('d0', '0', 0, '0', 0, '0', 'angal.agetype.newborn', '0', NULL, '0', NULL, '0', NULL, '0', NULL, '0', 1, '0'), ('d1', '0', 1, '0', 5, '0', 'angal.agetype.earlychildhood', '0', NULL, '0', NULL, '0', NULL, '0', NULL, '0', 1, '0'), ('d2', '0', 6, '0', 12, '0', 'angal.agetype.latechildhood', '0', NULL, '0', NULL, '0', NULL, '0', NULL, '0', 1, '0'), ('d3', '0', 13, '0', 24, '0', 'angal.agetype.adolescents', '0', NULL, '0', NULL, '0', NULL, '0', NULL, '0', 1, '0'), ('d4', '0', 25, '0', 59, '0', 'angal.agetype.adult', '0', NULL, '0', NULL, '0', NULL, '0', NULL, '0', 1, '0'), ('d5', '0', 60, '0', 99, '0', 'angal.agetype.elderly', '0', NULL, '0', NULL, '0', NULL, '0', NULL, '0', 1, '0');
/*!40000 ALTER TABLE `oh_agetype` ENABLE KEYS */;
UNLOCK TABLES;

--
-- Table structure for table `oh_billitems`
--

DROP TABLE IF EXISTS `oh_billitems`;
/*!40101 SET @saved_cs_client     = @@character_set_client */;
/*!40101 SET character_set_client = utf8 */;
CREATE TABLE `oh_billitems` (`BLI_ID` int (11) NOT NULL AUTO_INCREMENT, `__taint__BLI_ID` TEXT, `BLI_ID_BILL` int (11) DEFAULT NULL, `__taint__BLI_ID_BILL` TEXT, `BLI_IS_PRICE` tinyint (1) NOT NULL, `__taint__BLI_IS_PRICE` TEXT, `BLI_ID_PRICE` varchar (10) DEFAULT NULL, `__taint__BLI_ID_PRICE` TEXT, `BLI_ITEM_DESC` varchar (100) DEFAULT NULL, `__taint__BLI_ITEM_DESC` TEXT, `BLI_ITEM_AMOUNT` double NOT NULL, `__taint__BLI_ITEM_AMOUNT` TEXT, `BLI_QTY` int (11) NOT NULL, `__taint__BLI_QTY` TEXT, `BLI_CREATED_BY` varchar (50) DEFAULT NULL, `__taint__BLI_CREATED_BY` TEXT, `BLI_CREATED_DATE` datetime DEFAULT NULL, `__taint__BLI_CREATED_DATE` TEXT, `BLI_LAST_MODIFIED_BY` varchar (50) DEFAULT NULL, `__taint__BLI_LAST_MODIFIED_BY` TEXT, `BLI_LAST_MODIFIED_DATE` datetime DEFAULT NULL, `__taint__BLI_LAST_MODIFIED_DATE` TEXT, `BLI_ACTIVE` tinyint (1) NOT NULL DEFAULT 1, `__taint__BLI_ACTIVE` TEXT, PRIMARY KEY (`BLI_ID`), KEY `FK_BILLITEMS_BILLS` (`BLI_ID_BILL`), CONSTRAINT `FK_BILLITEMS_BILLS` FOREIGN KEY (`BLI_ID_BILL`) REFERENCES `oh_bills`(`BLL_ID`) ON DELETE CASCADE ON UPDATE CASCADE) ENGINE = InnoDB DEFAULT CHARSET = utf8;
/*!40101 SET character_set_client = @saved_cs_client */;

--
-- Dumping data for table `oh_billitems`
--

LOCK TABLES `oh_billitems` WRITE;
/*!40000 ALTER TABLE `oh_billitems` DISABLE KEYS */;
/*!40000 ALTER TABLE `oh_billitems` ENABLE KEYS */;
UNLOCK TABLES;

--
-- Table structure for table `oh_billpayments`
--

DROP TABLE IF EXISTS `oh_billpayments`;
/*!40101 SET @saved_cs_client     = @@character_set_client */;
/*!40101 SET character_set_client = utf8 */;
CREATE TABLE `oh_billpayments` (`BLP_ID` int (11) NOT NULL AUTO_INCREMENT, `__taint__BLP_ID` TEXT, `BLP_ID_BILL` int (11) DEFAULT NULL, `__taint__BLP_ID_BILL` TEXT, `BLP_DATE` datetime NOT NULL, `__taint__BLP_DATE` TEXT, `BLP_AMOUNT` double NOT NULL, `__taint__BLP_AMOUNT` TEXT, `BLP_USR_ID_A` varchar (50) NOT NULL DEFAULT 'admin', `__taint__BLP_USR_ID_A` TEXT, `BLP_CREATED_BY` varchar (50) DEFAULT NULL, `__taint__BLP_CREATED_BY` TEXT, `BLP_CREATED_DATE` datetime DEFAULT NULL, `__taint__BLP_CREATED_DATE` TEXT, `BLP_LAST_MODIFIED_BY` varchar (50) DEFAULT NULL, `__taint__BLP_LAST_MODIFIED_BY` TEXT, `BLP_LAST_MODIFIED_DATE` datetime DEFAULT NULL, `__taint__BLP_LAST_MODIFIED_DATE` TEXT, `BLP_ACTIVE` tinyint (1) NOT NULL DEFAULT 1, `__taint__BLP_ACTIVE` TEXT, PRIMARY KEY (`BLP_ID`), KEY `FK_BILLPAYMENTS_BILLS` (`BLP_ID_BILL`), CONSTRAINT `FK_BILLPAYMENTS_BILLS` FOREIGN KEY (`BLP_ID_BILL`) REFERENCES `oh_bills`(`BLL_ID`) ON DELETE CASCADE ON UPDATE CASCADE) ENGINE = InnoDB DEFAULT CHARSET = utf8;
/*!40101 SET character_set_client = @saved_cs_client */;

--
-- Dumping data for table `oh_billpayments`
--

LOCK TABLES `oh_billpayments` WRITE;
/*!40000 ALTER TABLE `oh_billpayments` DISABLE KEYS */;
/*!40000 ALTER TABLE `oh_billpayments` ENABLE KEYS */;
UNLOCK TABLES;

--
-- Table structure for table `oh_bills`
--

DROP TABLE IF EXISTS `oh_bills`;
/*!40101 SET @saved_cs_client     = @@character_set_client */;
/*!40101 SET character_set_client = utf8 */;
CREATE TABLE `oh_bills` (`BLL_ID` int (11) NOT NULL AUTO_INCREMENT, `__taint__BLL_ID` TEXT, `BLL_DATE` datetime NOT NULL, `__taint__BLL_DATE` TEXT, `BLL_UPDATE` datetime NOT NULL, `__taint__BLL_UPDATE` TEXT, `BLL_IS_LST` tinyint (1) NOT NULL, `__taint__BLL_IS_LST` TEXT, `BLL_ID_LST` int (11) DEFAULT NULL, `__taint__BLL_ID_LST` TEXT, `BLL_LST_NAME` varchar (50) DEFAULT NULL, `__taint__BLL_LST_NAME` TEXT, `BLL_IS_PAT` tinyint (1) NOT NULL, `__taint__BLL_IS_PAT` TEXT, `BLL_ID_PAT` int (11) DEFAULT NULL, `__taint__BLL_ID_PAT` TEXT, `BLL_PAT_NAME` varchar (100) DEFAULT NULL, `__taint__BLL_PAT_NAME` TEXT, `BLL_STATUS` varchar (1) DEFAULT NULL, `__taint__BLL_STATUS` TEXT, `BLL_AMOUNT` double DEFAULT NULL, `__taint__BLL_AMOUNT` TEXT, `BLL_BALANCE` double DEFAULT NULL, `__taint__BLL_BALANCE` TEXT, `BLL_USR_ID_A` varchar (50) NOT NULL DEFAULT 'admin', `__taint__BLL_USR_ID_A` TEXT, `BLL_ADM_ID` int (11) DEFAULT NULL, `__taint__BLL_ADM_ID` TEXT, `BLL_CREATED_BY` varchar (50) DEFAULT NULL, `__taint__BLL_CREATED_BY` TEXT, `BLL_CREATED_DATE` datetime DEFAULT NULL, `__taint__BLL_CREATED_DATE` TEXT, `BLL_LAST_MODIFIED_BY` varchar (50) DEFAULT NULL, `__taint__BLL_LAST_MODIFIED_BY` TEXT, `BLL_LAST_MODIFIED_DATE` datetime DEFAULT NULL, `__taint__BLL_LAST_MODIFIED_DATE` TEXT, `BLL_ACTIVE` tinyint (1) NOT NULL DEFAULT 1, `__taint__BLL_ACTIVE` TEXT, PRIMARY KEY (`BLL_ID`), KEY `FK_BILLS_PATIENT` (`BLL_ID_PAT`), KEY `FK_BILLS_PRICELISTS` (`BLL_ID_LST`), KEY `FK_BILLS_ADMISSION_idx` (`BLL_ADM_ID`), CONSTRAINT `FK_BILLS_ADMISSION` FOREIGN KEY (`BLL_ADM_ID`) REFERENCES `oh_admission`(`ADM_ID`) ON DELETE NO ACTION ON UPDATE NO ACTION, CONSTRAINT `FK_BILLS_PATIENT` FOREIGN KEY (`BLL_ID_PAT`) REFERENCES `oh_patient`(`PAT_ID`) ON DELETE CASCADE ON UPDATE CASCADE, CONSTRAINT `FK_BILLS_PRICELISTS` FOREIGN KEY (`BLL_ID_LST`) REFERENCES `oh_pricelists`(`LST_ID`) ON DELETE NO ACTION ON UPDATE NO ACTION) ENGINE = InnoDB DEFAULT CHARSET = utf8;
/*!40101 SET character_set_client = @saved_cs_client */;

--
-- Dumping data for table `oh_bills`
--

LOCK TABLES `oh_bills` WRITE;
/*!40000 ALTER TABLE `oh_bills` DISABLE KEYS */;
/*!40000 ALTER TABLE `oh_bills` ENABLE KEYS */;
UNLOCK TABLES;

--
-- Table structure for table `oh_deliveryresulttype`
--

DROP TABLE IF EXISTS `oh_deliveryresulttype`;
/*!40101 SET @saved_cs_client     = @@character_set_client */;
/*!40101 SET character_set_client = utf8 */;
CREATE TABLE `oh_deliveryresulttype` (`DRT_ID_A` char (1) NOT NULL, `__taint__DRT_ID_A` TEXT, `DRT_DESC` varchar (50) NOT NULL, `__taint__DRT_DESC` TEXT, `DRT_CREATED_BY` varchar (50) DEFAULT NULL, `__taint__DRT_CREATED_BY` TEXT, `DRT_CREATED_DATE` datetime DEFAULT NULL, `__taint__DRT_CREATED_DATE` TEXT, `DRT_LAST_MODIFIED_BY` varchar (50) DEFAULT NULL, `__taint__DRT_LAST_MODIFIED_BY` TEXT, `DRT_LAST_MODIFIED_DATE` datetime DEFAULT NULL, `__taint__DRT_LAST_MODIFIED_DATE` TEXT, `DRT_ACTIVE` tinyint (1) NOT NULL DEFAULT 1, `__taint__DRT_ACTIVE` TEXT, PRIMARY KEY (`DRT_ID_A`)) ENGINE = InnoDB DEFAULT CHARSET = utf8;
/*!40101 SET character_set_client = @saved_cs_client */;

--
-- Dumping data for table `oh_deliveryresulttype`
--

LOCK TABLES `oh_deliveryresulttype` WRITE;
/*!40000 ALTER TABLE `oh_deliveryresulttype` DISABLE KEYS */;
INSERT INTO `oh_deliveryresulttype` VALUES ('A', '0', 'LIVE BIRTH', '0', NULL, '0', NULL, '0', NULL, '0', NULL, '0', 1, '0'), ('B', '0', 'MACERATED STILLBIRTH', '0', NULL, '0', NULL, '0', NULL, '0', NULL, '0', 1, '0'), ('M', '0', 'MATERNAL DEATH', '0', NULL, '0', NULL, '0', NULL, '0', NULL, '0', 1, '0'), ('N', '0', 'NEWBORN DEATH', '0', NULL, '0', NULL, '0', NULL, '0', NULL, '0', 1, '0'), ('S', '0', 'FRESH STILL BIRTH', '0', NULL, '0', NULL, '0', NULL, '0', NULL, '0', 1, '0');
/*!40000 ALTER TABLE `oh_deliveryresulttype` ENABLE KEYS */;
UNLOCK TABLES;

--
-- Table structure for table `oh_deliverytype`
--

DROP TABLE IF EXISTS `oh_deliverytype`;
/*!40101 SET @saved_cs_client     = @@character_set_client */;
/*!40101 SET character_set_client = utf8 */;
CREATE TABLE `oh_deliverytype` (`DLT_ID_A` char (1) NOT NULL, `__taint__DLT_ID_A` TEXT, `DLT_DESC` varchar (50) NOT NULL, `__taint__DLT_DESC` TEXT, `DLT_CREATED_BY` varchar (50) DEFAULT NULL, `__taint__DLT_CREATED_BY` TEXT, `DLT_CREATED_DATE` datetime DEFAULT NULL, `__taint__DLT_CREATED_DATE` TEXT, `DLT_LAST_MODIFIED_BY` varchar (50) DEFAULT NULL, `__taint__DLT_LAST_MODIFIED_BY` TEXT, `DLT_LAST_MODIFIED_DATE` datetime DEFAULT NULL, `__taint__DLT_LAST_MODIFIED_DATE` TEXT, `DLT_ACTIVE` tinyint (1) NOT NULL DEFAULT 1, `__taint__DLT_ACTIVE` TEXT, PRIMARY KEY (`DLT_ID_A`)) ENGINE = InnoDB DEFAULT CHARSET = utf8;
/*!40101 SET character_set_client = @saved_cs_client */;

--
-- Dumping data for table `oh_deliverytype`
--

LOCK TABLES `oh_deliverytype` WRITE;
/*!40000 ALTER TABLE `oh_deliverytype` DISABLE KEYS */;
INSERT INTO `oh_deliverytype` VALUES ('C', '0', 'DELIVERY ASSISTED BY CESARIAN SECTION', '0', NULL, '0', NULL, '0', NULL, '0', NULL, '0', 1, '0'), ('N', '0', 'NORMAL DELIVERY', '0', NULL, '0', NULL, '0', NULL, '0', NULL, '0', 1, '0'), ('V', '0', 'DELIVERY ASSISTED BY VACUUM EXTRACTION', '0', NULL, '0', NULL, '0', NULL, '0', NULL, '0', 1, '0');
/*!40000 ALTER TABLE `oh_deliverytype` ENABLE KEYS */;
UNLOCK TABLES;

--
-- Table structure for table `oh_dicom`
--

DROP TABLE IF EXISTS `oh_dicom`;
/*!40101 SET @saved_cs_client     = @@character_set_client */;
/*!40101 SET character_set_client = utf8 */;
CREATE TABLE `oh_dicom` (`DM_PAT_ID` int (11) NOT NULL, `__taint__DM_PAT_ID` TEXT, `DM_DATA` longblob DEFAULT NULL, `__taint__DM_DATA` TEXT, `DM_FILE_ID` bigint (20) NOT NULL AUTO_INCREMENT, `__taint__DM_FILE_ID` TEXT, `DM_FILE_NOME` varchar (255) NOT NULL, `__taint__DM_FILE_NOME` TEXT, `DM_FILE_ACCESSION_NUMBER` varchar (255) DEFAULT NULL, `__taint__DM_FILE_ACCESSION_NUMBER` TEXT, `DM_FILE_INSTITUTION_NAME` varchar (255) DEFAULT NULL, `__taint__DM_FILE_INSTITUTION_NAME` TEXT, `DM_FILE_PAT_UID` varchar (255) DEFAULT NULL, `__taint__DM_FILE_PAT_UID` TEXT, `DM_FILE_PAT_NAME` varchar (255) DEFAULT NULL, `__taint__DM_FILE_PAT_NAME` TEXT, `DM_FILE_PAT_ADDR` varchar (255) DEFAULT NULL, `__taint__DM_FILE_PAT_ADDR` TEXT, `DM_FILE_PAT_AGE` varchar (255) DEFAULT NULL, `__taint__DM_FILE_PAT_AGE` TEXT, `DM_FILE_PAT_SEX` varchar (255) DEFAULT NULL, `__taint__DM_FILE_PAT_SEX` TEXT, `DM_FILE_PAT_BIRTHDATE` varchar (255) DEFAULT NULL, `__taint__DM_FILE_PAT_BIRTHDATE` TEXT, `DM_FILE_ST_UID` varchar (255) NOT NULL, `__taint__DM_FILE_ST_UID` TEXT, `DM_FILE_ST_DATE` datetime DEFAULT NULL, `__taint__DM_FILE_ST_DATE` TEXT, `DM_FILE_ST_DESCR` varchar (255) DEFAULT NULL, `__taint__DM_FILE_ST_DESCR` TEXT, `DM_FILE_SER_UID` varchar (255) NOT NULL, `__taint__DM_FILE_SER_UID` TEXT, `DM_FILE_SER_INST_UID` varchar (255) NOT NULL, `__taint__DM_FILE_SER_INST_UID` TEXT, `DM_FILE_SER_NUMBER` varchar (255) DEFAULT NULL, `__taint__DM_FILE_SER_NUMBER` TEXT, `DM_FILE_SER_DESC_COD_SEQ` varchar (255) DEFAULT NULL, `__taint__DM_FILE_SER_DESC_COD_SEQ` TEXT, `DM_FILE_SER_DATE` datetime DEFAULT NULL, `__taint__DM_FILE_SER_DATE` TEXT, `DM_FILE_SER_DESC` varchar (255) DEFAULT NULL, `__taint__DM_FILE_SER_DESC` TEXT, `DM_FILE_INST_UID` varchar (255) NOT NULL, `__taint__DM_FILE_INST_UID` TEXT, `DM_FILE_MODALIITY` varchar (255) DEFAULT NULL, `__taint__DM_FILE_MODALIITY` TEXT, `DM_THUMBNAIL` blob DEFAULT NULL, `__taint__DM_THUMBNAIL` TEXT, `DM_DCMT_ID` varchar (3) DEFAULT NULL, `__taint__DM_DCMT_ID` TEXT, `DM_CREATED_BY` varchar (50) DEFAULT NULL, `__taint__DM_CREATED_BY` TEXT, `DM_CREATED_DATE` datetime DEFAULT NULL, `__taint__DM_CREATED_DATE` TEXT, `DM_LAST_MODIFIED_BY` varchar (50) DEFAULT NULL, `__taint__DM_LAST_MODIFIED_BY` TEXT, `DM_LAST_MODIFIED_DATE` datetime DEFAULT NULL, `__taint__DM_LAST_MODIFIED_DATE` TEXT, `DM_ACTIVE` tinyint (1) NOT NULL DEFAULT 1, `__taint__DM_ACTIVE` TEXT, PRIMARY KEY (`DM_FILE_ID`), KEY `FK_DICOM_DICOMTYPE_idx` (`DM_DCMT_ID`), CONSTRAINT `FK_DICOM_DICOMTYPE` FOREIGN KEY (`DM_DCMT_ID`) REFERENCES `oh_dicomtype`(`DCMT_ID`) ON DELETE NO ACTION ON UPDATE NO ACTION) ENGINE = InnoDB DEFAULT CHARSET = utf8;
/*!40101 SET character_set_client = @saved_cs_client */;

--
-- Dumping data for table `oh_dicom`
--

LOCK TABLES `oh_dicom` WRITE;
/*!40000 ALTER TABLE `oh_dicom` DISABLE KEYS */;
/*!40000 ALTER TABLE `oh_dicom` ENABLE KEYS */;
UNLOCK TABLES;

--
-- Table structure for table `oh_dicomtype`
--

DROP TABLE IF EXISTS `oh_dicomtype`;
/*!40101 SET @saved_cs_client     = @@character_set_client */;
/*!40101 SET character_set_client = utf8 */;
CREATE TABLE `oh_dicomtype` (`DCMT_ID` varchar (3) NOT NULL, `__taint__DCMT_ID` TEXT, `DCMT_DESC` varchar (50) NOT NULL, `__taint__DCMT_DESC` TEXT, PRIMARY KEY (`DCMT_ID`)) ENGINE = InnoDB DEFAULT CHARSET = utf8;
/*!40101 SET character_set_client = @saved_cs_client */;

--
-- Dumping data for table `oh_dicomtype`
--

LOCK TABLES `oh_dicomtype` WRITE;
/*!40000 ALTER TABLE `oh_dicomtype` DISABLE KEYS */;
/*!40000 ALTER TABLE `oh_dicomtype` ENABLE KEYS */;
UNLOCK TABLES;

--
-- Table structure for table `oh_dischargetype`
--

DROP TABLE IF EXISTS `oh_dischargetype`;
/*!40101 SET @saved_cs_client     = @@character_set_client */;
/*!40101 SET character_set_client = utf8 */;
CREATE TABLE `oh_dischargetype` (`DIST_ID_A` varchar (10) NOT NULL, `__taint__DIST_ID_A` TEXT, `DIST_DESC` varchar (50) NOT NULL, `__taint__DIST_DESC` TEXT, `DIST_CREATED_BY` varchar (50) DEFAULT NULL, `__taint__DIST_CREATED_BY` TEXT, `DIST_CREATED_DATE` datetime DEFAULT NULL, `__taint__DIST_CREATED_DATE` TEXT, `DIST_LAST_MODIFIED_BY` varchar (50) DEFAULT NULL, `__taint__DIST_LAST_MODIFIED_BY` TEXT, `DIST_LAST_MODIFIED_DATE` datetime DEFAULT NULL, `__taint__DIST_LAST_MODIFIED_DATE` TEXT, `DIST_ACTIVE` tinyint (1) NOT NULL DEFAULT 1, `__taint__DIST_ACTIVE` TEXT, PRIMARY KEY (`DIST_ID_A`)) ENGINE = InnoDB DEFAULT CHARSET = utf8;
/*!40101 SET character_set_client = @saved_cs_client */;

--
-- Dumping data for table `oh_dischargetype`
--

LOCK TABLES `oh_dischargetype` WRITE;
/*!40000 ALTER TABLE `oh_dischargetype` DISABLE KEYS */;
INSERT INTO `oh_dischargetype` VALUES ('B', '0', 'REFERRED', '0', NULL, '0', NULL, '0', NULL, '0', NULL, '0', 1, '0'), ('D', '0', 'DEAD', '0', NULL, '0', NULL, '0', NULL, '0', NULL, '0', 1, '0'), ('EQ', '0', 'NORMAL DISCHARGE', '0', NULL, '0', NULL, '0', NULL, '0', NULL, '0', 1, '0'), ('ES', '0', 'ESCAPE', '0', NULL, '0', NULL, '0', NULL, '0', NULL, '0', 1, '0');
/*!40000 ALTER TABLE `oh_dischargetype` ENABLE KEYS */;
UNLOCK TABLES;

--
-- Table structure for table `oh_disease`
--

DROP TABLE IF EXISTS `oh_disease`;
/*!40101 SET @saved_cs_client     = @@character_set_client */;
/*!40101 SET character_set_client = utf8 */;
CREATE TABLE `oh_disease` (`DIS_ID_A` varchar (10) NOT NULL, `__taint__DIS_ID_A` TEXT, `DIS_DESC` varchar (160) NOT NULL, `__taint__DIS_DESC` TEXT, `DIS_DCL_ID_A` char (2) NOT NULL, `__taint__DIS_DCL_ID_A` TEXT, `DIS_LOCK` int (11) NOT NULL DEFAULT 0, `__taint__DIS_LOCK` TEXT, `DIS_OPD_INCLUDE` int (11) NOT NULL DEFAULT 0, `__taint__DIS_OPD_INCLUDE` TEXT, `DIS_IPD_IN_INCLUDE` int (11) NOT NULL DEFAULT 0, `__taint__DIS_IPD_IN_INCLUDE` TEXT, `DIS_IPD_OUT_INCLUDE` int (11) NOT NULL DEFAULT 0, `__taint__DIS_IPD_OUT_INCLUDE` TEXT, `DIS_CREATED_BY` varchar (50) DEFAULT NULL, `__taint__DIS_CREATED_BY` TEXT, `DIS_CREATED_DATE` datetime DEFAULT NULL, `__taint__DIS_CREATED_DATE` TEXT, `DIS_LAST_MODIFIED_BY` varchar (50) DEFAULT NULL, `__taint__DIS_LAST_MODIFIED_BY` TEXT, `DIS_LAST_MODIFIED_DATE` datetime DEFAULT NULL, `__taint__DIS_LAST_MODIFIED_DATE` TEXT, `DIS_ACTIVE` tinyint (1) NOT NULL DEFAULT 1, `__taint__DIS_ACTIVE` TEXT, PRIMARY KEY (`DIS_ID_A`), KEY `FK_DISEASE_DISEASETYPE` (`DIS_DCL_ID_A`), CONSTRAINT `FK_DISEASE_DISEASETYPE` FOREIGN KEY (`DIS_DCL_ID_A`) REFERENCES `oh_diseasetype`(`DCL_ID_A`) ON DELETE NO ACTION ON UPDATE CASCADE) ENGINE = InnoDB DEFAULT CHARSET = utf8;
/*!40101 SET character_set_client = @saved_cs_client */;

--
-- Dumping data for table `oh_disease`
--

LOCK TABLES `oh_disease` WRITE;
/*!40000 ALTER TABLE `oh_disease` DISABLE KEYS */;
INSERT INTO `oh_disease` VALUES ('A01', '0', 'Typhoid and paratyphoid fevers', '0', 'AB', '0', 0, '0', 1, '0', 1, '0', 1, '0', NULL, '0', NULL, '0', NULL, '0', NULL, '0', 1, '0'), ('A06', '0', 'Amebiasis', '0', 'AB', '0', 0, '0', 1, '0', 1, '0', 1, '0', NULL, '0', NULL, '0', NULL, '0', NULL, '0', 1, '0'), ('A07', '0', 'Other protozoal intestinal diseases', '0', 'AB', '0', 0, '0', 1, '0', 1, '0', 1, '0', NULL, '0', NULL, '0', NULL, '0', NULL, '0', 1, '0'), ('A07.1', '0', 'Giardiasis [lambliasis]', '0', 'AB', '0', 0, '0', 1, '0', 1, '0', 1, '0', NULL, '0', NULL, '0', NULL, '0', NULL, '0', 1, '0'), ('A09', '0', 'Diarrhea and gastroenteritis of presumed infectious origin', '0', 'AB', '0', 0, '0', 1, '0', 1, '0', 1, '0', NULL, '0', NULL, '0', NULL, '0', NULL, '0', 1, '0'), ('A09.0', '0', 'Gastroenteritis and colitis of unspecified origin', '0', 'AB', '0', 0, '0', 1, '0', 1, '0', 1, '0', NULL, '0', NULL, '0', NULL, '0', NULL, '0', 1, '0'), ('A15', '0', 'Respiratory tuberculosis, bacteriologically and histologically confirmed', '0', 'AB', '0', 0, '0', 1, '0', 1, '0', 1, '0', NULL, '0', NULL, '0', NULL, '0', NULL, '0', 1, '0'), ('A16', '0', 'Respiratory tuberculosis, not confirmed bacteriologically or histologically', '0', 'AB', '0', 0, '0', 1, '0', 1, '0', 1, '0', NULL, '0', NULL, '0', NULL, '0', NULL, '0', 1, '0'), ('A18', '0', 'Tuberculosis of other organs', '0', 'AB', '0', 0, '0', 1, '0', 1, '0', 1, '0', NULL, '0', NULL, '0', NULL, '0', NULL, '0', 1, '0'), ('A19', '0', 'Miliary tuberculosis', '0', 'AB', '0', 0, '0', 1, '0', 1, '0', 1, '0', NULL, '0', NULL, '0', NULL, '0', NULL, '0', 1, '0'), ('A20', '0', 'Plague', '0', 'AB', '0', 0, '0', 1, '0', 1, '0', 1, '0', NULL, '0', NULL, '0', NULL, '0', NULL, '0', 1, '0'), ('A28', '0', 'Other zoonotic bacterial diseases, not elsewhere classified', '0', 'AB', '0', 0, '0', 1, '0', 1, '0', 1, '0', NULL, '0', NULL, '0', NULL, '0', NULL, '0', 1, '0'), ('A30', '0', 'Leprosy [Hansen disease]', '0', 'AB', '0', 0, '0', 1, '0', 1, '0', 1, '0', NULL, '0', NULL, '0', NULL, '0', NULL, '0', 1, '0'), ('A35', '0', 'Other tetanus', '0', 'AB', '0', 0, '0', 1, '0', 1, '0', 1, '0', NULL, '0', NULL, '0', NULL, '0', NULL, '0', 1, '0'), ('A36', '0', 'Diphtheria', '0', 'AB', '0', 0, '0', 1, '0', 1, '0', 1, '0', NULL, '0', NULL, '0', NULL, '0', NULL, '0', 1, '0'), ('A37', '0', 'Whooping cough', '0', 'AB', '0', 0, '0', 1, '0', 1, '0', 1, '0', NULL, '0', NULL, '0', NULL, '0', NULL, '0', 1, '0'), ('A38', '0', 'Scarlet fever', '0', 'AB', '0', 0, '0', 1, '0', 1, '0', 1, '0', NULL, '0', NULL, '0', NULL, '0', NULL, '0', 1, '0'), ('A50', '0', 'Congenital syphilis', '0', 'AB', '0', 0, '0', 1, '0', 1, '0', 1, '0', NULL, '0', NULL, '0', NULL, '0', NULL, '0', 1, '0'), ('A51', '0', 'Early syphilis', '0', 'AB', '0', 0, '0', 1, '0', 1, '0', 1, '0', NULL, '0', NULL, '0', NULL, '0', NULL, '0', 1, '0'), ('A52', '0', 'Late syphilis', '0', 'AB', '0', 0, '0', 1, '0', 1, '0', 1, '0', NULL, '0', NULL, '0', NULL, '0', NULL, '0', 1, '0'), ('A54', '0', 'Gonococcal infection', '0', 'AB', '0', 0, '0', 1, '0', 1, '0', 1, '0', NULL, '0', NULL, '0', NULL, '0', NULL, '0', 1, '0'), ('A55', '0', 'Chlamydial lymphogranuloma (venereum)', '0', 'AB', '0', 0, '0', 1, '0', 1, '0', 1, '0', NULL, '0', NULL, '0', NULL, '0', NULL, '0', 1, '0'), ('A56', '0', 'Other sexually transmitted chlamydial diseases', '0', 'AB', '0', 0, '0', 1, '0', 1, '0', 1, '0', NULL, '0', NULL, '0', NULL, '0', NULL, '0', 1, '0'), ('A57', '0', 'Chancroid', '0', 'AB', '0', 0, '0', 1, '0', 1, '0', 1, '0', NULL, '0', NULL, '0', NULL, '0', NULL, '0', 1, '0'), ('A59', '0', 'Trichomoniasis', '0', 'AB', '0', 0, '0', 1, '0', 1, '0', 1, '0', NULL, '0', NULL, '0', NULL, '0', NULL, '0', 1, '0'), ('A60', '0', 'Anogenital herpesviral [herpes simplex] infection', '0', 'AB', '0', 0, '0', 1, '0', 1, '0', 1, '0', NULL, '0', NULL, '0', NULL, '0', NULL, '0', 1, '0'), ('A64', '0', 'Other predominantly sexually transmitted diseases, not elsewhere classified', '0', 'AB', '0', 0, '0', 1, '0', 1, '0', 1, '0', NULL, '0', NULL, '0', NULL, '0', NULL, '0', 1, '0'), ('A80', '0', 'Acute poliomyelitis', '0', 'AB', '0', 0, '0', 1, '0', 1, '0', 1, '0', NULL, '0', NULL, '0', NULL, '0', NULL, '0', 1, '0'), ('A87', '0', 'Viral meningitis', '0', 'AB', '0', 0, '0', 1, '0', 1, '0', 1, '0', NULL, '0', NULL, '0', NULL, '0', NULL, '0', 1, '0'), ('A89', '0', 'Unspecified viral infection of central nervous system', '0', 'AB', '0', 0, '0', 1, '0', 1, '0', 1, '0', NULL, '0', NULL, '0', NULL, '0', NULL, '0', 1, '0'), ('A92', '0', 'Other mosquito-borne viral fevers', '0', 'AB', '0', 0, '0', 1, '0', 1, '0', 1, '0', NULL, '0', NULL, '0', NULL, '0', NULL, '0', 1, '0'), ('A99', '0', 'Unspecified viral haemorrhagic fever', '0', 'AB', '0', 0, '0', 1, '0', 1, '0', 1, '0', NULL, '0', NULL, '0', NULL, '0', NULL, '0', 1, '0'), ('B00', '0', 'Herpesviral [herpes simplex] infections', '0', 'AB', '0', 0, '0', 1, '0', 1, '0', 1, '0', NULL, '0', NULL, '0', NULL, '0', NULL, '0', 1, '0'), ('B01', '0', 'Varicella [chickenpox]', '0', 'AB', '0', 0, '0', 1, '0', 1, '0', 1, '0', NULL, '0', NULL, '0', NULL, '0', NULL, '0', 1, '0'), ('B02', '0', 'Zoster [herpes zoster]', '0', 'AB', '0', 0, '0', 1, '0', 1, '0', 1, '0', NULL, '0', NULL, '0', NULL, '0', NULL, '0', 1, '0'), ('B05', '0', 'Measles', '0', 'AB', '0', 0, '0', 1, '0', 1, '0', 1, '0', NULL, '0', NULL, '0', NULL, '0', NULL, '0', 1, '0'), ('B06', '0', 'Rubella [German measles]', '0', 'AB', '0', 0, '0', 1, '0', 1, '0', 1, '0', NULL, '0', NULL, '0', NULL, '0', NULL, '0', 1, '0'), ('B07', '0', 'Viral warts', '0', 'AB', '0', 0, '0', 1, '0', 1, '0', 1, '0', NULL, '0', NULL, '0', NULL, '0', NULL, '0', 1, '0'), ('B09', '0', 'Unspecified viral infection characterized by skin and mucous membrane lesions', '0', 'AB', '0', 0, '0', 1, '0', 1, '0', 1, '0', NULL, '0', NULL, '0', NULL, '0', NULL, '0', 1, '0'), ('B16', '0', 'Acute hepatitis B', '0', 'AB', '0', 0, '0', 1, '0', 1, '0', 1, '0', NULL, '0', NULL, '0', NULL, '0', NULL, '0', 1, '0'), ('B17', '0', 'Other acute viral hepatitis', '0', 'AB', '0', 0, '0', 1, '0', 1, '0', 1, '0', NULL, '0', NULL, '0', NULL, '0', NULL, '0', 1, '0'), ('B17.1', '0', 'Acute hepatitis C', '0', 'AB', '0', 0, '0', 1, '0', 1, '0', 1, '0', NULL, '0', NULL, '0', NULL, '0', NULL, '0', 1, '0'), ('B24', '0', 'Unspecified human immunodeficiency virus [HIV] disease', '0', 'AB', '0', 0, '0', 1, '0', 1, '0', 1, '0', NULL, '0', NULL, '0', NULL, '0', NULL, '0', 1, '0'), ('B26', '0', 'Mumps', '0', 'AB', '0', 0, '0', 1, '0', 1, '0', 1, '0', NULL, '0', NULL, '0', NULL, '0', NULL, '0', 1, '0'), ('B34', '0', 'Viral infection of unspecified site', '0', 'AB', '0', 0, '0', 1, '0', 1, '0', 1, '0', NULL, '0', NULL, '0', NULL, '0', NULL, '0', 1, '0'), ('B37', '0', 'Candidiasis', '0', 'AB', '0', 0, '0', 1, '0', 1, '0', 1, '0', NULL, '0', NULL, '0', NULL, '0', NULL, '0', 1, '0'), ('B47', '0', 'Mycetoma', '0', 'AB', '0', 0, '0', 1, '0', 1, '0', 1, '0', NULL, '0', NULL, '0', NULL, '0', NULL, '0', 1, '0'), ('B49', '0', 'Unspecified mycosis', '0', 'AB', '0', 0, '0', 1, '0', 1, '0', 1, '0', NULL, '0', NULL, '0', NULL, '0', NULL, '0', 1, '0'), ('B53', '0', 'Other parasitologically confirmed malaria', '0', 'AB', '0', 0, '0', 1, '0', 1, '0', 1, '0', NULL, '0', NULL, '0', NULL, '0', NULL, '0', 1, '0'), ('B54', '0', 'Unspecified malaria', '0', 'AB', '0', 0, '0', 1, '0', 1, '0', 1, '0', NULL, '0', NULL, '0', NULL, '0', NULL, '0', 1, '0'), ('B65', '0', 'Schistosomiasis [bilharziasis]', '0', 'AB', '0', 0, '0', 1, '0', 1, '0', 1, '0', NULL, '0', NULL, '0', NULL, '0', NULL, '0', 1, '0'), ('B67', '0', 'Echinococcosis', '0', 'AB', '0', 0, '0', 1, '0', 1, '0', 1, '0', NULL, '0', NULL, '0', NULL, '0', NULL, '0', 1, '0'), ('B68', '0', 'Taeniasis', '0', 'AB', '0', 0, '0', 1, '0', 1, '0', 1, '0', NULL, '0', NULL, '0', NULL, '0', NULL, '0', 1, '0'), ('B69', '0', 'Cysticercosis', '0', 'AB', '0', 0, '0', 1, '0', 1, '0', 1, '0', NULL, '0', NULL, '0', NULL, '0', NULL, '0', 1, '0'), ('B73', '0', 'Onchocerciasis', '0', 'AB', '0', 0, '0', 1, '0', 1, '0', 1, '0', NULL, '0', NULL, '0', NULL, '0', NULL, '0', 1, '0'), ('B74', '0', 'Filariasis', '0', 'AB', '0', 0, '0', 1, '0', 1, '0', 1, '0', NULL, '0', NULL, '0', NULL, '0', NULL, '0', 1, '0'), ('B77', '0', 'Ascariasis', '0', 'AB', '0', 0, '0', 1, '0', 1, '0', 1, '0', NULL, '0', NULL, '0', NULL, '0', NULL, '0', 1, '0'), ('B79', '0', 'Trichuriasis', '0', 'AB', '0', 0, '0', 1, '0', 1, '0', 1, '0', NULL, '0', NULL, '0', NULL, '0', NULL, '0', 1, '0'), ('B82', '0', 'Unspecified intestinal parasitism', '0', 'AB', '0', 0, '0', 1, '0', 1, '0', 1, '0', NULL, '0', NULL, '0', NULL, '0', NULL, '0', 1, '0'), ('B83', '0', 'Other helminthiases', '0', 'AB', '0', 0, '0', 1, '0', 1, '0', 1, '0', NULL, '0', NULL, '0', NULL, '0', NULL, '0', 1, '0'), ('B85', '0', 'Pediculosis and phthiriasis', '0', 'AB', '0', 0, '0', 1, '0', 1, '0', 1, '0', NULL, '0', NULL, '0', NULL, '0', NULL, '0', 1, '0'), ('B86', '0', 'Scabies', '0', 'AB', '0', 0, '0', 1, '0', 1, '0', 1, '0', NULL, '0', NULL, '0', NULL, '0', NULL, '0', 1, '0'), ('B99', '0', 'Other and unspecified infectious diseases', '0', 'AB', '0', 0, '0', 1, '0', 1, '0', 1, '0', NULL, '0', NULL, '0', NULL, '0', NULL, '0', 1, '0'), ('C14', '0', 'Malignant neoplasm of other and ill-defined sites in the lip, oral cavity and pharynx', '0', 'CD', '0', 0, '0', 1, '0', 1, '0', 1, '0', NULL, '0', NULL, '0', NULL, '0', NULL, '0', 1, '0'), ('C16', '0', 'Malignant neoplasm of stomach', '0', 'CD', '0', 0, '0', 1, '0', 1, '0', 1, '0', NULL, '0', NULL, '0', NULL, '0', NULL, '0', 1, '0'), ('C17', '0', 'Malignant neoplasm of small intestine', '0', 'CD', '0', 0, '0', 1, '0', 1, '0', 1, '0', NULL, '0', NULL, '0', NULL, '0', NULL, '0', 1, '0'), ('C18', '0', 'Malignant neoplasm of colon', '0', 'CD', '0', 0, '0', 1, '0', 1, '0', 1, '0', NULL, '0', NULL, '0', NULL, '0', NULL, '0', 1, '0'), ('C23', '0', 'Malignant neoplasm of gallbladder', '0', 'CD', '0', 0, '0', 1, '0', 1, '0', 1, '0', NULL, '0', NULL, '0', NULL, '0', NULL, '0', 1, '0'), ('C26', '0', 'Malignant neoplasm of other and ill-defined digestive organs', '0', 'CD', '0', 0, '0', 1, '0', 1, '0', 1, '0', NULL, '0', NULL, '0', NULL, '0', NULL, '0', 1, '0'), ('C43', '0', 'Malignant melanoma of skin', '0', 'CD', '0', 0, '0', 1, '0', 1, '0', 1, '0', NULL, '0', NULL, '0', NULL, '0', NULL, '0', 1, '0'), ('C44', '0', 'Other malignant neoplasms of skin', '0', 'CD', '0', 0, '0', 1, '0', 1, '0', 1, '0', NULL, '0', NULL, '0', NULL, '0', NULL, '0', 1, '0'), ('C50', '0', 'Malignant neoplasm of breast', '0', 'CD', '0', 0, '0', 1, '0', 1, '0', 1, '0', NULL, '0', NULL, '0', NULL, '0', NULL, '0', 1, '0'), ('C53', '0', 'Malignant neoplasm of cervix uteri', '0', 'CD', '0', 0, '0', 1, '0', 1, '0', 1, '0', NULL, '0', NULL, '0', NULL, '0', NULL, '0', 1, '0'), ('C54', '0', 'Malignant neoplasm of corpus uteri', '0', 'CD', '0', 0, '0', 1, '0', 1, '0', 1, '0', NULL, '0', NULL, '0', NULL, '0', NULL, '0', 1, '0'), ('C56', '0', 'Malignant neoplasm of ovary', '0', 'CD', '0', 0, '0', 1, '0', 1, '0', 1, '0', NULL, '0', NULL, '0', NULL, '0', NULL, '0', 1, '0'), ('C62', '0', 'Malignant neoplasm of testis', '0', 'CD', '0', 0, '0', 1, '0', 1, '0', 1, '0', NULL, '0', NULL, '0', NULL, '0', NULL, '0', 1, '0'), ('C63', '0', 'Malignant neoplasm of other and unspecified male genital organs', '0', 'CD', '0', 0, '0', 1, '0', 1, '0', 1, '0', NULL, '0', NULL, '0', NULL, '0', NULL, '0', 1, '0'), ('C64', '0', 'Malignant neoplasm of kidney, except renal pelvis', '0', 'CD', '0', 0, '0', 1, '0', 1, '0', 1, '0', NULL, '0', NULL, '0', NULL, '0', NULL, '0', 1, '0'), ('C66', '0', 'Malignant neoplasm of ureter', '0', 'CD', '0', 0, '0', 1, '0', 1, '0', 1, '0', NULL, '0', NULL, '0', NULL, '0', NULL, '0', 1, '0'), ('C73', '0', 'Malignant neoplasm of thyroid gland', '0', 'CD', '0', 0, '0', 1, '0', 1, '0', 1, '0', NULL, '0', NULL, '0', NULL, '0', NULL, '0', 1, '0'), ('C80', '0', 'Malignant neoplasm, without specification of site', '0', 'CD', '0', 0, '0', 1, '0', 1, '0', 1, '0', NULL, '0', NULL, '0', NULL, '0', NULL, '0', 1, '0'), ('D12', '0', 'Benign neoplasm of colon, rectum, anus and anal canal', '0', 'CD', '0', 0, '0', 1, '0', 1, '0', 1, '0', NULL, '0', NULL, '0', NULL, '0', NULL, '0', 1, '0'), ('D18', '0', 'Haemangioma and lymphangioma, any site', '0', 'CD', '0', 0, '0', 1, '0', 1, '0', 1, '0', NULL, '0', NULL, '0', NULL, '0', NULL, '0', 1, '0'), ('D22', '0', 'Melanocytic naevi', '0', 'CD', '0', 0, '0', 1, '0', 1, '0', 1, '0', NULL, '0', NULL, '0', NULL, '0', NULL, '0', 1, '0'), ('D23', '0', 'Other benign neoplasms of skin', '0', 'CD', '0', 0, '0', 1, '0', 1, '0', 1, '0', NULL, '0', NULL, '0', NULL, '0', NULL, '0', 1, '0'), ('D24', '0', 'Benign neoplasm of breast', '0', 'CD', '0', 0, '0', 1, '0', 1, '0', 1, '0', NULL, '0', NULL, '0', NULL, '0', NULL, '0', 1, '0'), ('D25', '0', 'Leiomyoma of uterus', '0', 'CD', '0', 0, '0', 1, '0', 1, '0', 1, '0', NULL, '0', NULL, '0', NULL, '0', NULL, '0', 1, '0'), ('D27', '0', 'Benign neoplasm of ovary', '0', 'CD', '0', 0, '0', 1, '0', 1, '0', 1, '0', NULL, '0', NULL, '0', NULL, '0', NULL, '0', 1, '0'), ('D29', '0', 'Benign neoplasm of male genital organs', '0', 'CD', '0', 0, '0', 1, '0', 1, '0', 1, '0', NULL, '0', NULL, '0', NULL, '0', NULL, '0', 1, '0'), ('D34', '0', 'Benign neoplasm of thyroid gland', '0', 'CD', '0', 0, '0', 1, '0', 1, '0', 1, '0', NULL, '0', NULL, '0', NULL, '0', NULL, '0', 1, '0'), ('D36', '0', 'Benign neoplasm of other and unspecified sites', '0', 'CD', '0', 0, '0', 1, '0', 1, '0', 1, '0', NULL, '0', NULL, '0', NULL, '0', NULL, '0', 1, '0'), ('D53', '0', 'Other nutritional anaemias', '0', 'D', '0', 0, '0', 1, '0', 1, '0', 1, '0', NULL, '0', NULL, '0', NULL, '0', NULL, '0', 1, '0'), ('D58', '0', 'Other hereditary haemolytic anaemias', '0', 'D', '0', 0, '0', 1, '0', 1, '0', 1, '0', NULL, '0', NULL, '0', NULL, '0', NULL, '0', 1, '0'), ('D62', '0', 'Acute posthaemorrhagic anaemia', '0', 'D', '0', 0, '0', 1, '0', 1, '0', 1, '0', NULL, '0', NULL, '0', NULL, '0', NULL, '0', 1, '0'), ('D63', '0', 'Anaemia in chronic diseases classified elsewhere', '0', 'D', '0', 0, '0', 1, '0', 1, '0', 1, '0', NULL, '0', NULL, '0', NULL, '0', NULL, '0', 1, '0'), ('D64', '0', 'Other anaemias', '0', 'D', '0', 0, '0', 1, '0', 1, '0', 1, '0', NULL, '0', NULL, '0', NULL, '0', NULL, '0', 1, '0'), ('D72', '0', 'Other disorders of white blood cells', '0', 'D', '0', 0, '0', 1, '0', 1, '0', 1, '0', NULL, '0', NULL, '0', NULL, '0', NULL, '0', 1, '0'), ('D73', '0', 'Diseases of spleen', '0', 'D', '0', 0, '0', 1, '0', 1, '0', 1, '0', NULL, '0', NULL, '0', NULL, '0', NULL, '0', 1, '0'), ('D75', '0', 'Other diseases of blood and blood-forming organs', '0', 'D', '0', 0, '0', 1, '0', 1, '0', 1, '0', NULL, '0', NULL, '0', NULL, '0', NULL, '0', 1, '0'), ('E00', '0', 'Congenital iodine-deficiency syndrome', '0', 'E', '0', 0, '0', 1, '0', 1, '0', 1, '0', NULL, '0', NULL, '0', NULL, '0', NULL, '0', 1, '0'), ('E03', '0', 'Other hypothyroidism', '0', 'E', '0', 0, '0', 1, '0', 1, '0', 1, '0', NULL, '0', NULL, '0', NULL, '0', NULL, '0', 1, '0'), ('E05', '0', 'Thyrotoxicosis [hyperthyroidism]', '0', 'E', '0', 0, '0', 1, '0', 1, '0', 1, '0', NULL, '0', NULL, '0', NULL, '0', NULL, '0', 1, '0'), ('E07', '0', 'Other disorders of thyroid', '0', 'E', '0', 0, '0', 1, '0', 1, '0', 1, '0', NULL, '0', NULL, '0', NULL, '0', NULL, '0', 1, '0'), ('E10', '0', 'Type 1 diabetes mellitus', '0', 'E', '0', 0, '0', 1, '0', 1, '0', 1, '0', NULL, '0', NULL, '0', NULL, '0', NULL, '0', 1, '0'), ('E11', '0', 'Type 2 diabetes mellitus', '0', 'E', '0', 0, '0', 1, '0', 1, '0', 1, '0', NULL, '0', NULL, '0', NULL, '0', NULL, '0', 1, '0'), ('E15', '0', 'Nondiabetic hypoglycaemic coma', '0', 'E', '0', 0, '0', 1, '0', 1, '0', 1, '0', NULL, '0', NULL, '0', NULL, '0', NULL, '0', 1, '0'), ('E27', '0', 'Other disorders of adrenal gland', '0', 'E', '0', 0, '0', 1, '0', 1, '0', 1, '0', NULL, '0', NULL, '0', NULL, '0', NULL, '0', 1, '0'), ('E43', '0', 'Unspecified severe protein-energy malnutrition', '0', 'E', '0', 0, '0', 1, '0', 1, '0', 1, '0', NULL, '0', NULL, '0', NULL, '0', NULL, '0', 1, '0'), ('E45', '0', 'Retarded development following protein-energy malnutrition', '0', 'E', '0', 0, '0', 1, '0', 1, '0', 1, '0', NULL, '0', NULL, '0', NULL, '0', NULL, '0', 1, '0'), ('E46', '0', 'Unspecified protein-energy malnutrition', '0', 'E', '0', 0, '0', 1, '0', 1, '0', 1, '0', NULL, '0', NULL, '0', NULL, '0', NULL, '0', 1, '0'), ('E63.9', '0', 'Nutritional deficiency, unspecified', '0', 'E', '0', 0, '0', 1, '0', 1, '0', 1, '0', NULL, '0', NULL, '0', NULL, '0', NULL, '0', 1, '0'), ('E68', '0', 'Sequelae of hyperalimentation', '0', 'E', '0', 0, '0', 1, '0', 1, '0', 1, '0', NULL, '0', NULL, '0', NULL, '0', NULL, '0', 1, '0'), ('E73', '0', 'Lactose intolerance', '0', 'E', '0', 0, '0', 1, '0', 1, '0', 1, '0', NULL, '0', NULL, '0', NULL, '0', NULL, '0', 1, '0'), ('E86', '0', 'Volume depletion', '0', 'E', '0', 0, '0', 1, '0', 1, '0', 1, '0', NULL, '0', NULL, '0', NULL, '0', NULL, '0', 1, '0'), ('F03', '0', 'Unspecified dementia', '0', 'F', '0', 0, '0', 1, '0', 1, '0', 1, '0', NULL, '0', NULL, '0', NULL, '0', NULL, '0', 1, '0'), ('F10', '0', 'Mental and behavioural disorders due to use of alcohol', '0', 'F', '0', 0, '0', 1, '0', 1, '0', 1, '0', NULL, '0', NULL, '0', NULL, '0', NULL, '0', 1, '0'), ('F19', '0', 'Mental and behavioural disorders due to multiple drug use and use of other psychoactive substances', '0', 'F', '0', 0, '0', 1, '0', 1, '0', 1, '0', NULL, '0', NULL, '0', NULL, '0', NULL, '0', 1, '0'), ('F20', '0', 'Schizophrenia', '0', 'F', '0', 0, '0', 1, '0', 1, '0', 1, '0', NULL, '0', NULL, '0', NULL, '0', NULL, '0', 1, '0'), ('F23', '0', 'Acute and transient psychotic disorders', '0', 'F', '0', 0, '0', 1, '0', 1, '0', 1, '0', NULL, '0', NULL, '0', NULL, '0', NULL, '0', 1, '0'), ('F39', '0', 'Unspecified mood [affective] disorder', '0', 'F', '0', 0, '0', 1, '0', 1, '0', 1, '0', NULL, '0', NULL, '0', NULL, '0', NULL, '0', 1, '0'), ('F41', '0', 'Other anxiety disorders', '0', 'F', '0', 0, '0', 1, '0', 1, '0', 1, '0', NULL, '0', NULL, '0', NULL, '0', NULL, '0', 1, '0'), ('F45', '0', 'Somatoform disorders', '0', 'F', '0', 0, '0', 1, '0', 1, '0', 1, '0', NULL, '0', NULL, '0', NULL, '0', NULL, '0', 1, '0'), ('F50', '0', 'Eating disorders', '0', 'F', '0', 0, '0', 1, '0', 1, '0', 1, '0', NULL, '0', NULL, '0', NULL, '0', NULL, '0', 1, '0'), ('F52', '0', 'Sexual dysfunction, not caused by organic disorder or disease', '0', 'F', '0', 0, '0', 1, '0', 1, '0', 1, '0', NULL, '0', NULL, '0', NULL, '0', NULL, '0', 1, '0'), ('F69', '0', 'Unspecified disorder of adult personality and behaviour', '0', 'F', '0', 0, '0', 1, '0', 1, '0', 1, '0', NULL, '0', NULL, '0', NULL, '0', NULL, '0', 1, '0'), ('F79', '0', 'Unspecified mental retardation', '0', 'F', '0', 0, '0', 1, '0', 1, '0', 1, '0', NULL, '0', NULL, '0', NULL, '0', NULL, '0', 1, '0'), ('F80', '0', 'Specific developmental disorders of speech and language', '0', 'F', '0', 0, '0', 1, '0', 1, '0', 1, '0', NULL, '0', NULL, '0', NULL, '0', NULL, '0', 1, '0'), ('F82', '0', 'Specific developmental disorder of motor function', '0', 'F', '0', 0, '0', 1, '0', 1, '0', 1, '0', NULL, '0', NULL, '0', NULL, '0', NULL, '0', 1, '0'), ('F90', '0', 'Hyperkinetic disorders', '0', 'F', '0', 0, '0', 1, '0', 1, '0', 1, '0', NULL, '0', NULL, '0', NULL, '0', NULL, '0', 1, '0'), ('F98', '0', 'Other behavioural and emotional disorders with onset usually occurring in childhood and adolescence', '0', 'F', '0', 0, '0', 1, '0', 1, '0', 1, '0', NULL, '0', NULL, '0', NULL, '0', NULL, '0', 1, '0'), ('G02', '0', 'Meningitis in other infectious and parasitic diseases classified elsewhere', '0', 'G', '0', 0, '0', 1, '0', 1, '0', 1, '0', NULL, '0', NULL, '0', NULL, '0', NULL, '0', 1, '0'), ('G03', '0', 'Meningitis due to other and unspecified causes', '0', 'G', '0', 0, '0', 1, '0', 1, '0', 1, '0', NULL, '0', NULL, '0', NULL, '0', NULL, '0', 1, '0'), ('G04', '0', 'Encephalitis, myelitis and encephalomyelitis', '0', 'G', '0', 0, '0', 1, '0', 1, '0', 1, '0', NULL, '0', NULL, '0', NULL, '0', NULL, '0', 1, '0'), ('G12', '0', 'Spinal muscular atrophy and related syndromes', '0', 'G', '0', 0, '0', 1, '0', 1, '0', 1, '0', NULL, '0', NULL, '0', NULL, '0', NULL, '0', 1, '0'), ('G14', '0', 'Postpolio syndrome', '0', 'G', '0', 0, '0', 1, '0', 1, '0', 1, '0', NULL, '0', NULL, '0', NULL, '0', NULL, '0', 1, '0'), ('G20', '0', 'Parkinson disease', '0', 'G', '0', 0, '0', 1, '0', 1, '0', 1, '0', NULL, '0', NULL, '0', NULL, '0', NULL, '0', 1, '0'), ('G30', '0', 'Alzheimer disease', '0', 'G', '0', 0, '0', 1, '0', 1, '0', 1, '0', NULL, '0', NULL, '0', NULL, '0', NULL, '0', 1, '0'), ('G40', '0', 'Epilepsy', '0', 'G', '0', 0, '0', 1, '0', 1, '0', 1, '0', NULL, '0', NULL, '0', NULL, '0', NULL, '0', 1, '0'), ('G41', '0', 'Status epilepticus', '0', 'G', '0', 0, '0', 1, '0', 1, '0', 1, '0', NULL, '0', NULL, '0', NULL, '0', NULL, '0', 1, '0'), ('G43', '0', 'Migraine', '0', 'G', '0', 0, '0', 1, '0', 1, '0', 1, '0', NULL, '0', NULL, '0', NULL, '0', NULL, '0', 1, '0'), ('G44', '0', 'Other headache syndromes', '0', 'G', '0', 0, '0', 1, '0', 1, '0', 1, '0', NULL, '0', NULL, '0', NULL, '0', NULL, '0', 1, '0'), ('G45', '0', 'Transient cerebral ischaemic attacks and related syndromes', '0', 'G', '0', 0, '0', 1, '0', 1, '0', 1, '0', NULL, '0', NULL, '0', NULL, '0', NULL, '0', 1, '0'), ('G46', '0', 'Vascular syndromes of brain in cerebrovascular diseases', '0', 'G', '0', 0, '0', 1, '0', 1, '0', 1, '0', NULL, '0', NULL, '0', NULL, '0', NULL, '0', 1, '0'), ('G47', '0', 'Sleep disorders', '0', 'G', '0', 0, '0', 1, '0', 1, '0', 1, '0', NULL, '0', NULL, '0', NULL, '0', NULL, '0', 1, '0'), ('G53', '0', 'Cranial nerve disorders in diseases classified elsewhere', '0', 'G', '0', 0, '0', 1, '0', 1, '0', 1, '0', NULL, '0', NULL, '0', NULL, '0', NULL, '0', 1, '0'), ('G54', '0', 'Nerve root and plexus disorders', '0', 'G', '0', 0, '0', 1, '0', 1, '0', 1, '0', NULL, '0', NULL, '0', NULL, '0', NULL, '0', 1, '0'), ('G60', '0', 'Hereditary and idiopathic neuropathy', '0', 'G', '0', 0, '0', 1, '0', 1, '0', 1, '0', NULL, '0', NULL, '0', NULL, '0', NULL, '0', 1, '0'), ('G63', '0', 'Polyneuropathy in diseases classified elsewhere', '0', 'G', '0', 0, '0', 1, '0', 1, '0', 1, '0', NULL, '0', NULL, '0', NULL, '0', NULL, '0', 1, '0'), ('G71', '0', 'Primary disorders of muscles', '0', 'G', '0', 0, '0', 1, '0', 1, '0', 1, '0', NULL, '0', NULL, '0', NULL, '0', NULL, '0', 1, '0'), ('G80', '0', 'Cerebral palsy', '0', 'G', '0', 0, '0', 1, '0', 1, '0', 1, '0', NULL, '0', NULL, '0', NULL, '0', NULL, '0', 1, '0'), ('G91', '0', 'Hydrocephalus', '0', 'G', '0', 0, '0', 1, '0', 1, '0', 1, '0', NULL, '0', NULL, '0', NULL, '0', NULL, '0', 1, '0'), ('G92', '0', 'Toxic encephalopathy', '0', 'G', '0', 0, '0', 1, '0', 1, '0', 1, '0', NULL, '0', NULL, '0', NULL, '0', NULL, '0', 1, '0'), ('H00', '0', 'Hordeolum and chalazion', '0', 'H1', '0', 0, '0', 1, '0', 1, '0', 1, '0', NULL, '0', NULL, '0', NULL, '0', NULL, '0', 1, '0'), ('H10', '0', 'Conjunctivitis', '0', 'H1', '0', 0, '0', 1, '0', 1, '0', 1, '0', NULL, '0', NULL, '0', NULL, '0', NULL, '0', 1, '0'), ('H17', '0', 'Corneal scars and opacities', '0', 'H1', '0', 0, '0', 1, '0', 1, '0', 1, '0', NULL, '0', NULL, '0', NULL, '0', NULL, '0', 1, '0'), ('H25', '0', 'Senile cataract', '0', 'H1', '0', 0, '0', 1, '0', 1, '0', 1, '0', NULL, '0', NULL, '0', NULL, '0', NULL, '0', 1, '0'), ('H40', '0', 'Glaucoma', '0', 'H1', '0', 0, '0', 1, '0', 1, '0', 1, '0', NULL, '0', NULL, '0', NULL, '0', NULL, '0', 1, '0'), ('H50', '0', 'Other strabismus', '0', 'H1', '0', 0, '0', 1, '0', 1, '0', 1, '0', NULL, '0', NULL, '0', NULL, '0', NULL, '0', 1, '0'), ('H53', '0', 'Visual disturbances', '0', 'H1', '0', 0, '0', 1, '0', 1, '0', 1, '0', NULL, '0', NULL, '0', NULL, '0', NULL, '0', 1, '0'), ('H54', '0', 'Visual impairment including blindness (binocular or monocular)', '0', 'H1', '0', 0, '0', 1, '0', 1, '0', 1, '0', NULL, '0', NULL, '0', NULL, '0', NULL, '0', 1, '0'), ('H57', '0', 'Other disorders of eye and adnexa', '0', 'H1', '0', 0, '0', 1, '0', 1, '0', 1, '0', NULL, '0', NULL, '0', NULL, '0', NULL, '0', 1, '0'), ('H60', '0', 'Otitis externa', '0', 'H2', '0', 0, '0', 1, '0', 1, '0', 1, '0', NULL, '0', NULL, '0', NULL, '0', NULL, '0', 1, '0'), ('H72', '0', 'Perforation of tympanic membrane', '0', 'H2', '0', 0, '0', 1, '0', 1, '0', 1, '0', NULL, '0', NULL, '0', NULL, '0', NULL, '0', 1, '0'), ('H74', '0', 'Other disorders of middle ear and mastoid', '0', 'H2', '0', 0, '0', 1, '0', 1, '0', 1, '0', NULL, '0', NULL, '0', NULL, '0', NULL, '0', 1, '0'), ('H81', '0', 'Disorders of vestibular function', '0', 'H2', '0', 0, '0', 1, '0', 1, '0', 1, '0', NULL, '0', NULL, '0', NULL, '0', NULL, '0', 1, '0'), ('H90', '0', 'Conductive and sensorineural hearing loss', '0', 'H2', '0', 0, '0', 1, '0', 1, '0', 1, '0', NULL, '0', NULL, '0', NULL, '0', NULL, '0', 1, '0'), ('H93', '0', 'Other disorders of ear, not elsewhere classified', '0', 'H2', '0', 0, '0', 1, '0', 1, '0', 1, '0', NULL, '0', NULL, '0', NULL, '0', NULL, '0', 1, '0'), ('I00', '0', 'Rheumatic fever without mention of heart involvement', '0', 'I', '0', 0, '0', 1, '0', 1, '0', 1, '0', NULL, '0', NULL, '0', NULL, '0', NULL, '0', 1, '0'), ('I10', '0', 'Essential (primary) hypertension', '0', 'I', '0', 0, '0', 1, '0', 1, '0', 1, '0', NULL, '0', NULL, '0', NULL, '0', NULL, '0', 1, '0'), ('I11', '0', 'Hypertensive heart disease', '0', 'I', '0', 0, '0', 1, '0', 1, '0', 1, '0', NULL, '0', NULL, '0', NULL, '0', NULL, '0', 1, '0'), ('I12', '0', 'Hypertensive renal disease', '0', 'I', '0', 0, '0', 1, '0', 1, '0', 1, '0', NULL, '0', NULL, '0', NULL, '0', NULL, '0', 1, '0'), ('I15', '0', 'Secondary hypertension', '0', 'I', '0', 0, '0', 1, '0', 1, '0', 1, '0', NULL, '0', NULL, '0', NULL, '0', NULL, '0', 1, '0'), ('I20', '0', 'Angina pectoris', '0', 'I', '0', 0, '0', 1, '0', 1, '0', 1, '0', NULL, '0', NULL, '0', NULL, '0', NULL, '0', 1, '0'), ('I21', '0', 'Acute myocardial infarction', '0', 'I', '0', 0, '0', 1, '0', 1, '0', 1, '0', NULL, '0', NULL, '0', NULL, '0', NULL, '0', 1, '0'), ('I22', '0', 'Subsequent myocardial infarction', '0', 'I', '0', 0, '0', 1, '0', 1, '0', 1, '0', NULL, '0', NULL, '0', NULL, '0', NULL, '0', 1, '0'), ('I26', '0', 'Pulmonary embolism', '0', 'I', '0', 0, '0', 1, '0', 1, '0', 1, '0', NULL, '0', NULL, '0', NULL, '0', NULL, '0', 1, '0'), ('I27', '0', 'Other pulmonary heart diseases', '0', 'I', '0', 0, '0', 1, '0', 1, '0', 1, '0', NULL, '0', NULL, '0', NULL, '0', NULL, '0', 1, '0'), ('I42', '0', 'Cardiomiopatia', '0', 'I', '0', 0, '0', 1, '0', 1, '0', 1, '0', NULL, '0', NULL, '0', NULL, '0', NULL, '0', 1, '0'), ('I46', '0', 'Cardiac arrest', '0', 'I', '0', 0, '0', 1, '0', 1, '0', 1, '0', NULL, '0', NULL, '0', NULL, '0', NULL, '0', 1, '0'), ('I47', '0', 'Paroxysmal tachycardia', '0', 'I', '0', 0, '0', 1, '0', 1, '0', 1, '0', NULL, '0', NULL, '0', NULL, '0', NULL, '0', 1, '0'), ('I49', '0', 'Other cardiac arrhythmias', '0', 'I', '0', 0, '0', 1, '0', 1, '0', 1, '0', NULL, '0', NULL, '0', NULL, '0', NULL, '0', 1, '0'), ('I50', '0', 'Heart failure', '0', 'I', '0', 0, '0', 1, '0', 1, '0', 1, '0', NULL, '0', NULL, '0', NULL, '0', NULL, '0', 1, '0'), ('I63', '0', 'Cerebral infarction', '0', 'I', '0', 0, '0', 1, '0', 1, '0', 1, '0', NULL, '0', NULL, '0', NULL, '0', NULL, '0', 1, '0'), ('I72', '0', 'Other aneurysm and dissection', '0', 'I', '0', 0, '0', 1, '0', 1, '0', 1, '0', NULL, '0', NULL, '0', NULL, '0', NULL, '0', 1, '0'), ('I80', '0', 'Phlebitis and thrombophlebitis', '0', 'I', '0', 0, '0', 1, '0', 1, '0', 1, '0', NULL, '0', NULL, '0', NULL, '0', NULL, '0', 1, '0'), ('I82', '0', 'Other venous embolism and thrombosis', '0', 'I', '0', 0, '0', 1, '0', 1, '0', 1, '0', NULL, '0', NULL, '0', NULL, '0', NULL, '0', 1, '0'), ('I83', '0', 'Varicose veins of lower extremities', '0', 'I', '0', 0, '0', 1, '0', 1, '0', 1, '0', NULL, '0', NULL, '0', NULL, '0', NULL, '0', 1, '0'), ('I85', '0', 'Oesophageal varices', '0', 'I', '0', 0, '0', 1, '0', 1, '0', 1, '0', NULL, '0', NULL, '0', NULL, '0', NULL, '0', 1, '0'), ('I88', '0', 'Nonspecific lymphadenitis', '0', 'I', '0', 0, '0', 1, '0', 1, '0', 1, '0', NULL, '0', NULL, '0', NULL, '0', NULL, '0', 1, '0'), ('I95', '0', 'Hypotension', '0', 'I', '0', 0, '0', 1, '0', 1, '0', 1, '0', NULL, '0', NULL, '0', NULL, '0', NULL, '0', 1, '0'), ('J00', '0', 'Acute nasopharyngitis [common cold]', '0', 'J', '0', 0, '0', 1, '0', 1, '0', 1, '0', NULL, '0', NULL, '0', NULL, '0', NULL, '0', 1, '0'), ('J01', '0', 'Acute sinusitis', '0', 'J', '0', 0, '0', 1, '0', 1, '0', 1, '0', NULL, '0', NULL, '0', NULL, '0', NULL, '0', 1, '0'), ('J02', '0', 'Acute pharyngitis', '0', 'J', '0', 0, '0', 1, '0', 1, '0', 1, '0', NULL, '0', NULL, '0', NULL, '0', NULL, '0', 1, '0'), ('J03', '0', 'Acute tonsillitis', '0', 'J', '0', 0, '0', 1, '0', 1, '0', 1, '0', NULL, '0', NULL, '0', NULL, '0', NULL, '0', 1, '0'), ('J04', '0', 'Acute laryngitis and tracheitis', '0', 'J', '0', 0, '0', 1, '0', 1, '0', 1, '0', NULL, '0', NULL, '0', NULL, '0', NULL, '0', 1, '0'), ('J10.0', '0', 'Influenza with pneumonia, seasonal influenza virus identified', '0', 'J', '0', 0, '0', 1, '0', 1, '0', 1, '0', NULL, '0', NULL, '0', NULL, '0', NULL, '0', 1, '0'), ('J11', '0', 'Influenza, virus not identified', '0', 'J', '0', 0, '0', 1, '0', 1, '0', 1, '0', NULL, '0', NULL, '0', NULL, '0', NULL, '0', 1, '0'), ('J12', '0', 'Viral pneumonia, not elsewhere classified', '0', 'J', '0', 0, '0', 1, '0', 1, '0', 1, '0', NULL, '0', NULL, '0', NULL, '0', NULL, '0', 1, '0'), ('J15', '0', 'Bacterial pneumonia, not elsewhere classified', '0', 'J', '0', 0, '0', 1, '0', 1, '0', 1, '0', NULL, '0', NULL, '0', NULL, '0', NULL, '0', 1, '0'), ('J16', '0', 'Pneumonia due to other infectious organisms, not elsewhere classified', '0', 'J', '0', 0, '0', 1, '0', 1, '0', 1, '0', NULL, '0', NULL, '0', NULL, '0', NULL, '0', 1, '0'), ('J20', '0', 'Acute bronchitis', '0', 'J', '0', 0, '0', 1, '0', 1, '0', 1, '0', NULL, '0', NULL, '0', NULL, '0', NULL, '0', 1, '0'), ('J21', '0', 'Acute bronchiolitis', '0', 'J', '0', 0, '0', 1, '0', 1, '0', 1, '0', NULL, '0', NULL, '0', NULL, '0', NULL, '0', 1, '0'), ('J30', '0', 'Vasomotor and allergic rhinitis', '0', 'J', '0', 0, '0', 1, '0', 1, '0', 1, '0', NULL, '0', NULL, '0', NULL, '0', NULL, '0', 1, '0'), ('J31', '0', 'Chronic rhinitis, nasopharyngitis and pharyngitis', '0', 'J', '0', 0, '0', 1, '0', 1, '0', 1, '0', NULL, '0', NULL, '0', NULL, '0', NULL, '0', 1, '0'), ('J32', '0', 'Chronic sinusitis', '0', 'J', '0', 0, '0', 1, '0', 1, '0', 1, '0', NULL, '0', NULL, '0', NULL, '0', NULL, '0', 1, '0'), ('J36', '0', 'Peritonsillar abscess', '0', 'J', '0', 0, '0', 1, '0', 1, '0', 1, '0', NULL, '0', NULL, '0', NULL, '0', NULL, '0', 1, '0'), ('J39', '0', 'Other diseases of upper respiratory tract', '0', 'J', '0', 0, '0', 1, '0', 1, '0', 1, '0', NULL, '0', NULL, '0', NULL, '0', NULL, '0', 1, '0'), ('J43', '0', 'Emphysema', '0', 'J', '0', 0, '0', 1, '0', 1, '0', 1, '0', NULL, '0', NULL, '0', NULL, '0', NULL, '0', 1, '0'), ('J45', '0', 'Asthma', '0', 'J', '0', 0, '0', 1, '0', 1, '0', 1, '0', NULL, '0', NULL, '0', NULL, '0', NULL, '0', 1, '0'), ('J80', '0', 'Adult respiratory distress syndrome', '0', 'J', '0', 0, '0', 1, '0', 1, '0', 1, '0', NULL, '0', NULL, '0', NULL, '0', NULL, '0', 1, '0'), ('J81', '0', 'Pulmonary oedema', '0', 'J', '0', 0, '0', 1, '0', 1, '0', 1, '0', NULL, '0', NULL, '0', NULL, '0', NULL, '0', 1, '0'), ('J86', '0', 'Pyothorax', '0', 'J', '0', 0, '0', 1, '0', 1, '0', 1, '0', NULL, '0', NULL, '0', NULL, '0', NULL, '0', 1, '0'), ('J90', '0', 'Pleural effusion, not elsewhere classified', '0', 'J', '0', 0, '0', 1, '0', 1, '0', 1, '0', NULL, '0', NULL, '0', NULL, '0', NULL, '0', 1, '0'), ('J93', '0', 'Pneumothorax', '0', 'J', '0', 0, '0', 1, '0', 1, '0', 1, '0', NULL, '0', NULL, '0', NULL, '0', NULL, '0', 1, '0'), ('J94', '0', 'Other pleural conditions', '0', 'J', '0', 0, '0', 1, '0', 1, '0', 1, '0', NULL, '0', NULL, '0', NULL, '0', NULL, '0', 1, '0'), ('J96', '0', 'Respiratory failure, not elsewhere classified', '0', 'J', '0', 0, '0', 1, '0', 1, '0', 1, '0', NULL, '0', NULL, '0', NULL, '0', NULL, '0', 1, '0'), ('J98', '0', 'Other respiratory disorders', '0', 'J', '0', 0, '0', 1, '0', 1, '0', 1, '0', NULL, '0', NULL, '0', NULL, '0', NULL, '0', 1, '0'), ('K01', '0', 'Embedded and impacted teeth', '0', 'K', '0', 0, '0', 1, '0', 1, '0', 1, '0', NULL, '0', NULL, '0', NULL, '0', NULL, '0', 1, '0'), ('K02', '0', 'Dental caries', '0', 'K', '0', 0, '0', 1, '0', 1, '0', 1, '0', NULL, '0', NULL, '0', NULL, '0', NULL, '0', 1, '0'), ('K04', '0', 'Diseases of pulp and periapical tissues', '0', 'K', '0', 0, '0', 1, '0', 1, '0', 1, '0', NULL, '0', NULL, '0', NULL, '0', NULL, '0', 1, '0'), ('K05', '0', 'Gingivitis and periodontal diseases', '0', 'K', '0', 0, '0', 1, '0', 1, '0', 1, '0', NULL, '0', NULL, '0', NULL, '0', NULL, '0', 1, '0'), ('K11', '0', 'Diseases of salivary glands', '0', 'K', '0', 0, '0', 1, '0', 1, '0', 1, '0', NULL, '0', NULL, '0', NULL, '0', NULL, '0', 1, '0'), ('K12', '0', 'Stomatitis and related lesions', '0', 'K', '0', 0, '0', 1, '0', 1, '0', 1, '0', NULL, '0', NULL, '0', NULL, '0', NULL, '0', 1, '0'), ('K13', '0', 'Other diseases of lip and oral mucosa', '0', 'K', '0', 0, '0', 1, '0', 1, '0', 1, '0', NULL, '0', NULL, '0', NULL, '0', NULL, '0', 1, '0'), ('K14', '0', 'Diseases of tongue', '0', 'K', '0', 0, '0', 1, '0', 1, '0', 1, '0', NULL, '0', NULL, '0', NULL, '0', NULL, '0', 1, '0'), ('K25', '0', 'Gastric ulcer', '0', 'K', '0', 0, '0', 1, '0', 1, '0', 1, '0', NULL, '0', NULL, '0', NULL, '0', NULL, '0', 1, '0'), ('K26', '0', 'Duodenal ulcer', '0', 'K', '0', 0, '0', 1, '0', 1, '0', 1, '0', NULL, '0', NULL, '0', NULL, '0', NULL, '0', 1, '0'), ('K29', '0', 'Gastritis and duodenitis', '0', 'K', '0', 0, '0', 1, '0', 1, '0', 1, '0', NULL, '0', NULL, '0', NULL, '0', NULL, '0', 1, '0'), ('K35', '0', 'Acute appendicitis', '0', 'K', '0', 0, '0', 1, '0', 1, '0', 1, '0', NULL, '0', NULL, '0', NULL, '0', NULL, '0', 1, '0'), ('K40', '0', 'Inguinal hernia', '0', 'K', '0', 0, '0', 1, '0', 1, '0', 1, '0', NULL, '0', NULL, '0', NULL, '0', NULL, '0', 1, '0'), ('K42', '0', 'Umbilical hernia', '0', 'K', '0', 0, '0', 1, '0', 1, '0', 1, '0', NULL, '0', NULL, '0', NULL, '0', NULL, '0', 1, '0'), ('K43', '0', 'Ventral hernia', '0', 'K', '0', 0, '0', 1, '0', 1, '0', 1, '0', NULL, '0', NULL, '0', NULL, '0', NULL, '0', 1, '0'), ('K45', '0', 'Other abdominal hernia', '0', 'K', '0', 0, '0', 1, '0', 1, '0', 1, '0', NULL, '0', NULL, '0', NULL, '0', NULL, '0', 1, '0'), ('K51', '0', 'Ulcerative colitis', '0', 'K', '0', 0, '0', 1, '0', 1, '0', 1, '0', NULL, '0', NULL, '0', NULL, '0', NULL, '0', 1, '0'), ('K56', '0', 'Paralytic ileus and intestinal obstruction without hernia', '0', 'K', '0', 0, '0', 1, '0', 1, '0', 1, '0', NULL, '0', NULL, '0', NULL, '0', NULL, '0', 1, '0'), ('K57', '0', 'Diverticular disease of intestine', '0', 'K', '0', 0, '0', 1, '0', 1, '0', 1, '0', NULL, '0', NULL, '0', NULL, '0', NULL, '0', 1, '0'), ('K59', '0', 'Other functional intestinal disorders', '0', 'K', '0', 0, '0', 1, '0', 1, '0', 1, '0', NULL, '0', NULL, '0', NULL, '0', NULL, '0', 1, '0'), ('K60', '0', 'Fissure and fistula of anal and rectal regions', '0', 'K', '0', 0, '0', 1, '0', 1, '0', 1, '0', NULL, '0', NULL, '0', NULL, '0', NULL, '0', 1, '0'), ('K61', '0', 'Abscess of anal and rectal regions', '0', 'K', '0', 0, '0', 1, '0', 1, '0', 1, '0', NULL, '0', NULL, '0', NULL, '0', NULL, '0', 1, '0'), ('K64', '0', 'Haemorrhoids and perianal venous thrombosis', '0', 'K', '0', 0, '0', 1, '0', 1, '0', 1, '0', NULL, '0', NULL, '0', NULL, '0', NULL, '0', 1, '0'), ('K65', '0', 'Peritonitis', '0', 'K', '0', 0, '0', 1, '0', 1, '0', 1, '0', NULL, '0', NULL, '0', NULL, '0', NULL, '0', 1, '0'), ('K74', '0', 'Fibrosis and cirrhosis of liver', '0', 'K', '0', 0, '0', 1, '0', 1, '0', 1, '0', NULL, '0', NULL, '0', NULL, '0', NULL, '0', 1, '0'), ('K75', '0', 'Other inflammatory liver diseases', '0', 'K', '0', 0, '0', 1, '0', 1, '0', 1, '0', NULL, '0', NULL, '0', NULL, '0', NULL, '0', 1, '0'), ('K80', '0', 'Cholelithiasis', '0', 'K', '0', 0, '0', 1, '0', 1, '0', 1, '0', NULL, '0', NULL, '0', NULL, '0', NULL, '0', 1, '0'), ('K81', '0', 'Cholecystitis', '0', 'K', '0', 0, '0', 1, '0', 1, '0', 1, '0', NULL, '0', NULL, '0', NULL, '0', NULL, '0', 1, '0'), ('K90', '0', 'Intestinal malabsorption', '0', 'K', '0', 0, '0', 1, '0', 1, '0', 1, '0', NULL, '0', NULL, '0', NULL, '0', NULL, '0', 1, '0'), ('K92', '0', 'Other diseases of digestive system', '0', 'K', '0', 0, '0', 1, '0', 1, '0', 1, '0', NULL, '0', NULL, '0', NULL, '0', NULL, '0', 1, '0'), ('L02', '0', 'Cutaneous abscess, furuncle and carbuncle', '0', 'L', '0', 0, '0', 1, '0', 1, '0', 1, '0', NULL, '0', NULL, '0', NULL, '0', NULL, '0', 1, '0'), ('L10', '0', 'Pemphigus', '0', 'L', '0', 0, '0', 1, '0', 1, '0', 1, '0', NULL, '0', NULL, '0', NULL, '0', NULL, '0', 1, '0'), ('L13', '0', 'Other bullous disorders', '0', 'L', '0', 0, '0', 1, '0', 1, '0', 1, '0', NULL, '0', NULL, '0', NULL, '0', NULL, '0', 1, '0'), ('L21', '0', 'Seborrhoeic dermatitis', '0', 'L', '0', 0, '0', 1, '0', 1, '0', 1, '0', NULL, '0', NULL, '0', NULL, '0', NULL, '0', 1, '0'), ('L22', '0', 'Diaper [napkin] dermatitis', '0', 'L', '0', 0, '0', 1, '0', 1, '0', 1, '0', NULL, '0', NULL, '0', NULL, '0', NULL, '0', 1, '0'), ('L23', '0', 'Allergic contact dermatitis', '0', 'L', '0', 0, '0', 1, '0', 1, '0', 1, '0', NULL, '0', NULL, '0', NULL, '0', NULL, '0', 1, '0'), ('L26', '0', 'Exfoliative dermatitis', '0', 'L', '0', 0, '0', 1, '0', 1, '0', 1, '0', NULL, '0', NULL, '0', NULL, '0', NULL, '0', 1, '0'), ('L30', '0', 'Other dermatitis', '0', 'L', '0', 0, '0', 1, '0', 1, '0', 1, '0', NULL, '0', NULL, '0', NULL, '0', NULL, '0', 1, '0'), ('L44', '0', 'Other papulosquamous disorders', '0', 'L', '0', 0, '0', 1, '0', 1, '0', 1, '0', NULL, '0', NULL, '0', NULL, '0', NULL, '0', 1, '0'), ('L50', '0', 'Urticaria', '0', 'L', '0', 0, '0', 1, '0', 1, '0', 1, '0', NULL, '0', NULL, '0', NULL, '0', NULL, '0', 1, '0'), ('L53', '0', 'Other erythematous conditions', '0', 'L', '0', 0, '0', 1, '0', 1, '0', 1, '0', NULL, '0', NULL, '0', NULL, '0', NULL, '0', 1, '0'), ('L63', '0', 'Alopecia areata', '0', 'L', '0', 0, '0', 1, '0', 1, '0', 1, '0', NULL, '0', NULL, '0', NULL, '0', NULL, '0', 1, '0'), ('L70', '0', 'Acne', '0', 'L', '0', 0, '0', 1, '0', 1, '0', 1, '0', NULL, '0', NULL, '0', NULL, '0', NULL, '0', 1, '0'), ('L72', '0', 'Follicular cysts of skin and subcutaneous tissue', '0', 'L', '0', 0, '0', 1, '0', 1, '0', 1, '0', NULL, '0', NULL, '0', NULL, '0', NULL, '0', 1, '0'), ('L80', '0', 'Vitiligo', '0', 'L', '0', 0, '0', 1, '0', 1, '0', 1, '0', NULL, '0', NULL, '0', NULL, '0', NULL, '0', 1, '0'), ('L82', '0', 'Seborrhoeic keratosis', '0', 'L', '0', 0, '0', 1, '0', 1, '0', 1, '0', NULL, '0', NULL, '0', NULL, '0', NULL, '0', 1, '0'), ('L89', '0', 'Decubitus ulcer and pressure area', '0', 'L', '0', 0, '0', 1, '0', 1, '0', 1, '0', NULL, '0', NULL, '0', NULL, '0', NULL, '0', 1, '0'), ('L91', '0', 'Hypertrophic disorders of skin', '0', 'L', '0', 0, '0', 1, '0', 1, '0', 1, '0', NULL, '0', NULL, '0', NULL, '0', NULL, '0', 1, '0'), ('L93', '0', 'Lupus erythematosus', '0', 'L', '0', 0, '0', 1, '0', 1, '0', 1, '0', NULL, '0', NULL, '0', NULL, '0', NULL, '0', 1, '0'), ('L97', '0', 'Ulcer of lower limb, not elsewhere classified', '0', 'L', '0', 0, '0', 1, '0', 1, '0', 1, '0', NULL, '0', NULL, '0', NULL, '0', NULL, '0', 1, '0'), ('M00', '0', 'Pyogenic arthritis', '0', 'M', '0', 0, '0', 1, '0', 1, '0', 1, '0', NULL, '0', NULL, '0', NULL, '0', NULL, '0', 1, '0'), ('M06', '0', 'Other rheumatoid arthritis', '0', 'M', '0', 0, '0', 1, '0', 1, '0', 1, '0', NULL, '0', NULL, '0', NULL, '0', NULL, '0', 1, '0'), ('M08', '0', 'Juvenile arthritis', '0', 'M', '0', 0, '0', 1, '0', 1, '0', 1, '0', NULL, '0', NULL, '0', NULL, '0', NULL, '0', 1, '0'), ('M10', '0', 'Gout', '0', 'M', '0', 0, '0', 1, '0', 1, '0', 1, '0', NULL, '0', NULL, '0', NULL, '0', NULL, '0', 1, '0'), ('M13', '0', 'Other arthritis', '0', 'M', '0', 0, '0', 1, '0', 1, '0', 1, '0', NULL, '0', NULL, '0', NULL, '0', NULL, '0', 1, '0'), ('M15', '0', 'Polyarthrosis', '0', 'M', '0', 0, '0', 1, '0', 1, '0', 1, '0', NULL, '0', NULL, '0', NULL, '0', NULL, '0', 1, '0'), ('M16', '0', 'Coxarthrosis [arthrosis of hip]', '0', 'M', '0', 0, '0', 1, '0', 1, '0', 1, '0', NULL, '0', NULL, '0', NULL, '0', NULL, '0', 1, '0'), ('M17', '0', 'Gonarthrosis [arthrosis of knee]', '0', 'M', '0', 0, '0', 1, '0', 1, '0', 1, '0', NULL, '0', NULL, '0', NULL, '0', NULL, '0', 1, '0'), ('M19', '0', 'Other arthrosis', '0', 'M', '0', 0, '0', 1, '0', 1, '0', 1, '0', NULL, '0', NULL, '0', NULL, '0', NULL, '0', 1, '0'), ('M20', '0', 'Acquired deformities of fingers and toes', '0', 'M', '0', 0, '0', 1, '0', 1, '0', 1, '0', NULL, '0', NULL, '0', NULL, '0', NULL, '0', 1, '0'), ('M24', '0', 'Other specific joint derangements', '0', 'M', '0', 0, '0', 1, '0', 1, '0', 1, '0', NULL, '0', NULL, '0', NULL, '0', NULL, '0', 1, '0'), ('M41', '0', 'Scoliosis', '0', 'M', '0', 0, '0', 1, '0', 1, '0', 1, '0', NULL, '0', NULL, '0', NULL, '0', NULL, '0', 1, '0'), ('M45', '0', 'Ankylosing spondylitis', '0', 'M', '0', 0, '0', 1, '0', 1, '0', 1, '0', NULL, '0', NULL, '0', NULL, '0', NULL, '0', 1, '0'), ('M54', '0', 'Dorsalgia', '0', 'M', '0', 0, '0', 1, '0', 1, '0', 1, '0', NULL, '0', NULL, '0', NULL, '0', NULL, '0', 1, '0'), ('M60', '0', 'Myositis', '0', 'M', '0', 0, '0', 1, '0', 1, '0', 1, '0', NULL, '0', NULL, '0', NULL, '0', NULL, '0', 1, '0'), ('M70', '0', 'Soft tissue disorders related to use, overuse and pressure', '0', 'M', '0', 0, '0', 1, '0', 1, '0', 1, '0', NULL, '0', NULL, '0', NULL, '0', NULL, '0', 1, '0'), ('M75', '0', 'Shoulder lesions', '0', 'M', '0', 0, '0', 1, '0', 1, '0', 1, '0', NULL, '0', NULL, '0', NULL, '0', NULL, '0', 1, '0'), ('M86', '0', 'Osteomyelitis', '0', 'M', '0', 0, '0', 1, '0', 1, '0', 1, '0', NULL, '0', NULL, '0', NULL, '0', NULL, '0', 1, '0'), ('M89', '0', 'Other disorders of bone', '0', 'M', '0', 0, '0', 1, '0', 1, '0', 1, '0', NULL, '0', NULL, '0', NULL, '0', NULL, '0', 1, '0'), ('M95', '0', 'Other acquired deformities of musculoskeletal system and connective tissue', '0', 'M', '0', 0, '0', 1, '0', 1, '0', 1, '0', NULL, '0', NULL, '0', NULL, '0', NULL, '0', 1, '0'), ('N02', '0', 'Recurrent and persistent haematuria', '0', 'N', '0', 0, '0', 1, '0', 1, '0', 1, '0', NULL, '0', NULL, '0', NULL, '0', NULL, '0', 1, '0'), ('N04', '0', 'Nephrotic syndrome', '0', 'N', '0', 0, '0', 1, '0', 1, '0', 1, '0', NULL, '0', NULL, '0', NULL, '0', NULL, '0', 1, '0'), ('N13', '0', 'Obstructive and reflux uropathy', '0', 'N', '0', 0, '0', 1, '0', 1, '0', 1, '0', NULL, '0', NULL, '0', NULL, '0', NULL, '0', 1, '0'), ('N17', '0', 'Acute renal failure', '0', 'N', '0', 0, '0', 1, '0', 1, '0', 1, '0', NULL, '0', NULL, '0', NULL, '0', NULL, '0', 1, '0'), ('N18', '0', 'Chronic kidney disease', '0', 'N', '0', 0, '0', 1, '0', 1, '0', 1, '0', NULL, '0', NULL, '0', NULL, '0', NULL, '0', 1, '0'), ('N20', '0', 'Calculus of kidney and ureter', '0', 'N', '0', 0, '0', 1, '0', 1, '0', 1, '0', NULL, '0', NULL, '0', NULL, '0', NULL, '0', 1, '0'), ('N21', '0', 'Calculus of lower urinary tract', '0', 'N', '0', 0, '0', 1, '0', 1, '0', 1, '0', NULL, '0', NULL, '0', NULL, '0', NULL, '0', 1, '0'), ('N28', '0', 'Other disorders of kidney and ureter, not elsewhere classified', '0', 'N', '0', 0, '0', 1, '0', 1, '0', 1, '0', NULL, '0', NULL, '0', NULL, '0', NULL, '0', 1, '0'), ('N30', '0', 'Cystitis', '0', 'N', '0', 0, '0', 1, '0', 1, '0', 1, '0', NULL, '0', NULL, '0', NULL, '0', NULL, '0', 1, '0'), ('N31', '0', 'Neuromuscular dysfunction of bladder, not elsewhere classified', '0', 'N', '0', 0, '0', 1, '0', 1, '0', 1, '0', NULL, '0', NULL, '0', NULL, '0', NULL, '0', 1, '0'), ('N35', '0', 'Urethral stricture', '0', 'N', '0', 0, '0', 1, '0', 1, '0', 1, '0', NULL, '0', NULL, '0', NULL, '0', NULL, '0', 1, '0'), ('N36', '0', 'Other disorders of urethra', '0', 'N', '0', 0, '0', 1, '0', 1, '0', 1, '0', NULL, '0', NULL, '0', NULL, '0', NULL, '0', 1, '0'), ('N40', '0', 'Hyperplasia of prostate', '0', 'N', '0', 0, '0', 1, '0', 1, '0', 1, '0', NULL, '0', NULL, '0', NULL, '0', NULL, '0', 1, '0'), ('N41', '0', 'Inflammatory diseases of prostate', '0', 'N', '0', 0, '0', 1, '0', 1, '0', 1, '0', NULL, '0', NULL, '0', NULL, '0', NULL, '0', 1, '0'), ('N43', '0', 'Hydrocele and spermatocele', '0', 'N', '0', 0, '0', 1, '0', 1, '0', 1, '0', NULL, '0', NULL, '0', NULL, '0', NULL, '0', 1, '0'), ('N44', '0', 'Torsion of testis', '0', 'N', '0', 0, '0', 1, '0', 1, '0', 1, '0', NULL, '0', NULL, '0', NULL, '0', NULL, '0', 1, '0'), ('N45', '0', 'Orchitis and epididymitis', '0', 'N', '0', 0, '0', 1, '0', 1, '0', 1, '0', NULL, '0', NULL, '0', NULL, '0', NULL, '0', 1, '0'), ('N46', '0', 'Male infertility', '0', 'N', '0', 0, '0', 1, '0', 1, '0', 1, '0', NULL, '0', NULL, '0', NULL, '0', NULL, '0', 1, '0'), ('N47', '0', 'Redundant prepuce, phimosis and paraphimosis', '0', 'N', '0', 0, '0', 1, '0', 1, '0', 1, '0', NULL, '0', NULL, '0', NULL, '0', NULL, '0', 1, '0'), ('N49', '0', 'Inflammatory disorders of male genital organs, not elsewhere classified', '0', 'N', '0', 0, '0', 1, '0', 1, '0', 1, '0', NULL, '0', NULL, '0', NULL, '0', NULL, '0', 1, '0'), ('N61', '0', 'Inflammatory disorders of breast', '0', 'N', '0', 0, '0', 1, '0', 1, '0', 1, '0', NULL, '0', NULL, '0', NULL, '0', NULL, '0', 1, '0'), ('N62', '0', 'Hypertrophy of breast', '0', 'N', '0', 0, '0', 1, '0', 1, '0', 1, '0', NULL, '0', NULL, '0', NULL, '0', NULL, '0', 1, '0'), ('N63', '0', 'Unspecified lump in breast', '0', 'N', '0', 0, '0', 1, '0', 1, '0', 1, '0', NULL, '0', NULL, '0', NULL, '0', NULL, '0', 1, '0'), ('N64', '0', 'Other disorders of breast', '0', 'N', '0', 0, '0', 1, '0', 1, '0', 1, '0', NULL, '0', NULL, '0', NULL, '0', NULL, '0', 1, '0'), ('N70', '0', 'Salpingitis and oophoritis', '0', 'N', '0', 0, '0', 1, '0', 1, '0', 1, '0', NULL, '0', NULL, '0', NULL, '0', NULL, '0', 1, '0'), ('N73', '0', 'Other female pelvic inflammatory diseases', '0', 'N', '0', 0, '0', 1, '0', 1, '0', 1, '0', NULL, '0', NULL, '0', NULL, '0', NULL, '0', 1, '0'), ('N76', '0', 'Other inflammation of vagina and vulva', '0', 'N', '0', 0, '0', 1, '0', 1, '0', 1, '0', NULL, '0', NULL, '0', NULL, '0', NULL, '0', 1, '0'), ('N80', '0', 'Endometriosis', '0', 'N', '0', 0, '0', 1, '0', 1, '0', 1, '0', NULL, '0', NULL, '0', NULL, '0', NULL, '0', 1, '0'), ('N81', '0', 'Female genital prolapse', '0', 'N', '0', 0, '0', 1, '0', 1, '0', 1, '0', NULL, '0', NULL, '0', NULL, '0', NULL, '0', 1, '0'), ('N82', '0', 'Fistulae involving female genital tract', '0', 'N', '0', 0, '0', 1, '0', 1, '0', 1, '0', NULL, '0', NULL, '0', NULL, '0', NULL, '0', 1, '0'), ('N84', '0', 'Polyp of female genital tract', '0', 'N', '0', 0, '0', 1, '0', 1, '0', 1, '0', NULL, '0', NULL, '0', NULL, '0', NULL, '0', 1, '0'), ('N85', '0', 'Other noninflammatory disorders of uterus, except cervix', '0', 'N', '0', 0, '0', 1, '0', 1, '0', 1, '0', NULL, '0', NULL, '0', NULL, '0', NULL, '0', 1, '0'), ('N91', '0', 'Absent, scanty and rare menstruation', '0', 'N', '0', 0, '0', 1, '0', 1, '0', 1, '0', NULL, '0', NULL, '0', NULL, '0', NULL, '0', 1, '0'), ('N92', '0', 'Excessive, frequent and irregular menstruation', '0', 'N', '0', 0, '0', 1, '0', 1, '0', 1, '0', NULL, '0', NULL, '0', NULL, '0', NULL, '0', 1, '0'), ('N93', '0', 'Other abnormal uterine and vaginal bleeding', '0', 'N', '0', 0, '0', 1, '0', 1, '0', 1, '0', NULL, '0', NULL, '0', NULL, '0', NULL, '0', 1, '0'), ('N96', '0', 'Habitual aborter', '0', 'N', '0', 0, '0', 1, '0', 1, '0', 1, '0', NULL, '0', NULL, '0', NULL, '0', NULL, '0', 1, '0'), ('N97', '0', 'Female infertility', '0', 'N', '0', 0, '0', 1, '0', 1, '0', 1, '0', NULL, '0', NULL, '0', NULL, '0', NULL, '0', 1, '0'), ('O00', '0', 'Ectopic pregnancy', '0', 'O', '0', 0, '0', 1, '0', 1, '0', 1, '0', NULL, '0', NULL, '0', NULL, '0', NULL, '0', 1, '0'), ('O03', '0', 'Spontaneous abortion', '0', 'O', '0', 0, '0', 1, '0', 1, '0', 1, '0', NULL, '0', NULL, '0', NULL, '0', NULL, '0', 1, '0'), ('O04', '0', 'Medical abortion', '0', 'O', '0', 0, '0', 1, '0', 1, '0', 1, '0', NULL, '0', NULL, '0', NULL, '0', NULL, '0', 1, '0'), ('O07', '0', 'Failed attempted abortion', '0', 'O', '0', 0, '0', 1, '0', 1, '0', 1, '0', NULL, '0', NULL, '0', NULL, '0', NULL, '0', 1, '0'), ('O10', '0', 'Pre-existing hypertension complicating pregnancy, childbirth and the puerperium', '0', 'O', '0', 0, '0', 1, '0', 1, '0', 1, '0', NULL, '0', NULL, '0', NULL, '0', NULL, '0', 1, '0'), ('O13', '0', 'Gestational [pregnancy-induced] hypertension', '0', 'O', '0', 0, '0', 1, '0', 1, '0', 1, '0', NULL, '0', NULL, '0', NULL, '0', NULL, '0', 1, '0'), ('O15', '0', 'Eclampsia', '0', 'O', '0', 0, '0', 1, '0', 1, '0', 1, '0', NULL, '0', NULL, '0', NULL, '0', NULL, '0', 1, '0'), ('O16', '0', 'Unspecified maternal hypertension', '0', 'O', '0', 0, '0', 1, '0', 1, '0', 1, '0', NULL, '0', NULL, '0', NULL, '0', NULL, '0', 1, '0'), ('O23', '0', 'Infections of genitourinary tract in pregnancy', '0', 'O', '0', 0, '0', 1, '0', 1, '0', 1, '0', NULL, '0', NULL, '0', NULL, '0', NULL, '0', 1, '0'), ('O24', '0', 'Diabetes mellitus in pregnancy', '0', 'O', '0', 0, '0', 1, '0', 1, '0', 1, '0', NULL, '0', NULL, '0', NULL, '0', NULL, '0', 1, '0'), ('O30', '0', 'Multiple gestation', '0', 'O', '0', 0, '0', 1, '0', 1, '0', 1, '0', NULL, '0', NULL, '0', NULL, '0', NULL, '0', 1, '0'), ('O41', '0', 'Other disorders of amniotic fluid and membranes', '0', 'O', '0', 0, '0', 1, '0', 1, '0', 1, '0', NULL, '0', NULL, '0', NULL, '0', NULL, '0', 1, '0'), ('O42', '0', 'Premature rupture of membranes', '0', 'O', '0', 0, '0', 1, '0', 1, '0', 1, '0', NULL, '0', NULL, '0', NULL, '0', NULL, '0', 1, '0'), ('O44', '0', 'Placenta praevia', '0', 'O', '0', 0, '0', 1, '0', 1, '0', 1, '0', NULL, '0', NULL, '0', NULL, '0', NULL, '0', 1, '0'), ('O45', '0', 'Premature separation of placenta [abruptio placentae]', '0', 'O', '0', 0, '0', 1, '0', 1, '0', 1, '0', NULL, '0', NULL, '0', NULL, '0', NULL, '0', 1, '0'), ('O60', '0', 'Preterm labour and delivery', '0', 'O', '0', 0, '0', 1, '0', 1, '0', 1, '0', NULL, '0', NULL, '0', NULL, '0', NULL, '0', 1, '0'), ('O63', '0', 'Long labour', '0', 'O', '0', 0, '0', 1, '0', 1, '0', 1, '0', NULL, '0', NULL, '0', NULL, '0', NULL, '0', 1, '0'), ('O67', '0', 'Labour and delivery complicated by intrapartum haemorrhage, not elsewhere classified', '0', 'O', '0', 0, '0', 1, '0', 1, '0', 1, '0', NULL, '0', NULL, '0', NULL, '0', NULL, '0', 1, '0'), ('O70', '0', 'Perineal laceration during delivery', '0', 'O', '0', 0, '0', 1, '0', 1, '0', 1, '0', NULL, '0', NULL, '0', NULL, '0', NULL, '0', 1, '0'), ('O71', '0', 'Other obstetric trauma', '0', 'O', '0', 0, '0', 1, '0', 1, '0', 1, '0', NULL, '0', NULL, '0', NULL, '0', NULL, '0', 1, '0'), ('O72', '0', 'Postpartum haemorrhage', '0', 'O', '0', 0, '0', 1, '0', 1, '0', 1, '0', NULL, '0', NULL, '0', NULL, '0', NULL, '0', 1, '0'), ('O73', '0', 'Retained placenta and membranes, without haemorrhage', '0', 'O', '0', 0, '0', 1, '0', 1, '0', 1, '0', NULL, '0', NULL, '0', NULL, '0', NULL, '0', 1, '0'), ('O80', '0', 'Single spontaneous delivery', '0', 'O', '0', 0, '0', 1, '0', 1, '0', 1, '0', NULL, '0', NULL, '0', NULL, '0', NULL, '0', 1, '0'), ('O82', '0', 'Single delivery by caesarean section', '0', 'O', '0', 0, '0', 1, '0', 1, '0', 1, '0', NULL, '0', NULL, '0', NULL, '0', NULL, '0', 1, '0'), ('O84', '0', 'Multiple delivery', '0', 'O', '0', 0, '0', 1, '0', 1, '0', 1, '0', NULL, '0', NULL, '0', NULL, '0', NULL, '0', 1, '0'), ('O92', '0', 'Other disorders of breast and lactation associated with childbirth', '0', 'O', '0', 0, '0', 1, '0', 1, '0', 1, '0', NULL, '0', NULL, '0', NULL, '0', NULL, '0', 1, '0'), ('O95', '0', 'Obstetric death of unspecified cause', '0', 'O', '0', 0, '0', 1, '0', 1, '0', 1, '0', NULL, '0', NULL, '0', NULL, '0', NULL, '0', 1, '0'), ('P02', '0', 'Fetus and newborn affected by complications of placenta, cord and membranes', '0', 'P', '0', 0, '0', 1, '0', 1, '0', 1, '0', NULL, '0', NULL, '0', NULL, '0', NULL, '0', 1, '0'), ('P03', '0', 'Fetus and newborn affected by other complications of labour and delivery', '0', 'P', '0', 0, '0', 1, '0', 1, '0', 1, '0', NULL, '0', NULL, '0', NULL, '0', NULL, '0', 1, '0'), ('P04', '0', 'Fetus and newborn affected by noxious influences transmitted via placenta or breast milk', '0', 'P', '0', 0, '0', 1, '0', 1, '0', 1, '0', NULL, '0', NULL, '0', NULL, '0', NULL, '0', 1, '0'), ('P05', '0', 'Slow fetal growth and fetal malnutrition', '0', 'P', '0', 0, '0', 1, '0', 1, '0', 1, '0', NULL, '0', NULL, '0', NULL, '0', NULL, '0', 1, '0'), ('P08', '0', 'Disorders related to long gestation and high birth weight', '0', 'P', '0', 0, '0', 1, '0', 1, '0', 1, '0', NULL, '0', NULL, '0', NULL, '0', NULL, '0', 1, '0'), ('P15', '0', 'Other birth injuries', '0', 'P', '0', 0, '0', 1, '0', 1, '0', 1, '0', NULL, '0', NULL, '0', NULL, '0', NULL, '0', 1, '0'), ('P21', '0', 'Birth asphyxia', '0', 'P', '0', 0, '0', 1, '0', 1, '0', 1, '0', NULL, '0', NULL, '0', NULL, '0', NULL, '0', 1, '0'), ('P22', '0', 'Respiratory distress of newborn', '0', 'P', '0', 0, '0', 1, '0', 1, '0', 1, '0', NULL, '0', NULL, '0', NULL, '0', NULL, '0', 1, '0'), ('P36', '0', 'Bacterial sepsis of newborn', '0', 'P', '0', 0, '0', 1, '0', 1, '0', 1, '0', NULL, '0', NULL, '0', NULL, '0', NULL, '0', 1, '0'), ('P37', '0', 'Other congenital infectious and parasitic diseases', '0', 'P', '0', 0, '0', 1, '0', 1, '0', 1, '0', NULL, '0', NULL, '0', NULL, '0', NULL, '0', 1, '0'), ('P54', '0', 'Other neonatal haemorrhages', '0', 'P', '0', 0, '0', 1, '0', 1, '0', 1, '0', NULL, '0', NULL, '0', NULL, '0', NULL, '0', 1, '0'), ('P57', '0', 'Kernicterus', '0', 'P', '0', 0, '0', 1, '0', 1, '0', 1, '0', NULL, '0', NULL, '0', NULL, '0', NULL, '0', 1, '0'), ('P59', '0', 'Neonatal jaundice from other and unspecified causes', '0', 'P', '0', 0, '0', 1, '0', 1, '0', 1, '0', NULL, '0', NULL, '0', NULL, '0', NULL, '0', 1, '0'), ('P61', '0', 'Other perinatal haematological disorders', '0', 'P', '0', 0, '0', 1, '0', 1, '0', 1, '0', NULL, '0', NULL, '0', NULL, '0', NULL, '0', 1, '0'), ('P75', '0', 'Meconium ileus in cystic fibrosis', '0', 'P', '0', 0, '0', 1, '0', 1, '0', 1, '0', NULL, '0', NULL, '0', NULL, '0', NULL, '0', 1, '0'), ('P80', '0', 'Hypothermia of newborn', '0', 'P', '0', 0, '0', 1, '0', 1, '0', 1, '0', NULL, '0', NULL, '0', NULL, '0', NULL, '0', 1, '0'), ('P95', '0', 'Fetal death of unspecified cause', '0', 'P', '0', 0, '0', 1, '0', 1, '0', 1, '0', NULL, '0', NULL, '0', NULL, '0', NULL, '0', 1, '0'), ('Q02', '0', 'Microcephaly', '0', 'Q', '0', 0, '0', 1, '0', 1, '0', 1, '0', NULL, '0', NULL, '0', NULL, '0', NULL, '0', 1, '0'), ('Q15', '0', 'Other congenital malformations of eye', '0', 'Q', '0', 0, '0', 1, '0', 1, '0', 1, '0', NULL, '0', NULL, '0', NULL, '0', NULL, '0', 1, '0'), ('Q17', '0', 'Other congenital malformations of ear', '0', 'Q', '0', 0, '0', 1, '0', 1, '0', 1, '0', NULL, '0', NULL, '0', NULL, '0', NULL, '0', 1, '0'), ('Q18', '0', 'Other congenital malformations of face and neck', '0', 'Q', '0', 0, '0', 1, '0', 1, '0', 1, '0', NULL, '0', NULL, '0', NULL, '0', NULL, '0', 1, '0'), ('Q24', '0', 'Other congenital malformations of heart', '0', 'Q', '0', 0, '0', 1, '0', 1, '0', 1, '0', NULL, '0', NULL, '0', NULL, '0', NULL, '0', 1, '0'), ('Q27', '0', 'Other congenital malformations of peripheral vascular system', '0', 'Q', '0', 0, '0', 1, '0', 1, '0', 1, '0', NULL, '0', NULL, '0', NULL, '0', NULL, '0', 1, '0'), ('Q28', '0', 'Other congenital malformations of circulatory system', '0', 'Q', '0', 0, '0', 1, '0', 1, '0', 1, '0', NULL, '0', NULL, '0', NULL, '0', NULL, '0', 1, '0'), ('Q34', '0', 'Other congenital malformations of respiratory system', '0', 'Q', '0', 0, '0', 1, '0', 1, '0', 1, '0', NULL, '0', NULL, '0', NULL, '0', NULL, '0', 1, '0'), ('Q36', '0', 'Cleft lip', '0', 'Q', '0', 0, '0', 1, '0', 1, '0', 1, '0', NULL, '0', NULL, '0', NULL, '0', NULL, '0', 1, '0'), ('Q38', '0', 'Other congenital malformations of tongue, mouth and pharynx', '0', 'Q', '0', 0, '0', 1, '0', 1, '0', 1, '0', NULL, '0', NULL, '0', NULL, '0', NULL, '0', 1, '0'), ('Q43', '0', 'Other congenital malformations of intestine', '0', 'Q', '0', 0, '0', 1, '0', 1, '0', 1, '0', NULL, '0', NULL, '0', NULL, '0', NULL, '0', 1, '0'), ('Q45', '0', 'Other congenital malformations of digestive system', '0', 'Q', '0', 0, '0', 1, '0', 1, '0', 1, '0', NULL, '0', NULL, '0', NULL, '0', NULL, '0', 1, '0'), ('Q52', '0', 'Other congenital malformations of female genitalia', '0', 'Q', '0', 0, '0', 1, '0', 1, '0', 1, '0', NULL, '0', NULL, '0', NULL, '0', NULL, '0', 1, '0'), ('Q53', '0', 'Undescended testicle', '0', 'Q', '0', 0, '0', 1, '0', 1, '0', 1, '0', NULL, '0', NULL, '0', NULL, '0', NULL, '0', 1, '0'), ('Q54', '0', 'Hypospadias', '0', 'Q', '0', 0, '0', 1, '0', 1, '0', 1, '0', NULL, '0', NULL, '0', NULL, '0', NULL, '0', 1, '0'), ('Q55', '0', 'Other congenital malformations of male genital organs', '0', 'Q', '0', 0, '0', 1, '0', 1, '0', 1, '0', NULL, '0', NULL, '0', NULL, '0', NULL, '0', 1, '0'), ('Q63', '0', 'Other congenital malformations of kidney', '0', 'Q', '0', 0, '0', 1, '0', 1, '0', 1, '0', NULL, '0', NULL, '0', NULL, '0', NULL, '0', 1, '0'), ('Q64', '0', 'Other congenital malformations of urinary system', '0', 'Q', '0', 0, '0', 1, '0', 1, '0', 1, '0', NULL, '0', NULL, '0', NULL, '0', NULL, '0', 1, '0'), ('Q74', '0', 'Other congenital malformations of limb(s)', '0', 'Q', '0', 0, '0', 1, '0', 1, '0', 1, '0', NULL, '0', NULL, '0', NULL, '0', NULL, '0', 1, '0'), ('Q75', '0', 'Other congenital malformations of skull and face bones', '0', 'Q', '0', 0, '0', 1, '0', 1, '0', 1, '0', NULL, '0', NULL, '0', NULL, '0', NULL, '0', 1, '0'), ('Q76', '0', 'Congenital malformations of spine and bony thorax', '0', 'Q', '0', 0, '0', 1, '0', 1, '0', 1, '0', NULL, '0', NULL, '0', NULL, '0', NULL, '0', 1, '0'), ('Q89', '0', 'Other congenital malformations, not elsewhere classified', '0', 'Q', '0', 0, '0', 1, '0', 1, '0', 1, '0', NULL, '0', NULL, '0', NULL, '0', NULL, '0', 1, '0'), ('Q90', '0', 'Down syndrome', '0', 'Q', '0', 0, '0', 1, '0', 1, '0', 1, '0', NULL, '0', NULL, '0', NULL, '0', NULL, '0', 1, '0'), ('R33', '0', 'Retention of urine', '0', 'R', '0', 0, '0', 1, '0', 1, '0', 1, '0', NULL, '0', NULL, '0', NULL, '0', NULL, '0', 1, '0'), ('R40', '0', 'Somnolence, stupor and coma', '0', 'R', '0', 0, '0', 1, '0', 1, '0', 1, '0', NULL, '0', NULL, '0', NULL, '0', NULL, '0', 1, '0'), ('R50', '0', 'Fever of other and unknown origin', '0', 'R', '0', 0, '0', 1, '0', 1, '0', 1, '0', NULL, '0', NULL, '0', NULL, '0', NULL, '0', 1, '0'), ('R51', '0', 'Headache', '0', 'R', '0', 0, '0', 1, '0', 1, '0', 1, '0', NULL, '0', NULL, '0', NULL, '0', NULL, '0', 1, '0'), ('S00', '0', 'Superficial injury of head', '0', 'ST', '0', 0, '0', 1, '0', 1, '0', 1, '0', NULL, '0', NULL, '0', NULL, '0', NULL, '0', 1, '0'), ('S01', '0', 'Open wound of head', '0', 'ST', '0', 0, '0', 1, '0', 1, '0', 1, '0', NULL, '0', NULL, '0', NULL, '0', NULL, '0', 1, '0'), ('S10', '0', 'Superficial injury of neck', '0', 'ST', '0', 0, '0', 1, '0', 1, '0', 1, '0', NULL, '0', NULL, '0', NULL, '0', NULL, '0', 1, '0'), ('S19', '0', 'Other and unspecified injuries of neck', '0', 'ST', '0', 0, '0', 1, '0', 1, '0', 1, '0', NULL, '0', NULL, '0', NULL, '0', NULL, '0', 1, '0'), ('S20', '0', 'Superficial injury of thorax', '0', 'ST', '0', 0, '0', 1, '0', 1, '0', 1, '0', NULL, '0', NULL, '0', NULL, '0', NULL, '0', 1, '0'), ('S21', '0', 'Open wound of thorax', '0', 'ST', '0', 0, '0', 1, '0', 1, '0', 1, '0', NULL, '0', NULL, '0', NULL, '0', NULL, '0', 1, '0'), ('S29', '0', 'Other and unspecified injuries of thorax', '0', 'ST', '0', 0, '0', 1, '0', 1, '0', 1, '0', NULL, '0', NULL, '0', NULL, '0', NULL, '0', 1, '0'), ('S30', '0', 'Superficial injury of abdomen, lower back and pelvis', '0', 'ST', '0', 0, '0', 1, '0', 1, '0', 1, '0', NULL, '0', NULL, '0', NULL, '0', NULL, '0', 1, '0'), ('S31', '0', 'Open wound of abdomen, lower back and pelvis', '0', 'ST', '0', 0, '0', 1, '0', 1, '0', 1, '0', NULL, '0', NULL, '0', NULL, '0', NULL, '0', 1, '0'), ('S36', '0', 'Injury of intra-abdominal organs', '0', 'ST', '0', 0, '0', 1, '0', 1, '0', 1, '0', NULL, '0', NULL, '0', NULL, '0', NULL, '0', 1, '0'), ('S39', '0', 'Other and unspecified injuries of abdomen, lower back and pelvis', '0', 'ST', '0', 0, '0', 1, '0', 1, '0', 1, '0', NULL, '0', NULL, '0', NULL, '0', NULL, '0', 1, '0'), ('S40 ', '0', 'Superficial injury of shoulder and upper arm', '0', 'ST', '0', 0, '0', 1, '0', 1, '0', 1, '0', NULL, '0', NULL, '0', NULL, '0', NULL, '0', 1, '0'), ('S49', '0', 'Other and unspecified injuries of shoulder and upper arm', '0', 'ST', '0', 0, '0', 1, '0', 1, '0', 1, '0', NULL, '0', NULL, '0', NULL, '0', NULL, '0', 1, '0'), ('S50', '0', 'Superficial injury of forearm', '0', 'ST', '0', 0, '0', 1, '0', 1, '0', 1, '0', NULL, '0', NULL, '0', NULL, '0', NULL, '0', 1, '0'), ('S59', '0', 'Other and unspecified injuries of forearm', '0', 'ST', '0', 0, '0', 1, '0', 1, '0', 1, '0', NULL, '0', NULL, '0', NULL, '0', NULL, '0', 1, '0'), ('S60', '0', 'Superficial injury of wrist and hand', '0', 'ST', '0', 0, '0', 1, '0', 1, '0', 1, '0', NULL, '0', NULL, '0', NULL, '0', NULL, '0', 1, '0'), ('S69', '0', 'Other and unspecified injuries of wrist and hand', '0', 'ST', '0', 0, '0', 1, '0', 1, '0', 1, '0', NULL, '0', NULL, '0', NULL, '0', NULL, '0', 1, '0'), ('S70', '0', 'Superficial injury of hip and thigh', '0', 'ST', '0', 0, '0', 1, '0', 1, '0', 1, '0', NULL, '0', NULL, '0', NULL, '0', NULL, '0', 1, '0'), ('S79', '0', 'Other and unspecified injuries of hip and thigh', '0', 'ST', '0', 0, '0', 1, '0', 1, '0', 1, '0', NULL, '0', NULL, '0', NULL, '0', NULL, '0', 1, '0'), ('S80', '0', 'Superficial injury of lower leg', '0', 'ST', '0', 0, '0', 1, '0', 1, '0', 1, '0', NULL, '0', NULL, '0', NULL, '0', NULL, '0', 1, '0'), ('S89', '0', 'Other and unspecified injuries of lower leg', '0', 'ST', '0', 0, '0', 1, '0', 1, '0', 1, '0', NULL, '0', NULL, '0', NULL, '0', NULL, '0', 1, '0'), ('S90', '0', 'Superficial injury of ankle and foot', '0', 'ST', '0', 0, '0', 1, '0', 1, '0', 1, '0', NULL, '0', NULL, '0', NULL, '0', NULL, '0', 1, '0'), ('S99', '0', 'Other and unspecified injuries of ankle and foot', '0', 'ST', '0', 0, '0', 1, '0', 1, '0', 1, '0', NULL, '0', NULL, '0', NULL, '0', NULL, '0', 1, '0'), ('T02', '0', 'Superficial injuries involving multiple body regions', '0', 'ST', '0', 0, '0', 1, '0', 1, '0', 1, '0', NULL, '0', NULL, '0', NULL, '0', NULL, '0', 1, '0'), ('T05', '0', 'Traumatic amputations involving multiple body regions', '0', 'ST', '0', 0, '0', 1, '0', 1, '0', 1, '0', NULL, '0', NULL, '0', NULL, '0', NULL, '0', 1, '0'), ('T07', '0', 'Unspecified multiple injuries', '0', 'ST', '0', 0, '0', 1, '0', 1, '0', 1, '0', NULL, '0', NULL, '0', NULL, '0', NULL, '0', 1, '0'), ('T14', '0', 'Injury of unspecified body region', '0', 'ST', '0', 0, '0', 1, '0', 1, '0', 1, '0', NULL, '0', NULL, '0', NULL, '0', NULL, '0', 1, '0'), ('T29', '0', 'Burns and corrosions of multiple body regions', '0', 'ST', '0', 0, '0', 1, '0', 1, '0', 1, '0', NULL, '0', NULL, '0', NULL, '0', NULL, '0', 1, '0'), ('T30', '0', 'Burn and corrosion, body region unspecified', '0', 'ST', '0', 0, '0', 1, '0', 1, '0', 1, '0', NULL, '0', NULL, '0', NULL, '0', NULL, '0', 1, '0'), ('T50', '0', 'Poisoning by diuretics and other and unspecified drugs, medicaments and biological substances', '0', 'ST', '0', 0, '0', 1, '0', 1, '0', 1, '0', NULL, '0', NULL, '0', NULL, '0', NULL, '0', 1, '0'), ('T51', '0', 'Toxic effect of alcohol', '0', 'ST', '0', 0, '0', 1, '0', 1, '0', 1, '0', NULL, '0', NULL, '0', NULL, '0', NULL, '0', 1, '0'), ('T65', '0', 'Toxic effect of other and unspecified substances', '0', 'ST', '0', 0, '0', 1, '0', 1, '0', 1, '0', NULL, '0', NULL, '0', NULL, '0', NULL, '0', 1, '0'), ('T75', '0', 'Effects of other external causes', '0', 'ST', '0', 0, '0', 1, '0', 1, '0', 1, '0', NULL, '0', NULL, '0', NULL, '0', NULL, '0', 1, '0'), ('T78', '0', 'Adverse effects, not elsewhere classified', '0', 'ST', '0', 0, '0', 1, '0', 1, '0', 1, '0', NULL, '0', NULL, '0', NULL, '0', NULL, '0', 1, '0'), ('T78.2', '0', 'Anaphylactic shock, unspecified', '0', 'ST', '0', 0, '0', 1, '0', 1, '0', 1, '0', NULL, '0', NULL, '0', NULL, '0', NULL, '0', 1, '0'), ('T78.3', '0', 'Angioneurotic oedema', '0', 'ST', '0', 0, '0', 1, '0', 1, '0', 1, '0', NULL, '0', NULL, '0', NULL, '0', NULL, '0', 1, '0'), ('W53', '0', 'Bitten by rat', '0', 'VY', '0', 0, '0', 1, '0', 1, '0', 1, '0', NULL, '0', NULL, '0', NULL, '0', NULL, '0', 1, '0'), ('W55', '0', 'Bitten or struck by other mammals', '0', 'VY', '0', 0, '0', 1, '0', 1, '0', 1, '0', NULL, '0', NULL, '0', NULL, '0', NULL, '0', 1, '0'), ('W56', '0', 'Contact with marine animal', '0', 'VY', '0', 0, '0', 1, '0', 1, '0', 1, '0', NULL, '0', NULL, '0', NULL, '0', NULL, '0', 1, '0'), ('W57', '0', 'Bitten or stung by nonvenomous insect and other nonvenomous arthropods', '0', 'VY', '0', 0, '0', 1, '0', 1, '0', 1, '0', NULL, '0', NULL, '0', NULL, '0', NULL, '0', 1, '0'), ('Z00', '0', 'General examination and investigation of persons without complaint and reported diagnosis', '0', 'Z', '0', 0, '0', 1, '0', 1, '0', 1, '0', NULL, '0', NULL, '0', NULL, '0', NULL, '0', 1, '0'), ('Z04', '0', 'Examination and observation for other reasons', '0', 'Z', '0', 0, '0', 1, '0', 1, '0', 1, '0', NULL, '0', NULL, '0', NULL, '0', NULL, '0', 1, '0');
/*!40000 ALTER TABLE `oh_disease` ENABLE KEYS */;
UNLOCK TABLES;

--
-- Table structure for table `oh_diseasetype`
--

DROP TABLE IF EXISTS `oh_diseasetype`;
/*!40101 SET @saved_cs_client     = @@character_set_client */;
/*!40101 SET character_set_client = utf8 */;
CREATE TABLE `oh_diseasetype` (`DCL_ID_A` char (2) NOT NULL, `__taint__DCL_ID_A` TEXT, `DCL_DESC` varchar (110) NOT NULL, `__taint__DCL_DESC` TEXT, `DCL_CREATED_BY` varchar (50) DEFAULT NULL, `__taint__DCL_CREATED_BY` TEXT, `DCL_CREATED_DATE` datetime DEFAULT NULL, `__taint__DCL_CREATED_DATE` TEXT, `DCL_LAST_MODIFIED_BY` varchar (50) DEFAULT NULL, `__taint__DCL_LAST_MODIFIED_BY` TEXT, `DCL_LAST_MODIFIED_DATE` datetime DEFAULT NULL, `__taint__DCL_LAST_MODIFIED_DATE` TEXT, `DCL_ACTIVE` tinyint (1) NOT NULL DEFAULT 1, `__taint__DCL_ACTIVE` TEXT, PRIMARY KEY (`DCL_ID_A`)) ENGINE = InnoDB DEFAULT CHARSET = utf8;
/*!40101 SET character_set_client = @saved_cs_client */;

--
-- Dumping data for table `oh_diseasetype`
--

LOCK TABLES `oh_diseasetype` WRITE;
/*!40000 ALTER TABLE `oh_diseasetype` DISABLE KEYS */;
INSERT INTO `oh_diseasetype` VALUES ('AB', '0', 'A00-B99 Infectious and parasitic', '0', NULL, '0', NULL, '0', NULL, '0', NULL, '0', 1, '0'), ('CD', '0', 'C00-D48 Neoplasms', '0', NULL, '0', NULL, '0', NULL, '0', NULL, '0', 1, '0'), ('D', '0', 'D50-D89 Blood, blood-forming organs and immune mechanism', '0', NULL, '0', NULL, '0', NULL, '0', NULL, '0', 1, '0'), ('E', '0', 'E00-E90 Endocrine, nutritional and metabolic diseases', '0', NULL, '0', NULL, '0', NULL, '0', NULL, '0', 1, '0'), ('F', '0', 'F00-F99 Mental and behavioural disorders', '0', NULL, '0', NULL, '0', NULL, '0', NULL, '0', 1, '0'), ('G', '0', 'G00-G99 Nervous system', '0', NULL, '0', NULL, '0', NULL, '0', NULL, '0', 1, '0'), ('H1', '0', 'H00-H59 Eye and adnexa', '0', NULL, '0', NULL, '0', NULL, '0', NULL, '0', 1, '0'), ('H2', '0', 'H60-H95 Ear and mastoid process', '0', NULL, '0', NULL, '0', NULL, '0', NULL, '0', 1, '0'), ('I', '0', 'I00-I99 Circulatory system', '0', NULL, '0', NULL, '0', NULL, '0', NULL, '0', 1, '0'), ('J', '0', 'J00-J99 Respiratory system', '0', NULL, '0', NULL, '0', NULL, '0', NULL, '0', 1, '0'), ('K', '0', 'K00-K93 Digestive system', '0', NULL, '0', NULL, '0', NULL, '0', NULL, '0', 1, '0'), ('L', '0', 'L00-L99 Skin and subcutaneous tissue', '0', NULL, '0', NULL, '0', NULL, '0', NULL, '0', 1, '0'), ('M', '0', 'M00-M99 Musculoskeletal system and connective tissue', '0', NULL, '0', NULL, '0', NULL, '0', NULL, '0', 1, '0'), ('N', '0', 'N00-N99 Genitourinary system', '0', NULL, '0', NULL, '0', NULL, '0', NULL, '0', 1, '0'), ('O', '0', 'O00-O99 Pregnancy, childbirth and the puerperium', '0', NULL, '0', NULL, '0', NULL, '0', NULL, '0', 1, '0'), ('P', '0', 'P00-P96 Conditions originating in the perinatal period', '0', NULL, '0', NULL, '0', NULL, '0', NULL, '0', 1, '0'), ('Q', '0', 'Q00-Q99 Congenital malformations, deformations and chromosomal abnormalities', '0', NULL, '0', NULL, '0', NULL, '0', NULL, '0', 1, '0'), ('R', '0', 'R00-R99 Symptoms, signs and abnormal clinical and laboratory findings, not elsewhere classified', '0', NULL, '0', NULL, '0', NULL, '0', NULL, '0', 1, '0'), ('ST', '0', 'S00-T98 Injury, poisoning and certain other consequences of external causes', '0', NULL, '0', NULL, '0', NULL, '0', NULL, '0', 1, '0'), ('VY', '0', 'V01-Y98 External causes of morbidity and mortality', '0', NULL, '0', NULL, '0', NULL, '0', NULL, '0', 1, '0'), ('Z', '0', 'Z00-Z99 Factors influencing health status and contact with health services', '0', NULL, '0', NULL, '0', NULL, '0', NULL, '0', 1, '0');
/*!40000 ALTER TABLE `oh_diseasetype` ENABLE KEYS */;
UNLOCK TABLES;

--
-- Table structure for table `oh_exam`
--

DROP TABLE IF EXISTS `oh_exam`;
/*!40101 SET @saved_cs_client     = @@character_set_client */;
/*!40101 SET character_set_client = utf8 */;
CREATE TABLE `oh_exam` (`EXA_ID_A` varchar (10) NOT NULL, `__taint__EXA_ID_A` TEXT, `EXA_DESC` varchar (100) NOT NULL, `__taint__EXA_DESC` TEXT, `EXA_EXC_ID_A` char (2) NOT NULL, `__taint__EXA_EXC_ID_A` TEXT, `EXA_PROC` int (11) NOT NULL, `__taint__EXA_PROC` TEXT, `EXA_DEFAULT` varchar (50) DEFAULT NULL, `__taint__EXA_DEFAULT` TEXT, `EXA_LOCK` int (11) NOT NULL DEFAULT 0, `__taint__EXA_LOCK` TEXT, `EXA_CREATED_BY` varchar (50) DEFAULT NULL, `__taint__EXA_CREATED_BY` TEXT, `EXA_CREATED_DATE` datetime DEFAULT NULL, `__taint__EXA_CREATED_DATE` TEXT, `EXA_LAST_MODIFIED_BY` varchar (50) DEFAULT NULL, `__taint__EXA_LAST_MODIFIED_BY` TEXT, `EXA_LAST_MODIFIED_DATE` datetime DEFAULT NULL, `__taint__EXA_LAST_MODIFIED_DATE` TEXT, `EXA_ACTIVE` tinyint (1) NOT NULL DEFAULT 1, `__taint__EXA_ACTIVE` TEXT, PRIMARY KEY (`EXA_ID_A`), KEY `FK_EXAM_EXAMTYPE` (`EXA_EXC_ID_A`), CONSTRAINT `FK_EXAM_EXAMTYPE` FOREIGN KEY (`EXA_EXC_ID_A`) REFERENCES `oh_examtype`(`EXC_ID_A`) ON DELETE NO ACTION ON UPDATE CASCADE) ENGINE = InnoDB DEFAULT CHARSET = utf8;
/*!40101 SET character_set_client = @saved_cs_client */;

--
-- Dumping data for table `oh_exam`
--

LOCK TABLES `oh_exam` WRITE;
/*!40000 ALTER TABLE `oh_exam` DISABLE KEYS */;
INSERT INTO `oh_exam` VALUES ('01.01', '0', '1.1 HB', '0', 'HB', '0', 1, '0', '>=12 (NORMAL)', '0', 1, '0', NULL, '0', NULL, '0', NULL, '0', NULL, '0', 1, '0'), ('01.01.01', '0', '1.1 HB (Procedure 3)', '0', 'HB', '0', 3, '0', '', '0', 0, '0', NULL, '0', NULL, '0', NULL, '0', NULL, '0', 1, '0'), ('01.02', '0', '1.2 WBC Count', '0', 'HB', '0', 1, '0', '4000 - 7000 (NORMAL)', '0', 1, '0', NULL, '0', NULL, '0', NULL, '0', NULL, '0', 1, '0'), ('01.03', '0', '1.3 Differential ', '0', 'HB', '0', 1, '0', 'RESULTS IN NOTE', '0', 0, '0', NULL, '0', NULL, '0', NULL, '0', NULL, '0', 1, '0'), ('01.04', '0', '1.4 Film Comment', '0', 'HB', '0', 1, '0', 'RESULTS IN NOTE', '0', 0, '0', NULL, '0', NULL, '0', NULL, '0', NULL, '0', 1, '0'), ('01.05', '0', '1.5 ESR', '0', 'HB', '0', 1, '0', 'NORMAL', '0', 1, '0', NULL, '0', NULL, '0', NULL, '0', NULL, '0', 1, '0'), ('01.06', '0', '1.6 Sickling Test', '0', 'HB', '0', 1, '0', 'NEGATIVE', '0', 1, '0', NULL, '0', NULL, '0', NULL, '0', NULL, '0', 1, '0'), ('02.01', '0', '2.1 Grouping', '0', 'BT', '0', 1, '0', '', '0', 2, '0', NULL, '0', NULL, '0', NULL, '0', NULL, '0', 1, '0'), ('02.02', '0', '2.2 Comb\'s Test', '0', 'BT', '0', 1, '0', 'NEGATIVE', '0', 3, '0', NULL, '0', NULL, '0', NULL, '0', NULL, '0', 1, '0'), ('03.01', '0', '3.1 Blood Slide (Malaria)', '0', 'PA', '0', 1, '0', 'NEGATIVE', '0', 1, '0', NULL, '0', NULL, '0', NULL, '0', NULL, '0', 1, '0'), ('03.02', '0', '3.2 Blood Slide (OTHERS, E.G. TRIUPHANOSOMIAS, MICRIFILARIA, LEISHMANIA, BORRELIA)', '0', 'PA', '0', 1, '0', 'NEGATIVE', '0', 2, '0', NULL, '0', NULL, '0', NULL, '0', NULL, '0', 1, '0'), ('03.02.1', '0', '3.21 Trypanosomiasis', '0', 'PA', '0', 1, '0', 'NEGATIVE', '0', 2, '0', NULL, '0', NULL, '0', NULL, '0', NULL, '0', 1, '0'), ('03.02.2', '0', '3.22 MICROFILARIA', '0', 'PA', '0', 1, '0', 'NEGATIVE', '0', 1, '0', NULL, '0', NULL, '0', NULL, '0', NULL, '0', 1, '0'), ('03.02.3', '0', '3.23 LEISHMANIA', '0', 'PA', '0', 1, '0', 'NEGATIVE', '0', 1, '0', NULL, '0', NULL, '0', NULL, '0', NULL, '0', 1, '0'), ('03.02.4', '0', '3.24 BORRELIA', '0', 'PA', '0', 1, '0', 'NEGATIVE', '0', 1, '0', NULL, '0', NULL, '0', NULL, '0', NULL, '0', 1, '0'), ('03.03', '0', '3.3 STOOL MICROSCOPY', '0', 'PA', '0', 2, '0', '', '0', 2, '0', NULL, '0', NULL, '0', NULL, '0', NULL, '0', 1, '0'), ('03.04', '0', '3.4 URINE MICROSCOPY', '0', 'PA', '0', 1, '0', 'NEGATIVE', '0', 1, '0', NULL, '0', NULL, '0', NULL, '0', NULL, '0', 1, '0'), ('03.05', '0', '3.5 TISSUE MICROSCOPY', '0', 'PA', '0', 1, '0', 'NEGATIVE', '0', 1, '0', NULL, '0', NULL, '0', NULL, '0', NULL, '0', 1, '0'), ('03.06', '0', '3.6 CSF WET PREP', '0', 'PA', '0', 1, '0', 'NEGATIVE', '0', 1, '0', NULL, '0', NULL, '0', NULL, '0', NULL, '0', 1, '0'), ('04.01', '0', '4.1 CULTURE AND SENSITIVITY (C&S) FOR HAEMOPHILUS INFUENZA TYPE B', '0', 'BA', '0', 1, '0', 'NEGATIVE', '0', 2, '0', NULL, '0', NULL, '0', NULL, '0', NULL, '0', 1, '0'), ('04.02', '0', '4.2 C&S FOR SALMONELA TYPHI', '0', 'BA', '0', 1, '0', 'NEGATIVE', '0', 1, '0', NULL, '0', NULL, '0', NULL, '0', NULL, '0', 1, '0'), ('04.03', '0', '4.3 C&S FOR VIBRO CHOLERA', '0', 'BA', '0', 1, '0', 'NEGATIVE', '0', 1, '0', NULL, '0', NULL, '0', NULL, '0', NULL, '0', 1, '0'), ('04.04', '0', '4.4 C&S FOR SHIGELLA DYSENTERIAE', '0', 'BA', '0', 1, '0', 'NEGATIVE', '0', 1, '0', NULL, '0', NULL, '0', NULL, '0', NULL, '0', 1, '0'), ('04.05', '0', '4.5 C&S FOR NEISSERIA MENINGITIDES', '0', 'BA', '0', 1, '0', 'NEGATIVE', '0', 1, '0', NULL, '0', NULL, '0', NULL, '0', NULL, '0', 1, '0'), ('04.06', '0', '4.6 OTHER C&S ', '0', 'BA', '0', 1, '0', 'NEGATIVE', '0', 1, '0', NULL, '0', NULL, '0', NULL, '0', NULL, '0', 1, '0'), ('05.01', '0', '5.1 WET PREP', '0', 'MC', '0', 1, '0', 'NEGATIVE', '0', 1, '0', NULL, '0', NULL, '0', NULL, '0', NULL, '0', 1, '0'), ('05.02', '0', '5.2 GRAM STAIN', '0', 'MC', '0', 1, '0', 'NEGATIVE', '0', 1, '0', NULL, '0', NULL, '0', NULL, '0', NULL, '0', 1, '0'), ('05.03', '0', '5.3 INDIA INK', '0', 'MC', '0', 1, '0', 'NEGATIVE', '0', 1, '0', NULL, '0', NULL, '0', NULL, '0', NULL, '0', 1, '0'), ('05.04', '0', '5.4 LEISMANIA', '0', 'MC', '0', 1, '0', 'NEGATIVE', '0', 1, '0', NULL, '0', NULL, '0', NULL, '0', NULL, '0', 1, '0'), ('05.05', '0', '5.5 ZN', '0', 'MC', '0', 1, '0', 'NEGATIVE', '0', 1, '0', NULL, '0', NULL, '0', NULL, '0', NULL, '0', 1, '0'), ('05.06', '0', '5.6 WAYSON', '0', 'MC', '0', 1, '0', 'NEGATIVE', '0', 1, '0', NULL, '0', NULL, '0', NULL, '0', NULL, '0', 1, '0'), ('05.07', '0', '5.7 PAP SMEAR', '0', 'MC', '0', 1, '0', 'NEGATIVE', '0', 1, '0', NULL, '0', NULL, '0', NULL, '0', NULL, '0', 1, '0'), ('06.01', '0', '6.1 VDRL/RPR', '0', 'SE', '0', 1, '0', 'NEGATIVE', '0', 1, '0', NULL, '0', NULL, '0', NULL, '0', NULL, '0', 1, '0'), ('06.02', '0', '6.2 TPHA', '0', 'SE', '0', 1, '0', 'NEGATIVE', '0', 1, '0', NULL, '0', NULL, '0', NULL, '0', NULL, '0', 1, '0'), ('06.03', '0', '6.3 HIV', '0', 'SE', '0', 1, '0', 'NEGATIVE', '0', 1, '0', NULL, '0', NULL, '0', NULL, '0', NULL, '0', 1, '0'), ('06.04', '0', '6.4 HEPATITIS', '0', 'SE', '0', 1, '0', 'NEGATIVE', '0', 1, '0', NULL, '0', NULL, '0', NULL, '0', NULL, '0', 1, '0'), ('06.05', '0', '6.5 OTHERS E.G BRUCELLA, RHEUMATOID FACTOR, WEIL FELIX', '0', 'SE', '0', 1, '0', 'NEGATIVE', '0', 1, '0', NULL, '0', NULL, '0', NULL, '0', NULL, '0', 1, '0'), ('06.06', '0', '6.6 PREGANCY TEST', '0', 'SE', '0', 1, '0', 'NEGATIVE', '0', 1, '0', NULL, '0', NULL, '0', NULL, '0', NULL, '0', 1, '0'), ('07.01', '0', '7.1 PROTEIN', '0', 'CH', '0', 1, '0', 'NEGATIVE', '0', 1, '0', NULL, '0', NULL, '0', NULL, '0', NULL, '0', 1, '0'), ('07.02', '0', '7.2 SUGAR', '0', 'CH', '0', 1, '0', 'NORMAL', '0', 1, '0', NULL, '0', NULL, '0', NULL, '0', NULL, '0', 1, '0'), ('07.03', '0', '7.3 LFTS', '0', 'CH', '0', 1, '0', 'NORMAL', '0', 1, '0', NULL, '0', NULL, '0', NULL, '0', NULL, '0', 1, '0'), ('07.03.1', '0', '7.3.1 BILIRUBIN TOTAL', '0', 'CH', '0', 1, '0', '< 1.2 (NORMAL)', '0', 3, '0', NULL, '0', NULL, '0', NULL, '0', NULL, '0', 1, '0'), ('07.03.2', '0', '7.3.2 BILIRUBIN DIRECT', '0', 'CH', '0', 1, '0', '< 1.2 (NORMAL)', '0', 7, '0', NULL, '0', NULL, '0', NULL, '0', NULL, '0', 1, '0'), ('07.03.3', '0', '7.3.3 GOT', '0', 'CH', '0', 1, '0', '<= 50 (NORMAL)', '0', 2, '0', NULL, '0', NULL, '0', NULL, '0', NULL, '0', 1, '0'), ('07.03.4', '0', '7.3.4 ALT/GPT', '0', 'CH', '0', 1, '0', '<= 50 (NORMAL)', '0', 1, '0', NULL, '0', NULL, '0', NULL, '0', NULL, '0', 1, '0'), ('07.04', '0', '7.4 RFTS', '0', 'CH', '0', 1, '0', 'NORMAL', '0', 1, '0', NULL, '0', NULL, '0', NULL, '0', NULL, '0', 1, '0'), ('07.04.1', '0', '7.4.1 CREATININA', '0', 'CH', '0', 1, '0', '< 1.4 (NORMAL)', '0', 1, '0', NULL, '0', NULL, '0', NULL, '0', NULL, '0', 1, '0'), ('07.04.2', '0', '7.4.2 UREA', '0', 'CH', '0', 1, '0', '10-55 (NORMAL)', '0', 1, '0', NULL, '0', NULL, '0', NULL, '0', NULL, '0', 1, '0'), ('08.01', '0', '8.1 OCCULT BLOOD', '0', 'OC', '0', 1, '0', 'NEGATIVE', '0', 1, '0', NULL, '0', NULL, '0', NULL, '0', NULL, '0', 1, '0'), ('09.01', '0', '9.1 URINALYSIS', '0', 'OT', '0', 2, '0', '', '0', 1, '0', NULL, '0', NULL, '0', NULL, '0', NULL, '0', 1, '0');
/*!40000 ALTER TABLE `oh_exam` ENABLE KEYS */;
UNLOCK TABLES;

--
-- Table structure for table `oh_examrow`
--

DROP TABLE IF EXISTS `oh_examrow`;
/*!40101 SET @saved_cs_client     = @@character_set_client */;
/*!40101 SET character_set_client = utf8 */;
CREATE TABLE `oh_examrow` (`EXR_ID` int (11) NOT NULL AUTO_INCREMENT, `__taint__EXR_ID` TEXT, `EXR_EXA_ID_A` varchar (10) NOT NULL, `__taint__EXR_EXA_ID_A` TEXT, `EXR_DESC` varchar (50) NOT NULL, `__taint__EXR_DESC` TEXT, `EXR_CREATED_BY` varchar (50) DEFAULT NULL, `__taint__EXR_CREATED_BY` TEXT, `EXR_CREATED_DATE` datetime DEFAULT NULL, `__taint__EXR_CREATED_DATE` TEXT, `EXR_LAST_MODIFIED_BY` varchar (50) DEFAULT NULL, `__taint__EXR_LAST_MODIFIED_BY` TEXT, `EXR_LAST_MODIFIED_DATE` datetime DEFAULT NULL, `__taint__EXR_LAST_MODIFIED_DATE` TEXT, `EXR_ACTIVE` tinyint (1) NOT NULL DEFAULT 1, `__taint__EXR_ACTIVE` TEXT, PRIMARY KEY (`EXR_ID`), KEY `FK_EXAMROW_EXAM` (`EXR_EXA_ID_A`), CONSTRAINT `FK_EXAMROW_EXAM` FOREIGN KEY (`EXR_EXA_ID_A`) REFERENCES `oh_exam`(`EXA_ID_A`) ON DELETE NO ACTION ON UPDATE CASCADE) ENGINE = InnoDB AUTO_INCREMENT = 136 DEFAULT CHARSET = utf8;
/*!40101 SET character_set_client = @saved_cs_client */;

--
-- Dumping data for table `oh_examrow`
--

LOCK TABLES `oh_examrow` WRITE;
/*!40000 ALTER TABLE `oh_examrow` DISABLE KEYS */;
INSERT INTO `oh_examrow` VALUES (1, '0', '01.01', '0', '6 - 12', '0', NULL, '0', NULL, '0', NULL, '0', NULL, '0', 1, '0'), (2, '0', '01.01', '0', '< 6', '0', NULL, '0', NULL, '0', NULL, '0', NULL, '0', 1, '0'), (3, '0', '01.01', '0', '>=12 (NORMAL)', '0', NULL, '0', NULL, '0', NULL, '0', NULL, '0', 1, '0'), (4, '0', '01.02', '0', '4000 - 7000 (NORMAL)', '0', NULL, '0', NULL, '0', NULL, '0', NULL, '0', 1, '0'), (5, '0', '01.02', '0', '> 7000 (HIGH)', '0', NULL, '0', NULL, '0', NULL, '0', NULL, '0', 1, '0'), (6, '0', '01.02', '0', '< 4000 (LOW)', '0', NULL, '0', NULL, '0', NULL, '0', NULL, '0', 1, '0'), (7, '0', '01.05', '0', 'HIGH', '0', NULL, '0', NULL, '0', NULL, '0', NULL, '0', 1, '0'), (8, '0', '01.05', '0', 'NORMAL', '0', NULL, '0', NULL, '0', NULL, '0', NULL, '0', 1, '0'), (9, '0', '01.05', '0', 'LOW', '0', NULL, '0', NULL, '0', NULL, '0', NULL, '0', 1, '0'), (10, '0', '01.06', '0', 'POSITIVE', '0', NULL, '0', NULL, '0', NULL, '0', NULL, '0', 1, '0'), (11, '0', '01.06', '0', 'NEGATIVE', '0', NULL, '0', NULL, '0', NULL, '0', NULL, '0', 1, '0'), (12, '0', '02.01', '0', 'A RH+', '0', NULL, '0', NULL, '0', NULL, '0', NULL, '0', 1, '0'), (13, '0', '02.01', '0', 'A RH-', '0', NULL, '0', NULL, '0', NULL, '0', NULL, '0', 1, '0'), (14, '0', '02.01', '0', 'B RH+', '0', NULL, '0', NULL, '0', NULL, '0', NULL, '0', 1, '0'), (15, '0', '02.01', '0', 'B RH-', '0', NULL, '0', NULL, '0', NULL, '0', NULL, '0', 1, '0'), (16, '0', '02.01', '0', 'AB RH+', '0', NULL, '0', NULL, '0', NULL, '0', NULL, '0', 1, '0'), (17, '0', '02.01', '0', 'AB RH-', '0', NULL, '0', NULL, '0', NULL, '0', NULL, '0', 1, '0'), (18, '0', '02.01', '0', 'O RH+', '0', NULL, '0', NULL, '0', NULL, '0', NULL, '0', 1, '0'), (19, '0', '02.01', '0', 'O RH-', '0', NULL, '0', NULL, '0', NULL, '0', NULL, '0', 1, '0'), (20, '0', '02.02', '0', 'NEGATIVE', '0', NULL, '0', NULL, '0', NULL, '0', NULL, '0', 1, '0'), (21, '0', '02.02', '0', 'POSITIVE', '0', NULL, '0', NULL, '0', NULL, '0', NULL, '0', 1, '0'), (22, '0', '03.01', '0', 'NEGATIVE', '0', NULL, '0', NULL, '0', NULL, '0', NULL, '0', 1, '0'), (23, '0', '03.01', '0', 'FEW', '0', NULL, '0', NULL, '0', NULL, '0', NULL, '0', 1, '0'), (24, '0', '03.01', '0', '+', '0', NULL, '0', NULL, '0', NULL, '0', NULL, '0', 1, '0'), (25, '0', '03.01', '0', '++', '0', NULL, '0', NULL, '0', NULL, '0', NULL, '0', 1, '0'), (26, '0', '03.01', '0', '+++', '0', NULL, '0', NULL, '0', NULL, '0', NULL, '0', 1, '0'), (27, '0', '03.01', '0', '++++', '0', NULL, '0', NULL, '0', NULL, '0', NULL, '0', 1, '0'), (28, '0', '03.02', '0', 'POSITIVE', '0', NULL, '0', NULL, '0', NULL, '0', NULL, '0', 1, '0'), (29, '0', '03.02', '0', 'NEGATIVE', '0', NULL, '0', NULL, '0', NULL, '0', NULL, '0', 1, '0'), (30, '0', '03.02.1', '0', 'NEGATIVE', '0', NULL, '0', NULL, '0', NULL, '0', NULL, '0', 1, '0'), (31, '0', '03.02.1', '0', 'POSITIVE', '0', NULL, '0', NULL, '0', NULL, '0', NULL, '0', 1, '0'), (32, '0', '03.02.2', '0', 'POSITIVE', '0', NULL, '0', NULL, '0', NULL, '0', NULL, '0', 1, '0'), (33, '0', '03.02.2', '0', 'NEGATIVE', '0', NULL, '0', NULL, '0', NULL, '0', NULL, '0', 1, '0'), (34, '0', '03.02.3', '0', 'NEGATIVE', '0', NULL, '0', NULL, '0', NULL, '0', NULL, '0', 1, '0'), (35, '0', '03.02.3', '0', 'POSITIVE', '0', NULL, '0', NULL, '0', NULL, '0', NULL, '0', 1, '0'), (36, '0', '03.02.4', '0', 'NEGATIVE', '0', NULL, '0', NULL, '0', NULL, '0', NULL, '0', 1, '0'), (37, '0', '03.02.4', '0', 'POSITIVE', '0', NULL, '0', NULL, '0', NULL, '0', NULL, '0', 1, '0'), (38, '0', '03.03', '0', 'A..LUMBRICOIDES', '0', NULL, '0', NULL, '0', NULL, '0', NULL, '0', 1, '0'), (39, '0', '03.03', '0', 'E.COLI CYSTS', '0', NULL, '0', NULL, '0', NULL, '0', NULL, '0', 1, '0'), (40, '0', '03.03', '0', 'E.HISTOLYTICA', '0', NULL, '0', NULL, '0', NULL, '0', NULL, '0', 1, '0'), (41, '0', '03.03', '0', 'E.VERMICULARIS', '0', NULL, '0', NULL, '0', NULL, '0', NULL, '0', 1, '0'), (42, '0', '03.03', '0', 'G.LAMBLIA', '0', NULL, '0', NULL, '0', NULL, '0', NULL, '0', 1, '0'), (43, '0', '03.03', '0', 'T.HOMINIS', '0', NULL, '0', NULL, '0', NULL, '0', NULL, '0', 1, '0'), (44, '0', '03.03', '0', 'HOOK WORM', '0', NULL, '0', NULL, '0', NULL, '0', NULL, '0', 1, '0'), (45, '0', '03.03', '0', 'S.MANSONI', '0', NULL, '0', NULL, '0', NULL, '0', NULL, '0', 1, '0'), (46, '0', '03.03', '0', 'S.STERCORALIS', '0', NULL, '0', NULL, '0', NULL, '0', NULL, '0', 1, '0'), (47, '0', '03.03', '0', 'TAENIA SAGINATA', '0', NULL, '0', NULL, '0', NULL, '0', NULL, '0', 1, '0'), (48, '0', '03.03', '0', 'TAENIA SOLIUM', '0', NULL, '0', NULL, '0', NULL, '0', NULL, '0', 1, '0'), (49, '0', '03.03', '0', 'TRICHURISI TRICHURA', '0', NULL, '0', NULL, '0', NULL, '0', NULL, '0', 1, '0'), (50, '0', '03.03', '0', 'HYMENOLEPIS NANA', '0', NULL, '0', NULL, '0', NULL, '0', NULL, '0', 1, '0'), (51, '0', '03.04', '0', 'POSITIVE', '0', NULL, '0', NULL, '0', NULL, '0', NULL, '0', 1, '0'), (52, '0', '03.04', '0', 'NEGATIVE', '0', NULL, '0', NULL, '0', NULL, '0', NULL, '0', 1, '0'), (53, '0', '03.05', '0', 'POSITIVE', '0', NULL, '0', NULL, '0', NULL, '0', NULL, '0', 1, '0'), (54, '0', '03.05', '0', 'NEGATIVE', '0', NULL, '0', NULL, '0', NULL, '0', NULL, '0', 1, '0'), (55, '0', '03.06', '0', 'POSITIVE', '0', NULL, '0', NULL, '0', NULL, '0', NULL, '0', 1, '0'), (56, '0', '03.06', '0', 'NEGATIVE', '0', NULL, '0', NULL, '0', NULL, '0', NULL, '0', 1, '0'), (57, '0', '04.01', '0', 'POSITIVE', '0', NULL, '0', NULL, '0', NULL, '0', NULL, '0', 1, '0'), (58, '0', '04.01', '0', 'NEGATIVE', '0', NULL, '0', NULL, '0', NULL, '0', NULL, '0', 1, '0'), (59, '0', '04.02', '0', 'POSITIVE', '0', NULL, '0', NULL, '0', NULL, '0', NULL, '0', 1, '0'), (60, '0', '04.02', '0', 'NEGATIVE', '0', NULL, '0', NULL, '0', NULL, '0', NULL, '0', 1, '0'), (61, '0', '04.03', '0', 'POSITIVE', '0', NULL, '0', NULL, '0', NULL, '0', NULL, '0', 1, '0'), (62, '0', '04.03', '0', 'NEGATIVE', '0', NULL, '0', NULL, '0', NULL, '0', NULL, '0', 1, '0'), (63, '0', '04.04', '0', 'POSITIVE', '0', NULL, '0', NULL, '0', NULL, '0', NULL, '0', 1, '0'), (64, '0', '04.04', '0', 'NEGATIVE', '0', NULL, '0', NULL, '0', NULL, '0', NULL, '0', 1, '0'), (65, '0', '04.05', '0', 'POSITIVE', '0', NULL, '0', NULL, '0', NULL, '0', NULL, '0', 1, '0'), (66, '0', '04.05', '0', 'NEGATIVE', '0', NULL, '0', NULL, '0', NULL, '0', NULL, '0', 1, '0'), (67, '0', '04.06', '0', 'NORMAL', '0', NULL, '0', NULL, '0', NULL, '0', NULL, '0', 1, '0'), (68, '0', '05.01', '0', 'POSITIVE', '0', NULL, '0', NULL, '0', NULL, '0', NULL, '0', 1, '0'), (69, '0', '05.01', '0', 'NEGATIVE', '0', NULL, '0', NULL, '0', NULL, '0', NULL, '0', 1, '0'), (70, '0', '05.02', '0', 'NEGATIVE', '0', NULL, '0', NULL, '0', NULL, '0', NULL, '0', 1, '0'), (71, '0', '05.02', '0', 'PNEUMOCOCCI', '0', NULL, '0', NULL, '0', NULL, '0', NULL, '0', 1, '0'), (72, '0', '05.02', '0', 'MENINGOCOCCI', '0', NULL, '0', NULL, '0', NULL, '0', NULL, '0', 1, '0'), (73, '0', '05.02', '0', 'HEMOPHILLUS INFL.', '0', NULL, '0', NULL, '0', NULL, '0', NULL, '0', 1, '0'), (74, '0', '05.02', '0', 'CRYPTOCOCCI', '0', NULL, '0', NULL, '0', NULL, '0', NULL, '0', 1, '0'), (75, '0', '05.02', '0', 'PLEAMORPHIC BACILLI', '0', NULL, '0', NULL, '0', NULL, '0', NULL, '0', 1, '0'), (76, '0', '05.02', '0', 'STAPHYLOCOCCI', '0', NULL, '0', NULL, '0', NULL, '0', NULL, '0', 1, '0'), (77, '0', '05.03', '0', 'POSITIVE', '0', NULL, '0', NULL, '0', NULL, '0', NULL, '0', 1, '0'), (78, '0', '05.03', '0', 'NEGATIVE', '0', NULL, '0', NULL, '0', NULL, '0', NULL, '0', 1, '0'), (79, '0', '05.04', '0', 'POSITIVE', '0', NULL, '0', NULL, '0', NULL, '0', NULL, '0', 1, '0'), (80, '0', '05.04', '0', 'NEGATIVE', '0', NULL, '0', NULL, '0', NULL, '0', NULL, '0', 1, '0'), (81, '0', '05.05', '0', 'NEGATIVE', '0', NULL, '0', NULL, '0', NULL, '0', NULL, '0', 1, '0'), (82, '0', '05.05', '0', '+', '0', NULL, '0', NULL, '0', NULL, '0', NULL, '0', 1, '0'), (83, '0', '05.05', '0', '++', '0', NULL, '0', NULL, '0', NULL, '0', NULL, '0', 1, '0'), (84, '0', '05.05', '0', '+++', '0', NULL, '0', NULL, '0', NULL, '0', NULL, '0', 1, '0'), (85, '0', '05.06', '0', 'POSITIVE', '0', NULL, '0', NULL, '0', NULL, '0', NULL, '0', 1, '0'), (86, '0', '05.06', '0', 'NEGATIVE', '0', NULL, '0', NULL, '0', NULL, '0', NULL, '0', 1, '0'), (87, '0', '05.07', '0', 'POSITIVE ', '0', NULL, '0', NULL, '0', NULL, '0', NULL, '0', 1, '0'), (88, '0', '05.07', '0', 'NEGATIVE', '0', NULL, '0', NULL, '0', NULL, '0', NULL, '0', 1, '0'), (89, '0', '06.01', '0', 'POSITIVE', '0', NULL, '0', NULL, '0', NULL, '0', NULL, '0', 1, '0'), (90, '0', '06.01', '0', 'NEGATIVE', '0', NULL, '0', NULL, '0', NULL, '0', NULL, '0', 1, '0'), (91, '0', '06.02', '0', 'POSITIVE', '0', NULL, '0', NULL, '0', NULL, '0', NULL, '0', 1, '0'), (92, '0', '06.02', '0', 'NEGATIVE', '0', NULL, '0', NULL, '0', NULL, '0', NULL, '0', 1, '0'), (93, '0', '06.03', '0', 'POSITIVE', '0', NULL, '0', NULL, '0', NULL, '0', NULL, '0', 1, '0'), (94, '0', '06.03', '0', 'NEGATIVE', '0', NULL, '0', NULL, '0', NULL, '0', NULL, '0', 1, '0'), (95, '0', '06.04', '0', 'POSITIVE', '0', NULL, '0', NULL, '0', NULL, '0', NULL, '0', 1, '0'), (96, '0', '06.04', '0', 'NEGATIVE', '0', NULL, '0', NULL, '0', NULL, '0', NULL, '0', 1, '0'), (97, '0', '06.05', '0', 'POSITIVE', '0', NULL, '0', NULL, '0', NULL, '0', NULL, '0', 1, '0'), (98, '0', '06.05', '0', 'NEGATIVE', '0', NULL, '0', NULL, '0', NULL, '0', NULL, '0', 1, '0'), (99, '0', '06.06', '0', 'POSITIVE', '0', NULL, '0', NULL, '0', NULL, '0', NULL, '0', 1, '0'), (100, '0', '06.06', '0', 'NEGATIVE', '0', NULL, '0', NULL, '0', NULL, '0', NULL, '0', 1, '0'), (101, '0', '07.01', '0', 'POSITIVE', '0', NULL, '0', NULL, '0', NULL, '0', NULL, '0', 1, '0'), (102, '0', '07.01', '0', 'NEGATIVE', '0', NULL, '0', NULL, '0', NULL, '0', NULL, '0', 1, '0'), (103, '0', '07.02', '0', 'HIGH', '0', NULL, '0', NULL, '0', NULL, '0', NULL, '0', 1, '0'), (104, '0', '07.02', '0', 'LOW', '0', NULL, '0', NULL, '0', NULL, '0', NULL, '0', 1, '0'), (105, '0', '07.02', '0', 'NORMAL', '0', NULL, '0', NULL, '0', NULL, '0', NULL, '0', 1, '0'), (106, '0', '07.03', '0', 'HIGH', '0', NULL, '0', NULL, '0', NULL, '0', NULL, '0', 1, '0'), (107, '0', '07.03', '0', 'LOW', '0', NULL, '0', NULL, '0', NULL, '0', NULL, '0', 1, '0'), (108, '0', '07.03', '0', 'NORMAL', '0', NULL, '0', NULL, '0', NULL, '0', NULL, '0', 1, '0'), (109, '0', '07.03.1', '0', '<1.2 (NORMAL)', '0', NULL, '0', NULL, '0', NULL, '0', NULL, '0', 1, '0'), (110, '0', '07.03.1', '0', '1.2 - 5', '0', NULL, '0', NULL, '0', NULL, '0', NULL, '0', 1, '0'), (111, '0', '07.03.1', '0', '> 5', '0', NULL, '0', NULL, '0', NULL, '0', NULL, '0', 1, '0'), (112, '0', '07.03.2', '0', '< 1.2 (NORMAL)', '0', NULL, '0', NULL, '0', NULL, '0', NULL, '0', 1, '0'), (113, '0', '07.03.2', '0', '1.2 - 5', '0', NULL, '0', NULL, '0', NULL, '0', NULL, '0', 1, '0'), (114, '0', '07.03.2', '0', '> 5', '0', NULL, '0', NULL, '0', NULL, '0', NULL, '0', 1, '0'), (115, '0', '07.03.3', '0', '<= 50 (NORMAL)', '0', NULL, '0', NULL, '0', NULL, '0', NULL, '0', 1, '0'), (116, '0', '07.03.3', '0', '> 50', '0', NULL, '0', NULL, '0', NULL, '0', NULL, '0', 1, '0'), (117, '0', '07.03.4', '0', '<= 50 (NORMAL)', '0', NULL, '0', NULL, '0', NULL, '0', NULL, '0', 1, '0'), (118, '0', '07.03.4', '0', '> 50', '0', NULL, '0', NULL, '0', NULL, '0', NULL, '0', 1, '0'), (119, '0', '07.04', '0', 'HIGH', '0', NULL, '0', NULL, '0', NULL, '0', NULL, '0', 1, '0'), (120, '0', '07.04', '0', 'LOW', '0', NULL, '0', NULL, '0', NULL, '0', NULL, '0', 1, '0'), (121, '0', '07.04', '0', 'NORMAL', '0', NULL, '0', NULL, '0', NULL, '0', NULL, '0', 1, '0'), (122, '0', '07.04.1', '0', '< 1.4 (NORMAL)', '0', NULL, '0', NULL, '0', NULL, '0', NULL, '0', 1, '0'), (123, '0', '07.04.1', '0', '1.4 - 2.5', '0', NULL, '0', NULL, '0', NULL, '0', NULL, '0', 1, '0'), (124, '0', '07.04.1', '0', '> 2.5', '0', NULL, '0', NULL, '0', NULL, '0', NULL, '0', 1, '0'), (125, '0', '07.04.2', '0', '> 10', '0', NULL, '0', NULL, '0', NULL, '0', NULL, '0', 1, '0'), (126, '0', '07.04.2', '0', '10-55 (NORMAL)', '0', NULL, '0', NULL, '0', NULL, '0', NULL, '0', 1, '0'), (127, '0', '07.04.2', '0', '< 55', '0', NULL, '0', NULL, '0', NULL, '0', NULL, '0', 1, '0'), (128, '0', '08.01', '0', 'POSITIVE', '0', NULL, '0', NULL, '0', NULL, '0', NULL, '0', 1, '0'), (129, '0', '08.01', '0', 'NEGATIVE', '0', NULL, '0', NULL, '0', NULL, '0', NULL, '0', 1, '0'), (130, '0', '09.01', '0', 'SEDIMENTS', '0', NULL, '0', NULL, '0', NULL, '0', NULL, '0', 1, '0'), (131, '0', '09.01', '0', 'SUGAR', '0', NULL, '0', NULL, '0', NULL, '0', NULL, '0', 1, '0'), (132, '0', '09.01', '0', 'UROBILINOGEN', '0', NULL, '0', NULL, '0', NULL, '0', NULL, '0', 1, '0'), (133, '0', '09.01', '0', 'BILIRUBIN', '0', NULL, '0', NULL, '0', NULL, '0', NULL, '0', 1, '0'), (134, '0', '09.01', '0', 'PROTEIN', '0', NULL, '0', NULL, '0', NULL, '0', NULL, '0', 1, '0'), (135, '0', '09.01', '0', 'HCG', '0', NULL, '0', NULL, '0', NULL, '0', NULL, '0', 1, '0');
/*!40000 ALTER TABLE `oh_examrow` ENABLE KEYS */;
UNLOCK TABLES;

--
-- Table structure for table `oh_examtype`
--

DROP TABLE IF EXISTS `oh_examtype`;
/*!40101 SET @saved_cs_client     = @@character_set_client */;
/*!40101 SET character_set_client = utf8 */;
CREATE TABLE `oh_examtype` (`EXC_ID_A` char (2) NOT NULL, `__taint__EXC_ID_A` TEXT, `EXC_DESC` varchar (50) NOT NULL, `__taint__EXC_DESC` TEXT, `EXC_CREATED_BY` varchar (50) DEFAULT NULL, `__taint__EXC_CREATED_BY` TEXT, `EXC_CREATED_DATE` datetime DEFAULT NULL, `__taint__EXC_CREATED_DATE` TEXT, `EXC_LAST_MODIFIED_BY` varchar (50) DEFAULT NULL, `__taint__EXC_LAST_MODIFIED_BY` TEXT, `EXC_LAST_MODIFIED_DATE` datetime DEFAULT NULL, `__taint__EXC_LAST_MODIFIED_DATE` TEXT, `EXC_ACTIVE` tinyint (1) NOT NULL DEFAULT 1, `__taint__EXC_ACTIVE` TEXT, PRIMARY KEY (`EXC_ID_A`)) ENGINE = InnoDB DEFAULT CHARSET = utf8;
/*!40101 SET character_set_client = @saved_cs_client */;

--
-- Dumping data for table `oh_examtype`
--

LOCK TABLES `oh_examtype` WRITE;
/*!40000 ALTER TABLE `oh_examtype` DISABLE KEYS */;
INSERT INTO `oh_examtype` VALUES ('BA', '0', '4.Bacteriology', '0', NULL, '0', NULL, '0', NULL, '0', NULL, '0', 1, '0'), ('BT', '0', '2.Blood transfusion', '0', NULL, '0', NULL, '0', NULL, '0', NULL, '0', 1, '0'), ('CH', '0', '7.Chemistry', '0', NULL, '0', NULL, '0', NULL, '0', NULL, '0', 1, '0'), ('HB', '0', '1.Haematology', '0', NULL, '0', NULL, '0', NULL, '0', NULL, '0', 1, '0'), ('MC', '0', '5.Microscopy', '0', NULL, '0', NULL, '0', NULL, '0', NULL, '0', 1, '0'), ('OC', '0', '8.Occult Blood', '0', NULL, '0', NULL, '0', NULL, '0', NULL, '0', 1, '0'), ('OT', '0', 'OTHER', '0', NULL, '0', NULL, '0', NULL, '0', NULL, '0', 1, '0'), ('PA', '0', '3.Parasitology', '0', NULL, '0', NULL, '0', NULL, '0', NULL, '0', 1, '0'), ('SE', '0', '6.Serology', '0', NULL, '0', NULL, '0', NULL, '0', NULL, '0', 1, '0');
/*!40000 ALTER TABLE `oh_examtype` ENABLE KEYS */;
UNLOCK TABLES;

--
-- Table structure for table `oh_groupmenu`
--

DROP TABLE IF EXISTS `oh_groupmenu`;
/*!40101 SET @saved_cs_client     = @@character_set_client */;
/*!40101 SET character_set_client = utf8 */;
CREATE TABLE `oh_groupmenu` (`GM_ID` int (11) NOT NULL AUTO_INCREMENT, `__taint__GM_ID` TEXT, `GM_UG_ID_A` varchar (50) NOT NULL DEFAULT '', `__taint__GM_UG_ID_A` TEXT, `GM_MNI_ID_A` varchar (50) NOT NULL DEFAULT '', `__taint__GM_MNI_ID_A` TEXT, `GM_ACTIVE` tinyint (1) NOT NULL DEFAULT 1, `__taint__GM_ACTIVE` TEXT, `GM_CREATED_BY` varchar (50) DEFAULT NULL, `__taint__GM_CREATED_BY` TEXT, `GM_CREATED_DATE` datetime DEFAULT NULL, `__taint__GM_CREATED_DATE` TEXT, `GM_LAST_MODIFIED_BY` varchar (50) DEFAULT NULL, `__taint__GM_LAST_MODIFIED_BY` TEXT, `GM_LAST_MODIFIED_DATE` datetime DEFAULT NULL, `__taint__GM_LAST_MODIFIED_DATE` TEXT, PRIMARY KEY (`GM_ID`)) ENGINE = MyISAM AUTO_INCREMENT = 195 DEFAULT CHARSET = latin1;
/*!40101 SET character_set_client = @saved_cs_client */;

--
-- Dumping data for table `oh_groupmenu`
--

LOCK TABLES `oh_groupmenu` WRITE;
/*!40000 ALTER TABLE `oh_groupmenu` DISABLE KEYS */;
INSERT INTO `oh_groupmenu` VALUES (1, '0', 'admin', '0', 'admtype', '0', 1, '0', NULL, '0', NULL, '0', NULL, '0', NULL, '0'), (2, '0', 'admin', '0', 'disctype', '0', 1, '0', NULL, '0', NULL, '0', NULL, '0', NULL, '0'), (44, '0', 'admin', '0', 'medicalsward', '0', 1, '0', NULL, '0', NULL, '0', NULL, '0', NULL, '0'), (4, '0', 'admin', '0', 'admission', '0', 1, '0', NULL, '0', NULL, '0', NULL, '0', NULL, '0'), (7, '0', 'admin', '0', 'disease', '0', 1, '0', NULL, '0', NULL, '0', NULL, '0', NULL, '0'), (8, '0', 'admin', '0', 'exams', '0', 1, '0', NULL, '0', NULL, '0', NULL, '0', NULL, '0'), (140, '0', 'admin', '0', 'editclosedbills', '0', 1, '0', NULL, '0', NULL, '0', NULL, '0', NULL, '0'), (11, '0', 'admin', '0', 'generaldata', '0', 1, '0', NULL, '0', NULL, '0', NULL, '0', NULL, '0'), (12, '0', 'admin', '0', 'groups', '0', 1, '0', NULL, '0', NULL, '0', NULL, '0', NULL, '0'), (13, '0', 'admin', '0', 'help', '0', 1, '0', NULL, '0', NULL, '0', NULL, '0', NULL, '0'), (14, '0', 'admin', '0', 'hospital', '0', 1, '0', NULL, '0', NULL, '0', NULL, '0', NULL, '0'), (43, '0', 'admin', '0', 'agetype', '0', 1, '0', NULL, '0', NULL, '0', NULL, '0', NULL, '0'), (16, '0', 'admin', '0', 'laboratory', '0', 1, '0', NULL, '0', NULL, '0', NULL, '0', NULL, '0'), (17, '0', 'admin', '0', 'medicals', '0', 1, '0', NULL, '0', NULL, '0', NULL, '0', NULL, '0'), (18, '0', 'admin', '0', 'medicalstock', '0', 1, '0', NULL, '0', NULL, '0', NULL, '0', NULL, '0'), (19, '0', 'admin', '0', 'operation', '0', 1, '0', NULL, '0', NULL, '0', NULL, '0', NULL, '0'), (21, '0', 'admin', '0', 'pharmacy', '0', 1, '0', NULL, '0', NULL, '0', NULL, '0', NULL, '0'), (22, '0', 'admin', '0', 'statistics', '0', 1, '0', NULL, '0', NULL, '0', NULL, '0', NULL, '0'), (26, '0', 'admin', '0', 'opd', '0', 1, '0', NULL, '0', NULL, '0', NULL, '0', NULL, '0'), (27, '0', 'admin', '0', 'users', '0', 1, '0', NULL, '0', NULL, '0', NULL, '0', NULL, '0'), (28, '0', 'admin', '0', 'usersusers', '0', 1, '0', NULL, '0', NULL, '0', NULL, '0', NULL, '0'), (29, '0', 'admin', '0', 'vaccine', '0', 1, '0', NULL, '0', NULL, '0', NULL, '0', NULL, '0'), (30, '0', 'admin', '0', 'ward', '0', 1, '0', NULL, '0', NULL, '0', NULL, '0', NULL, '0'), (31, '0', 'admin', '0', 'types', '0', 1, '0', NULL, '0', NULL, '0', NULL, '0', NULL, '0'), (32, '0', 'admin', '0', 'pretreatmenttype', '0', 1, '0', NULL, '0', NULL, '0', NULL, '0', NULL, '0'), (33, '0', 'admin', '0', 'diseasetype', '0', 1, '0', NULL, '0', NULL, '0', NULL, '0', NULL, '0'), (34, '0', 'admin', '0', 'medstockmovtype', '0', 1, '0', NULL, '0', NULL, '0', NULL, '0', NULL, '0'), (35, '0', 'admin', '0', 'examtype', '0', 1, '0', NULL, '0', NULL, '0', NULL, '0', NULL, '0'), (36, '0', 'admin', '0', 'operationtype', '0', 1, '0', NULL, '0', NULL, '0', NULL, '0', NULL, '0'), (37, '0', 'admin', '0', 'deliverytype', '0', 1, '0', NULL, '0', NULL, '0', NULL, '0', NULL, '0'), (38, '0', 'admin', '0', 'medicalstype', '0', 1, '0', NULL, '0', NULL, '0', NULL, '0', NULL, '0'), (39, '0', 'admin', '0', 'delresulttype', '0', 1, '0', NULL, '0', NULL, '0', NULL, '0', NULL, '0'), (40, '0', 'admin', '0', 'printing', '0', 1, '0', NULL, '0', NULL, '0', NULL, '0', NULL, '0'), (41, '0', 'admin', '0', 'examlist1', '0', 1, '0', NULL, '0', NULL, '0', NULL, '0', NULL, '0'), (42, '0', 'admin', '0', 'diseaselist', '0', 1, '0', NULL, '0', NULL, '0', NULL, '0', NULL, '0'), (45, '0', 'admin', '0', 'priceslists', '0', 1, '0', NULL, '0', NULL, '0', NULL, '0', NULL, '0'), (46, '0', 'admin', '0', 'otherprices', '0', 1, '0', NULL, '0', NULL, '0', NULL, '0', NULL, '0'), (47, '0', 'admin', '0', 'accounting', '0', 1, '0', NULL, '0', NULL, '0', NULL, '0', NULL, '0'), (48, '0', 'admin', '0', 'newbill', '0', 1, '0', NULL, '0', NULL, '0', NULL, '0', NULL, '0'), (49, '0', 'admin', '0', 'billsmanager', '0', 1, '0', NULL, '0', NULL, '0', NULL, '0', NULL, '0'), (50, '0', 'admin', '0', 'data', '0', 1, '0', NULL, '0', NULL, '0', NULL, '0', NULL, '0'), (51, '0', 'admin', '0', 'btnadmdel', '0', 1, '0', NULL, '0', NULL, '0', NULL, '0', NULL, '0'), (52, '0', 'admin', '0', 'btnadmadm', '0', 1, '0', NULL, '0', NULL, '0', NULL, '0', NULL, '0'), (53, '0', 'admin', '0', 'btnadmedit', '0', 1, '0', NULL, '0', NULL, '0', NULL, '0', NULL, '0'), (54, '0', 'admin', '0', 'btnadmnew', '0', 1, '0', NULL, '0', NULL, '0', NULL, '0', NULL, '0'), (55, '0', 'admin', '0', 'btnadmopd', '0', 1, '0', NULL, '0', NULL, '0', NULL, '0', NULL, '0'), (56, '0', 'admin', '0', 'btnadmmer', '0', 1, '0', NULL, '0', NULL, '0', NULL, '0', NULL, '0'), (57, '0', 'admin', '0', 'btnlaboratorydel', '0', 1, '0', NULL, '0', NULL, '0', NULL, '0', NULL, '0'), (58, '0', 'admin', '0', 'btnlaboratoryedit', '0', 1, '0', NULL, '0', NULL, '0', NULL, '0', NULL, '0'), (59, '0', 'admin', '0', 'btnlaboratorynew', '0', 1, '0', NULL, '0', NULL, '0', NULL, '0', NULL, '0'), (60, '0', 'admin', '0', 'btnopdedit', '0', 1, '0', NULL, '0', NULL, '0', NULL, '0', NULL, '0'), (61, '0', 'admin', '0', 'btnopddel', '0', 1, '0', NULL, '0', NULL, '0', NULL, '0', NULL, '0'), (62, '0', 'admin', '0', 'btnopdnew', '0', 1, '0', NULL, '0', NULL, '0', NULL, '0', NULL, '0'), (63, '0', 'admin', '0', 'btndatamalnut', '0', 1, '0', NULL, '0', NULL, '0', NULL, '0', NULL, '0'), (64, '0', 'admin', '0', 'btndatadel', '0', 1, '0', NULL, '0', NULL, '0', NULL, '0', NULL, '0'), (65, '0', 'admin', '0', 'btndataedit', '0', 1, '0', NULL, '0', NULL, '0', NULL, '0', NULL, '0'), (66, '0', 'admin', '0', 'btndataeditpat', '0', 1, '0', NULL, '0', NULL, '0', NULL, '0', NULL, '0'), (67, '0', 'admin', '0', 'btnpharmaceuticaldel', '0', 1, '0', NULL, '0', NULL, '0', NULL, '0', NULL, '0'), (68, '0', 'admin', '0', 'btnpharmaceuticaledit', '0', 1, '0', NULL, '0', NULL, '0', NULL, '0', NULL, '0'), (69, '0', 'admin', '0', 'btnpharmaceuticalnew', '0', 1, '0', NULL, '0', NULL, '0', NULL, '0', NULL, '0'), (70, '0', 'guest', '0', 'admtype', '0', 0, '0', NULL, '0', NULL, '0', NULL, '0', NULL, '0'), (71, '0', 'guest', '0', 'disctype', '0', 0, '0', NULL, '0', NULL, '0', NULL, '0', NULL, '0'), (72, '0', 'guest', '0', 'admission', '0', 1, '0', NULL, '0', NULL, '0', NULL, '0', NULL, '0'), (73, '0', 'guest', '0', 'disease', '0', 0, '0', NULL, '0', NULL, '0', NULL, '0', NULL, '0'), (74, '0', 'guest', '0', 'exams', '0', 0, '0', NULL, '0', NULL, '0', NULL, '0', NULL, '0'), (139, '0', 'admin', '0', 'cashiersfilter', '0', 1, '0', NULL, '0', NULL, '0', NULL, '0', NULL, '0'), (77, '0', 'guest', '0', 'generaldata', '0', 0, '0', NULL, '0', NULL, '0', NULL, '0', NULL, '0'), (78, '0', 'guest', '0', 'groups', '0', 0, '0', NULL, '0', NULL, '0', NULL, '0', NULL, '0'), (79, '0', 'guest', '0', 'help', '0', 0, '0', NULL, '0', NULL, '0', NULL, '0', NULL, '0'), (80, '0', 'guest', '0', 'hospital', '0', 0, '0', NULL, '0', NULL, '0', NULL, '0', NULL, '0'), (81, '0', 'guest', '0', 'laboratory', '0', 1, '0', NULL, '0', NULL, '0', NULL, '0', NULL, '0'), (82, '0', 'guest', '0', 'medicals', '0', 1, '0', NULL, '0', NULL, '0', NULL, '0', NULL, '0'), (83, '0', 'guest', '0', 'medicalstock', '0', 0, '0', NULL, '0', NULL, '0', NULL, '0', NULL, '0'), (84, '0', 'guest', '0', 'operation', '0', 0, '0', NULL, '0', NULL, '0', NULL, '0', NULL, '0'), (85, '0', 'guest', '0', 'pharmacy', '0', 1, '0', NULL, '0', NULL, '0', NULL, '0', NULL, '0'), (86, '0', 'guest', '0', 'statistics', '0', 1, '0', NULL, '0', NULL, '0', NULL, '0', NULL, '0'), (87, '0', 'guest', '0', 'opd', '0', 1, '0', NULL, '0', NULL, '0', NULL, '0', NULL, '0'), (88, '0', 'guest', '0', 'users', '0', 0, '0', NULL, '0', NULL, '0', NULL, '0', NULL, '0'), (89, '0', 'guest', '0', 'usersusers', '0', 0, '0', NULL, '0', NULL, '0', NULL, '0', NULL, '0'), (90, '0', 'guest', '0', 'vaccine', '0', 0, '0', NULL, '0', NULL, '0', NULL, '0', NULL, '0'), (91, '0', 'guest', '0', 'ward', '0', 0, '0', NULL, '0', NULL, '0', NULL, '0', NULL, '0'), (92, '0', 'guest', '0', 'types', '0', 0, '0', NULL, '0', NULL, '0', NULL, '0', NULL, '0'), (93, '0', 'guest', '0', 'pretreatmenttype', '0', 0, '0', NULL, '0', NULL, '0', NULL, '0', NULL, '0'), (94, '0', 'guest', '0', 'diseasetype', '0', 0, '0', NULL, '0', NULL, '0', NULL, '0', NULL, '0'), (95, '0', 'guest', '0', 'medstockmovtype', '0', 0, '0', NULL, '0', NULL, '0', NULL, '0', NULL, '0'), (96, '0', 'guest', '0', 'examtype', '0', 0, '0', NULL, '0', NULL, '0', NULL, '0', NULL, '0'), (97, '0', 'guest', '0', 'operationtype', '0', 0, '0', NULL, '0', NULL, '0', NULL, '0', NULL, '0'), (98, '0', 'guest', '0', 'deliverytype', '0', 0, '0', NULL, '0', NULL, '0', NULL, '0', NULL, '0'), (99, '0', 'guest', '0', 'medicalstype', '0', 0, '0', NULL, '0', NULL, '0', NULL, '0', NULL, '0'), (100, '0', 'guest', '0', 'delresulttype', '0', 0, '0', NULL, '0', NULL, '0', NULL, '0', NULL, '0'), (101, '0', 'guest', '0', 'printing', '0', 1, '0', NULL, '0', NULL, '0', NULL, '0', NULL, '0'), (102, '0', 'guest', '0', 'examlist1', '0', 1, '0', NULL, '0', NULL, '0', NULL, '0', NULL, '0'), (103, '0', 'guest', '0', 'diseaselist', '0', 1, '0', NULL, '0', NULL, '0', NULL, '0', NULL, '0'), (104, '0', 'admin', '0', 'btnadmtherapy', '0', 1, '0', NULL, '0', NULL, '0', NULL, '0', NULL, '0'), (105, '0', 'admin', '0', 'btnbillnew', '0', 1, '0', NULL, '0', NULL, '0', NULL, '0', NULL, '0'), (106, '0', 'admin', '0', 'btnbilledit', '0', 1, '0', NULL, '0', NULL, '0', NULL, '0', NULL, '0'), (107, '0', 'admin', '0', 'btnbilldelete', '0', 1, '0', NULL, '0', NULL, '0', NULL, '0', NULL, '0'), (108, '0', 'admin', '0', 'btnbillreport', '0', 1, '0', NULL, '0', NULL, '0', NULL, '0', NULL, '0'), (109, '0', 'admin', '0', 'vaccinetype', '0', 1, '0', NULL, '0', NULL, '0', NULL, '0', NULL, '0'), (110, '0', 'admin', '0', 'patientvaccine', '0', 1, '0', NULL, '0', NULL, '0', NULL, '0', NULL, '0'), (111, '0', 'admin', '0', 'btnpatientvaccinenew', '0', 1, '0', NULL, '0', NULL, '0', NULL, '0', NULL, '0'), (112, '0', 'admin', '0', 'btnpatientvaccineedit', '0', 1, '0', NULL, '0', NULL, '0', NULL, '0', NULL, '0'), (113, '0', 'admin', '0', 'btnpatientvaccinedel', '0', 1, '0', NULL, '0', NULL, '0', NULL, '0', NULL, '0'), (115, '0', 'admin', '0', 'communication', '0', 1, '0', NULL, '0', NULL, '0', NULL, '0', NULL, '0'), (116, '0', 'guest', '0', 'communication', '0', 1, '0', NULL, '0', NULL, '0', NULL, '0', NULL, '0'), (117, '0', 'admin', '0', 'btnadmbill', '0', 1, '0', NULL, '0', NULL, '0', NULL, '0', NULL, '0'), (118, '0', 'admin', '0', 'btnbillreceipt', '0', 1, '0', NULL, '0', NULL, '0', NULL, '0', NULL, '0'), (119, '0', 'admin', '0', 'btnadmpatientfolder', '0', 1, '0', NULL, '0', NULL, '0', NULL, '0', NULL, '0'), (120, '0', 'admin', '0', 'btnopdnewexamination', '0', 1, '0', NULL, '0', NULL, '0', NULL, '0', NULL, '0'), (121, '0', 'admin', '0', 'btnopdeditexamination', '0', 1, '0', NULL, '0', NULL, '0', NULL, '0', NULL, '0'), (122, '0', 'admin', '0', 'btnadmadmexamination', '0', 1, '0', NULL, '0', NULL, '0', NULL, '0', NULL, '0'), (123, '0', 'admin', '0', 'btnadmexamination', '0', 1, '0', NULL, '0', NULL, '0', NULL, '0', NULL, '0'), (124, '0', 'admin', '0', 'supplier', '0', 1, '0', NULL, '0', NULL, '0', NULL, '0', NULL, '0'), (125, '0', 'admin', '0', 'btnpatfoldopdrpt', '0', 1, '0', NULL, '0', NULL, '0', NULL, '0', NULL, '0'), (126, '0', 'admin', '0', 'btnpatfoldadmrpt', '0', 1, '0', NULL, '0', NULL, '0', NULL, '0', NULL, '0'), (127, '0', 'admin', '0', 'btnpatfoldpatrpt', '0', 1, '0', NULL, '0', NULL, '0', NULL, '0', NULL, '0'), (128, '0', 'admin', '0', 'btnpatfolddicom', '0', 1, '0', NULL, '0', NULL, '0', NULL, '0', NULL, '0'), (129, '0', 'admin', '0', 'smsmanager', '0', 1, '0', NULL, '0', NULL, '0', NULL, '0', NULL, '0'), (130, '0', 'admin', '0', 'btnpharmstockcharge', '0', 1, '0', NULL, '0', NULL, '0', NULL, '0', NULL, '0'), (131, '0', 'admin', '0', 'btnpharmstockdischarge', '0', 1, '0', NULL, '0', NULL, '0', NULL, '0', NULL, '0'), (132, '0', 'admin', '0', 'btnmedicalswardreport', '0', 1, '0', NULL, '0', NULL, '0', NULL, '0', NULL, '0'), (133, '0', 'admin', '0', 'btnmedicalswardexcel', '0', 1, '0', NULL, '0', NULL, '0', NULL, '0', NULL, '0'), (134, '0', 'admin', '0', 'btnmedicalswardrectify', '0', 1, '0', NULL, '0', NULL, '0', NULL, '0', NULL, '0'), (135, '0', 'admin', '0', 'dicomtype', '0', 1, '0', NULL, '0', NULL, '0', NULL, '0', NULL, '0'), (136, '0', 'admin', '0', 'btnopdnewoperation', '0', 1, '0', NULL, '0', NULL, '0', NULL, '0', NULL, '0'), (137, '0', 'admin', '0', 'btnopdeditoperation', '0', 1, '0', NULL, '0', NULL, '0', NULL, '0', NULL, '0'), (138, '0', 'admin', '0', 'worksheet', '0', 1, '0', NULL, '0', NULL, '0', NULL, '0', NULL, '0'), (141, '0', 'admin', '0', 'operationlist', '0', 1, '0', NULL, '0', NULL, '0', NULL, '0', NULL, '0'), (142, '0', 'admin', '0', 'btnadmdicom', '0', 1, '0', NULL, '0', NULL, '0', NULL, '0', NULL, '0'), (143, '0', 'admin', '0', 'btnadmlab', '0', 1, '0', NULL, '0', NULL, '0', NULL, '0', NULL, '0'), (190, '0', 'admin', '0', 'btnadmanamnesis', '0', 1, '0', NULL, '0', NULL, '0', NULL, '0', NULL, '0'), (191, '0', 'admin', '0', 'btnadmpatnewanamnesis', '0', 1, '0', NULL, '0', NULL, '0', NULL, '0', NULL, '0'), (192, '0', 'admin', '0', 'btnadmpateditanamnesis', '0', 1, '0', NULL, '0', NULL, '0', NULL, '0', NULL, '0'), (193, '0', 'admin', '0', 'btnopdnewanamnesis', '0', 0, '0', NULL, '0', NULL, '0', NULL, '0', NULL, '0'), (194, '0', 'admin', '0', 'btnopdeditanamnesis', '0', 0, '0', NULL, '0', NULL, '0', NULL, '0', NULL, '0');
/*!40000 ALTER TABLE `oh_groupmenu` ENABLE KEYS */;
UNLOCK TABLES;

--
-- Table structure for table `oh_grouppermission`
--

DROP TABLE IF EXISTS `oh_grouppermission`;
/*!40101 SET @saved_cs_client     = @@character_set_client */;
/*!40101 SET character_set_client = utf8 */;
CREATE TABLE `oh_grouppermission` (`GP_ID` int (11) NOT NULL AUTO_INCREMENT, `__taint__GP_ID` TEXT, `GP_UG_ID_A` varchar (50) NOT NULL DEFAULT '', `__taint__GP_UG_ID_A` TEXT, `GP_P_ID_A` int (11) NOT NULL, `__taint__GP_P_ID_A` TEXT, `GP_ACTIVE` char (1) NOT NULL DEFAULT '', `__taint__GP_ACTIVE` TEXT, `GP_CREATED_BY` varchar (50) DEFAULT NULL, `__taint__GP_CREATED_BY` TEXT, `GP_CREATED_DATE` datetime DEFAULT NULL, `__taint__GP_CREATED_DATE` TEXT, `GP_LAST_MODIFIED_BY` varchar (50) DEFAULT NULL, `__taint__GP_LAST_MODIFIED_BY` TEXT, `GP_LAST_MODIFIED_DATE` datetime DEFAULT NULL, `__taint__GP_LAST_MODIFIED_DATE` TEXT, PRIMARY KEY (`GP_ID`)) ENGINE = InnoDB AUTO_INCREMENT = 36 DEFAULT CHARSET = utf8;
/*!40101 SET character_set_client = @saved_cs_client */;

--
-- Dumping data for table `oh_grouppermission`
--

LOCK TABLES `oh_grouppermission` WRITE;
/*!40000 ALTER TABLE `oh_grouppermission` DISABLE KEYS */;
INSERT INTO `oh_grouppermission` VALUES (1, '0', 'admin', '0', 1, '0', '1', '0', NULL, '0', NULL, '0', NULL, '0', NULL, '0'), (2, '0', 'admin', '0', 2, '0', '1', '0', NULL, '0', NULL, '0', NULL, '0', NULL, '0'), (3, '0', 'admin', '0', 3, '0', '1', '0', NULL, '0', NULL, '0', NULL, '0', NULL, '0'), (4, '0', 'admin', '0', 4, '0', '1', '0', NULL, '0', NULL, '0', NULL, '0', NULL, '0'), (5, '0', 'admin', '0', 5, '0', '1', '0', NULL, '0', NULL, '0', NULL, '0', NULL, '0'), (6, '0', 'admin', '0', 6, '0', '1', '0', NULL, '0', NULL, '0', NULL, '0', NULL, '0'), (7, '0', 'admin', '0', 7, '0', '1', '0', NULL, '0', NULL, '0', NULL, '0', NULL, '0'), (8, '0', 'admin', '0', 8, '0', '1', '0', NULL, '0', NULL, '0', NULL, '0', NULL, '0'), (9, '0', 'admin', '0', 9, '0', '1', '0', NULL, '0', NULL, '0', NULL, '0', NULL, '0'), (10, '0', 'admin', '0', 10, '0', '1', '0', NULL, '0', NULL, '0', NULL, '0', NULL, '0'), (11, '0', 'admin', '0', 11, '0', '1', '0', NULL, '0', NULL, '0', NULL, '0', NULL, '0'), (12, '0', 'admin', '0', 12, '0', '1', '0', NULL, '0', NULL, '0', NULL, '0', NULL, '0'), (13, '0', 'admin', '0', 13, '0', '1', '0', NULL, '0', NULL, '0', NULL, '0', NULL, '0'), (14, '0', 'admin', '0', 14, '0', '1', '0', NULL, '0', NULL, '0', NULL, '0', NULL, '0'), (15, '0', 'admin', '0', 15, '0', '1', '0', NULL, '0', NULL, '0', NULL, '0', NULL, '0'), (16, '0', 'admin', '0', 16, '0', '1', '0', NULL, '0', NULL, '0', NULL, '0', NULL, '0'), (17, '0', 'admin', '0', 17, '0', '1', '0', NULL, '0', NULL, '0', NULL, '0', NULL, '0'), (18, '0', 'admin', '0', 18, '0', '1', '0', NULL, '0', NULL, '0', NULL, '0', NULL, '0'), (19, '0', 'admin', '0', 19, '0', '1', '0', NULL, '0', NULL, '0', NULL, '0', NULL, '0'), (20, '0', 'admin', '0', 20, '0', '1', '0', NULL, '0', NULL, '0', NULL, '0', NULL, '0'), (21, '0', 'admin', '0', 21, '0', '1', '0', NULL, '0', NULL, '0', NULL, '0', NULL, '0'), (22, '0', 'admin', '0', 22, '0', '1', '0', NULL, '0', NULL, '0', NULL, '0', NULL, '0'), (23, '0', 'admin', '0', 23, '0', '1', '0', NULL, '0', NULL, '0', NULL, '0', NULL, '0'), (24, '0', 'admin', '0', 24, '0', '1', '0', NULL, '0', NULL, '0', NULL, '0', NULL, '0'), (25, '0', 'admin', '0', 25, '0', '1', '0', NULL, '0', NULL, '0', NULL, '0', NULL, '0'), (26, '0', 'admin', '0', 26, '0', '1', '0', NULL, '0', NULL, '0', NULL, '0', NULL, '0'), (27, '0', 'admin', '0', 27, '0', '1', '0', NULL, '0', NULL, '0', NULL, '0', NULL, '0'), (28, '0', 'admin', '0', 28, '0', '1', '0', NULL, '0', NULL, '0', NULL, '0', NULL, '0'), (29, '0', 'guest', '0', 1, '0', '1', '0', NULL, '0', NULL, '0', NULL, '0', NULL, '0'), (30, '0', 'guest', '0', 5, '0', '1', '0', NULL, '0', NULL, '0', NULL, '0', NULL, '0'), (31, '0', 'guest', '0', 9, '0', '1', '0', NULL, '0', NULL, '0', NULL, '0', NULL, '0'), (32, '0', 'guest', '0', 13, '0', '1', '0', NULL, '0', NULL, '0', NULL, '0', NULL, '0'), (33, '0', 'guest', '0', 17, '0', '1', '0', NULL, '0', NULL, '0', NULL, '0', NULL, '0'), (34, '0', 'guest', '0', 21, '0', '1', '0', NULL, '0', NULL, '0', NULL, '0', NULL, '0'), (35, '0', 'guest', '0', 25, '0', '1', '0', NULL, '0', NULL, '0', NULL, '0', NULL, '0');
/*!40000 ALTER TABLE `oh_grouppermission` ENABLE KEYS */;
UNLOCK TABLES;

--
-- Table structure for table `oh_help`
--

DROP TABLE IF EXISTS `oh_help`;
/*!40101 SET @saved_cs_client     = @@character_set_client */;
/*!40101 SET character_set_client = utf8 */;
CREATE TABLE `oh_help` (`HL_ID` int (11) NOT NULL AUTO_INCREMENT, `__taint__HL_ID` TEXT, `HL_MASK` int (11) NOT NULL, `__taint__HL_MASK` TEXT, `HL_FIELD` int (11) NOT NULL, `__taint__HL_FIELD` TEXT, `HL_LANG` char (2) DEFAULT NULL, `__taint__HL_LANG` TEXT, `HL_MSG` varchar (255) DEFAULT NULL, `__taint__HL_MSG` TEXT, PRIMARY KEY (`HL_ID`)) ENGINE = MyISAM DEFAULT CHARSET = latin1;
/*!40101 SET character_set_client = @saved_cs_client */;

--
-- Dumping data for table `oh_help`
--

LOCK TABLES `oh_help` WRITE;
/*!40000 ALTER TABLE `oh_help` DISABLE KEYS */;
/*!40000 ALTER TABLE `oh_help` ENABLE KEYS */;
UNLOCK TABLES;

--
-- Table structure for table `oh_hospital`
--

DROP TABLE IF EXISTS `oh_hospital`;
/*!40101 SET @saved_cs_client     = @@character_set_client */;
/*!40101 SET character_set_client = utf8 */;
CREATE TABLE `oh_hospital` (`HOS_ID_A` varchar (10) NOT NULL, `__taint__HOS_ID_A` TEXT, `HOS_NAME` varchar (255) NOT NULL, `__taint__HOS_NAME` TEXT, `HOS_ADDR` varchar (255) NOT NULL, `__taint__HOS_ADDR` TEXT, `HOS_CITY` varchar (255) NOT NULL, `__taint__HOS_CITY` TEXT, `HOS_TELE` varchar (50) DEFAULT NULL, `__taint__HOS_TELE` TEXT, `HOS_FAX` varchar (50) DEFAULT NULL, `__taint__HOS_FAX` TEXT, `HOS_EMAIL` varchar (50) DEFAULT NULL, `__taint__HOS_EMAIL` TEXT, `HOS_CURR_COD` varchar (3) DEFAULT NULL, `__taint__HOS_CURR_COD` TEXT, `HOS_VISIT_START` time NOT NULL DEFAULT '06:30:00', `__taint__HOS_VISIT_START` TEXT, `HOS_VISIT_END` time NOT NULL DEFAULT '20:00:00', `__taint__HOS_VISIT_END` TEXT, `HOS_VISIT_INCREMENT` int (11) NOT NULL DEFAULT 15, `__taint__HOS_VISIT_INCREMENT` TEXT, `HOS_VISIT_DURATION` int (11) NOT NULL DEFAULT 30, `__taint__HOS_VISIT_DURATION` TEXT, `HOS_LOCK` int (11) NOT NULL DEFAULT 0, `__taint__HOS_LOCK` TEXT, `HOS_CREATED_BY` varchar (50) DEFAULT NULL, `__taint__HOS_CREATED_BY` TEXT, `HOS_CREATED_DATE` datetime DEFAULT NULL, `__taint__HOS_CREATED_DATE` TEXT, `HOS_LAST_MODIFIED_BY` varchar (50) DEFAULT NULL, `__taint__HOS_LAST_MODIFIED_BY` TEXT, `HOS_LAST_MODIFIED_DATE` datetime DEFAULT NULL, `__taint__HOS_LAST_MODIFIED_DATE` TEXT, `HOS_ACTIVE` tinyint (1) NOT NULL DEFAULT 1, `__taint__HOS_ACTIVE` TEXT, PRIMARY KEY (`HOS_ID_A`)) ENGINE = InnoDB DEFAULT CHARSET = utf8;
/*!40101 SET character_set_client = @saved_cs_client */;

--
-- Dumping data for table `oh_hospital`
--

LOCK TABLES `oh_hospital` WRITE;
/*!40000 ALTER TABLE `oh_hospital` DISABLE KEYS */;
INSERT INTO `oh_hospital` VALUES ('STLUKE', '0', 'St. Luke HOSPITAL - Angal', '0', 'P.O. BOX 85 - NEBBI', '0', 'ANGAL', '0', '+256 0472621076', '0', '+256 0', '0', 'angal@ucmb.ug.co.', '0', NULL, '0', '06:30:00', '0', '20:00:00', '0', 15, '0', 30, '0', 0, '0', NULL, '0', NULL, '0', NULL, '0', NULL, '0', 1, '0');
/*!40000 ALTER TABLE `oh_hospital` ENABLE KEYS */;
UNLOCK TABLES;

--
-- Table structure for table `oh_laboratory`
--

DROP TABLE IF EXISTS `oh_laboratory`;
/*!40101 SET @saved_cs_client     = @@character_set_client */;
/*!40101 SET character_set_client = utf8 */;
CREATE TABLE `oh_laboratory` (`LAB_ID` int (11) NOT NULL AUTO_INCREMENT, `__taint__LAB_ID` TEXT, `LAB_EXA_ID_A` varchar (10) NOT NULL, `__taint__LAB_EXA_ID_A` TEXT, `LAB_DATE` datetime NOT NULL, `__taint__LAB_DATE` TEXT, `LAB_RES` varchar (50) NOT NULL, `__taint__LAB_RES` TEXT, `LAB_NOTE` varchar (255) DEFAULT NULL, `__taint__LAB_NOTE` TEXT, `LAB_PAT_ID` int (11) DEFAULT NULL, `__taint__LAB_PAT_ID` TEXT, `LAB_PAT_NAME` varchar (100) DEFAULT NULL, `__taint__LAB_PAT_NAME` TEXT, `LAB_CROSS1` int (11) DEFAULT NULL, `__taint__LAB_CROSS1` TEXT, `LAB_CROSS2` int (11) DEFAULT NULL, `__taint__LAB_CROSS2` TEXT, `LAB_CROSS3` int (11) DEFAULT NULL, `__taint__LAB_CROSS3` TEXT, `LAB_CROSS4` int (11) DEFAULT NULL, `__taint__LAB_CROSS4` TEXT, `LAB_CROSS5` int (11) DEFAULT NULL, `__taint__LAB_CROSS5` TEXT, `LAB_CROSS6` int (11) DEFAULT NULL, `__taint__LAB_CROSS6` TEXT, `LAB_CROSS7` int (11) DEFAULT NULL, `__taint__LAB_CROSS7` TEXT, `LAB_CROSS8` int (11) DEFAULT NULL, `__taint__LAB_CROSS8` TEXT, `LAB_CROSS9` int (11) DEFAULT NULL, `__taint__LAB_CROSS9` TEXT, `LAB_CROSS10` int (11) DEFAULT NULL, `__taint__LAB_CROSS10` TEXT, `LAB_CROSS11` int (11) DEFAULT NULL, `__taint__LAB_CROSS11` TEXT, `LAB_CROSS12` int (11) DEFAULT NULL, `__taint__LAB_CROSS12` TEXT, `LAB_CROSS13` int (11) DEFAULT NULL, `__taint__LAB_CROSS13` TEXT, `LAB_LOCK` int (11) NOT NULL DEFAULT 0, `__taint__LAB_LOCK` TEXT, `LAB_AGE` int (11) DEFAULT NULL, `__taint__LAB_AGE` TEXT, `LAB_SEX` char (1) DEFAULT NULL, `__taint__LAB_SEX` TEXT, `LAB_MATERIAL` varchar (25) DEFAULT NULL, `__taint__LAB_MATERIAL` TEXT, `LAB_PAT_INOUT` char (1) DEFAULT NULL, `__taint__LAB_PAT_INOUT` TEXT, `LAB_CREATED_BY` varchar (50) DEFAULT NULL, `__taint__LAB_CREATED_BY` TEXT, `LAB_CREATED_DATE` datetime DEFAULT NULL, `__taint__LAB_CREATED_DATE` TEXT, `LAB_LAST_MODIFIED_BY` varchar (50) DEFAULT NULL, `__taint__LAB_LAST_MODIFIED_BY` TEXT, `LAB_LAST_MODIFIED_DATE` datetime DEFAULT NULL, `__taint__LAB_LAST_MODIFIED_DATE` TEXT, `LAB_ACTIVE` tinyint (1) NOT NULL DEFAULT 1, `__taint__LAB_ACTIVE` TEXT, PRIMARY KEY (`LAB_ID`), KEY `FK_LABORATORY_EXAM` (`LAB_EXA_ID_A`), KEY `FK_LABORATORY_PATIENT` (`LAB_PAT_ID`), CONSTRAINT `FK_LABORATORY_EXAM` FOREIGN KEY (`LAB_EXA_ID_A`) REFERENCES `oh_exam`(`EXA_ID_A`) ON DELETE NO ACTION ON UPDATE NO ACTION, CONSTRAINT `FK_LABORATORY_PATIENT` FOREIGN KEY (`LAB_PAT_ID`) REFERENCES `oh_patient`(`PAT_ID`) ON DELETE CASCADE ON UPDATE CASCADE) ENGINE = InnoDB DEFAULT CHARSET = utf8;
/*!40101 SET character_set_client = @saved_cs_client */;

--
-- Dumping data for table `oh_laboratory`
--

LOCK TABLES `oh_laboratory` WRITE;
/*!40000 ALTER TABLE `oh_laboratory` DISABLE KEYS */;
/*!40000 ALTER TABLE `oh_laboratory` ENABLE KEYS */;
UNLOCK TABLES;

--
-- Table structure for table `oh_laboratoryrow`
--

DROP TABLE IF EXISTS `oh_laboratoryrow`;
/*!40101 SET @saved_cs_client     = @@character_set_client */;
/*!40101 SET character_set_client = utf8 */;
CREATE TABLE `oh_laboratoryrow` (`LABR_ID` int (11) NOT NULL AUTO_INCREMENT, `__taint__LABR_ID` TEXT, `LABR_LAB_ID` int (11) NOT NULL, `__taint__LABR_LAB_ID` TEXT, `LABR_DESC` varchar (50) NOT NULL, `__taint__LABR_DESC` TEXT, `LABR_CREATED_BY` varchar (50) DEFAULT NULL, `__taint__LABR_CREATED_BY` TEXT, `LABR_CREATED_DATE` datetime DEFAULT NULL, `__taint__LABR_CREATED_DATE` TEXT, `LABR_LAST_MODIFIED_BY` varchar (50) DEFAULT NULL, `__taint__LABR_LAST_MODIFIED_BY` TEXT, `LABR_LAST_MODIFIED_DATE` datetime DEFAULT NULL, `__taint__LABR_LAST_MODIFIED_DATE` TEXT, `LABR_ACTIVE` tinyint (1) NOT NULL DEFAULT 1, `__taint__LABR_ACTIVE` TEXT, PRIMARY KEY (`LABR_ID`), KEY `FK_LABORATORYROW_LABORATORY` (`LABR_LAB_ID`), CONSTRAINT `FK_LABORATORYROW_LABORATORY` FOREIGN KEY (`LABR_LAB_ID`) REFERENCES `oh_laboratory`(`LAB_ID`) ON DELETE NO ACTION ON UPDATE CASCADE) ENGINE = InnoDB DEFAULT CHARSET = utf8;
/*!40101 SET character_set_client = @saved_cs_client */;

--
-- Dumping data for table `oh_laboratoryrow`
--

LOCK TABLES `oh_laboratoryrow` WRITE;
/*!40000 ALTER TABLE `oh_laboratoryrow` DISABLE KEYS */;
/*!40000 ALTER TABLE `oh_laboratoryrow` ENABLE KEYS */;
UNLOCK TABLES;

--
-- Table structure for table `oh_log`
--

DROP TABLE IF EXISTS `oh_log`;
/*!40101 SET @saved_cs_client     = @@character_set_client */;
/*!40101 SET character_set_client = utf8 */;
CREATE TABLE `oh_log` (`LOG_ID` int (11) NOT NULL AUTO_INCREMENT, `__taint__LOG_ID` TEXT, `LOG_TYPE` int (11) NOT NULL, `__taint__LOG_TYPE` TEXT, `LOG_CLASS` varchar (100) DEFAULT NULL, `__taint__LOG_CLASS` TEXT, `LOG_METHOD` varchar (64) DEFAULT NULL, `__taint__LOG_METHOD` TEXT, `LOG_TIME` datetime NOT NULL, `__taint__LOG_TIME` TEXT, `LOG_MESS` varchar (1024) DEFAULT NULL, `__taint__LOG_MESS` TEXT, `LOG_USER` varchar (50) DEFAULT NULL, `__taint__LOG_USER` TEXT, PRIMARY KEY (`LOG_ID`)) ENGINE = MyISAM DEFAULT CHARSET = latin1;
/*!40101 SET character_set_client = @saved_cs_client */;

--
-- Dumping data for table `oh_log`
--

LOCK TABLES `oh_log` WRITE;
/*!40000 ALTER TABLE `oh_log` DISABLE KEYS */;
/*!40000 ALTER TABLE `oh_log` ENABLE KEYS */;
UNLOCK TABLES;

--
-- Table structure for table `oh_malnutritioncontrol`
--

DROP TABLE IF EXISTS `oh_malnutritioncontrol`;
/*!40101 SET @saved_cs_client     = @@character_set_client */;
/*!40101 SET character_set_client = utf8 */;
CREATE TABLE `oh_malnutritioncontrol` (`MLN_ID` int (11) NOT NULL AUTO_INCREMENT, `__taint__MLN_ID` TEXT, `MLN_DATE_SUPP` datetime NOT NULL, `__taint__MLN_DATE_SUPP` TEXT, `MNL_DATE_CONF` datetime DEFAULT NULL, `__taint__MNL_DATE_CONF` TEXT, `MLN_ADM_ID` int (11) NOT NULL, `__taint__MLN_ADM_ID` TEXT, `MLN_HEIGHT` float NOT NULL, `__taint__MLN_HEIGHT` TEXT, `MLN_WEIGHT` float NOT NULL, `__taint__MLN_WEIGHT` TEXT, `MLN_LOCK` int (11) NOT NULL DEFAULT 0, `__taint__MLN_LOCK` TEXT, `MLN_CREATED_BY` varchar (50) DEFAULT NULL, `__taint__MLN_CREATED_BY` TEXT, `MLN_CREATED_DATE` datetime DEFAULT NULL, `__taint__MLN_CREATED_DATE` TEXT, `MLN_LAST_MODIFIED_BY` varchar (50) DEFAULT NULL, `__taint__MLN_LAST_MODIFIED_BY` TEXT, `MLN_LAST_MODIFIED_DATE` datetime DEFAULT NULL, `__taint__MLN_LAST_MODIFIED_DATE` TEXT, `MLN_ACTIVE` tinyint (1) NOT NULL DEFAULT 1, `__taint__MLN_ACTIVE` TEXT, PRIMARY KEY (`MLN_ID`)) ENGINE = InnoDB DEFAULT CHARSET = utf8;
/*!40101 SET character_set_client = @saved_cs_client */;

--
-- Dumping data for table `oh_malnutritioncontrol`
--

LOCK TABLES `oh_malnutritioncontrol` WRITE;
/*!40000 ALTER TABLE `oh_malnutritioncontrol` DISABLE KEYS */;
/*!40000 ALTER TABLE `oh_malnutritioncontrol` ENABLE KEYS */;
UNLOCK TABLES;

--
-- Table structure for table `oh_medicaldsr`
--

DROP TABLE IF EXISTS `oh_medicaldsr`;
/*!40101 SET @saved_cs_client     = @@character_set_client */;
/*!40101 SET character_set_client = utf8 */;
CREATE TABLE `oh_medicaldsr` (`MDSR_ID` int (11) NOT NULL AUTO_INCREMENT, `__taint__MDSR_ID` TEXT, `MDSR_MDSRT_ID_A` char (1) NOT NULL, `__taint__MDSR_MDSRT_ID_A` TEXT, `MDSR_CODE` varchar (5) NOT NULL, `__taint__MDSR_CODE` TEXT, `MDSR_DESC` varchar (100) NOT NULL, `__taint__MDSR_DESC` TEXT, `MDSR_MIN_STOCK_QTI` float NOT NULL DEFAULT 0, `__taint__MDSR_MIN_STOCK_QTI` TEXT, `MDSR_INI_STOCK_QTI` float NOT NULL DEFAULT 0, `__taint__MDSR_INI_STOCK_QTI` TEXT, `MDSR_PCS_X_PCK` int (11) NOT NULL, `__taint__MDSR_PCS_X_PCK` TEXT, `MDSR_IN_QTI` float NOT NULL DEFAULT 0, `__taint__MDSR_IN_QTI` TEXT, `MDSR_OUT_QTI` float NOT NULL DEFAULT 0, `__taint__MDSR_OUT_QTI` TEXT, `MDSR_LOCK` int (11) NOT NULL DEFAULT 0, `__taint__MDSR_LOCK` TEXT, `MDSR_CREATED_BY` varchar (50) DEFAULT NULL, `__taint__MDSR_CREATED_BY` TEXT, `MDSR_CREATED_DATE` datetime DEFAULT NULL, `__taint__MDSR_CREATED_DATE` TEXT, `MDSR_LAST_MODIFIED_BY` varchar (50) DEFAULT NULL, `__taint__MDSR_LAST_MODIFIED_BY` TEXT, `MDSR_LAST_MODIFIED_DATE` datetime DEFAULT NULL, `__taint__MDSR_LAST_MODIFIED_DATE` TEXT, `MDSR_ACTIVE` tinyint (1) NOT NULL DEFAULT 1, `__taint__MDSR_ACTIVE` TEXT, PRIMARY KEY (`MDSR_ID`), UNIQUE KEY `MDSR_MDSRT_ID_A` (`MDSR_MDSRT_ID_A`, `MDSR_DESC`), CONSTRAINT `FK_MEDICALDSR_MEDICALDSRTYPE` FOREIGN KEY (`MDSR_MDSRT_ID_A`) REFERENCES `oh_medicaldsrtype`(`MDSRT_ID_A`) ON DELETE NO ACTION ON UPDATE CASCADE) ENGINE = InnoDB AUTO_INCREMENT = 398 DEFAULT CHARSET = utf8;
/*!40101 SET character_set_client = @saved_cs_client */;

--
-- Dumping data for table `oh_medicaldsr`
--

LOCK TABLES `oh_medicaldsr` WRITE;
/*!40000 ALTER TABLE `oh_medicaldsr` DISABLE KEYS */;
INSERT INTO `oh_medicaldsr` VALUES (1, '0', 'K', '0', '', '0', 'Glucose Test Strip', '0', 0, '0', 0, '0', 0, '0', 0, '0', 0, '0', 0, '0', NULL, '0', NULL, '0', NULL, '0', NULL, '0', 1, '0'), (2, '0', 'L', '0', '', '0', 'Acetic Acid Glacial 1 ltr', '0', 0, '0', 0, '0', 0, '0', 0, '0', 0, '0', 0, '0', NULL, '0', NULL, '0', NULL, '0', NULL, '0', 1, '0'), (3, '0', 'L', '0', '', '0', 'Aceton 99% 1ltr', '0', 0, '0', 0, '0', 0, '0', 0, '0', 0, '0', 0, '0', NULL, '0', NULL, '0', NULL, '0', NULL, '0', 1, '0'), (4, '0', 'L', '0', '', '0', 'Copper 11 Sulphate 500g', '0', 0, '0', 0, '0', 0, '0', 0, '0', 0, '0', 0, '0', NULL, '0', NULL, '0', NULL, '0', NULL, '0', 1, '0'), (5, '0', 'L', '0', '', '0', 'EDTA Di- sodium salt 100g', '0', 0, '0', 0, '0', 0, '0', 0, '0', 0, '0', 0, '0', NULL, '0', NULL, '0', NULL, '0', NULL, '0', 1, '0'), (6, '0', 'L', '0', '', '0', 'Ethanol Absolute 1ltr', '0', 0, '0', 0, '0', 0, '0', 0, '0', 0, '0', 0, '0', NULL, '0', NULL, '0', NULL, '0', NULL, '0', 1, '0'), (7, '0', 'L', '0', '', '0', 'Formaldehyde solution 35-38% 1ltr', '0', 0, '0', 0, '0', 0, '0', 0, '0', 0, '0', 0, '0', NULL, '0', NULL, '0', NULL, '0', NULL, '0', 1, '0'), (8, '0', 'L', '0', '', '0', 'Hydrochloric Acid 30-33% 1ltr', '0', 0, '0', 0, '0', 0, '0', 0, '0', 0, '0', 0, '0', NULL, '0', NULL, '0', NULL, '0', NULL, '0', 1, '0'), (9, '0', 'L', '0', '', '0', 'Iodine Crystal 100g', '0', 0, '0', 0, '0', 0, '0', 0, '0', 0, '0', 0, '0', NULL, '0', NULL, '0', NULL, '0', NULL, '0', 1, '0'), (10, '0', 'L', '0', '', '0', 'Methanol 99% 1ltr', '0', 0, '0', 0, '0', 0, '0', 0, '0', 0, '0', 0, '0', NULL, '0', NULL, '0', NULL, '0', NULL, '0', 1, '0'), (11, '0', 'L', '0', '', '0', 'Phenol crystals 1kg', '0', 0, '0', 0, '0', 0, '0', 0, '0', 0, '0', 0, '0', NULL, '0', NULL, '0', NULL, '0', NULL, '0', 1, '0'), (12, '0', 'L', '0', '', '0', 'Potassium iodide 100g', '0', 0, '0', 0, '0', 0, '0', 0, '0', 0, '0', 0, '0', NULL, '0', NULL, '0', NULL, '0', NULL, '0', 1, '0'), (13, '0', 'L', '0', '', '0', 'Sodium Carbonate Anhydrous 500g', '0', 0, '0', 0, '0', 0, '0', 0, '0', 0, '0', 0, '0', NULL, '0', NULL, '0', NULL, '0', NULL, '0', 1, '0'), (14, '0', 'L', '0', '', '0', 'Sodium Citrate 100g', '0', 0, '0', 0, '0', 0, '0', 0, '0', 0, '0', 0, '0', NULL, '0', NULL, '0', NULL, '0', NULL, '0', 1, '0'), (15, '0', 'L', '0', '', '0', 'Sodium Sulphate 500g', '0', 0, '0', 0, '0', 0, '0', 0, '0', 0, '0', 0, '0', NULL, '0', NULL, '0', NULL, '0', NULL, '0', 1, '0'), (16, '0', 'L', '0', '', '0', 'Sodium Nitrate 25g', '0', 0, '0', 0, '0', 0, '0', 0, '0', 0, '0', 0, '0', NULL, '0', NULL, '0', NULL, '0', NULL, '0', 1, '0'), (17, '0', 'L', '0', '', '0', 'Sulphosalicylic Acid 500g', '0', 0, '0', 0, '0', 0, '0', 0, '0', 0, '0', 0, '0', NULL, '0', NULL, '0', NULL, '0', NULL, '0', 1, '0'), (18, '0', 'L', '0', '', '0', 'Sulphuric Acid Conc 1ltr', '0', 0, '0', 0, '0', 0, '0', 0, '0', 0, '0', 0, '0', NULL, '0', NULL, '0', NULL, '0', NULL, '0', 1, '0'), (19, '0', 'L', '0', '', '0', 'Xylene 2.5 ltrs', '0', 0, '0', 0, '0', 0, '0', 0, '0', 0, '0', 0, '0', NULL, '0', NULL, '0', NULL, '0', NULL, '0', 1, '0'), (20, '0', 'L', '0', '', '0', 'Sodium Fluoride', '0', 0, '0', 0, '0', 0, '0', 0, '0', 0, '0', 0, '0', NULL, '0', NULL, '0', NULL, '0', NULL, '0', 1, '0'), (21, '0', 'L', '0', '', '0', 'Potassium Oxalate', '0', 0, '0', 0, '0', 0, '0', 0, '0', 0, '0', 0, '0', NULL, '0', NULL, '0', NULL, '0', NULL, '0', 1, '0'), (22, '0', 'L', '0', '', '0', 'Brilliant Cresyl Blue', '0', 0, '0', 0, '0', 0, '0', 0, '0', 0, '0', 0, '0', NULL, '0', NULL, '0', NULL, '0', NULL, '0', 1, '0'), (23, '0', 'L', '0', '', '0', 'Ammonium Oxalate', '0', 0, '0', 0, '0', 0, '0', 0, '0', 0, '0', 0, '0', NULL, '0', NULL, '0', NULL, '0', NULL, '0', 1, '0'), (24, '0', 'L', '0', '', '0', '4 Dimethyl Aminobenzaldelyde', '0', 0, '0', 0, '0', 0, '0', 0, '0', 0, '0', 0, '0', NULL, '0', NULL, '0', NULL, '0', NULL, '0', 1, '0'), (25, '0', 'L', '0', '', '0', 'Trichloro acetic Acid', '0', 0, '0', 0, '0', 0, '0', 0, '0', 0, '0', 0, '0', NULL, '0', NULL, '0', NULL, '0', NULL, '0', 1, '0'), (26, '0', 'L', '0', '', '0', 'Non 111 Chloride (Ferric chloride)', '0', 0, '0', 0, '0', 0, '0', 0, '0', 0, '0', 0, '0', NULL, '0', NULL, '0', NULL, '0', NULL, '0', 1, '0'), (27, '0', 'L', '0', '', '0', 'Sodium Carbonate Anhydrous', '0', 0, '0', 0, '0', 0, '0', 0, '0', 0, '0', 0, '0', NULL, '0', NULL, '0', NULL, '0', NULL, '0', 1, '0'), (28, '0', 'L', '0', '', '0', 'Trisodium Citrate', '0', 0, '0', 0, '0', 0, '0', 0, '0', 0, '0', 0, '0', NULL, '0', NULL, '0', NULL, '0', NULL, '0', 1, '0'), (29, '0', 'L', '0', '', '0', 'Crystal Violet', '0', 0, '0', 0, '0', 0, '0', 0, '0', 0, '0', 0, '0', NULL, '0', NULL, '0', NULL, '0', NULL, '0', 1, '0'), (30, '0', 'K', '0', '', '0', 'GPT (ALT) 200ml ( Does not have NAOH)', '0', 0, '0', 0, '0', 0, '0', 0, '0', 0, '0', 0, '0', NULL, '0', NULL, '0', NULL, '0', NULL, '0', 1, '0'), (31, '0', 'K', '0', '', '0', 'GOT ( AST) 200ml has no NAOH) AS 101', '0', 0, '0', 0, '0', 0, '0', 0, '0', 0, '0', 0, '0', NULL, '0', NULL, '0', NULL, '0', NULL, '0', 1, '0'), (32, '0', 'K', '0', '', '0', 'GOT ( AST) 200ml (Calorimetric) AS 147', '0', 0, '0', 0, '0', 0, '0', 0, '0', 0, '0', 0, '0', NULL, '0', NULL, '0', NULL, '0', NULL, '0', 1, '0'), (33, '0', 'K', '0', '', '0', 'HIV 1/2 Capillus Kit 100Tests', '0', 0, '0', 0, '0', 0, '0', 0, '0', 0, '0', 0, '0', NULL, '0', NULL, '0', NULL, '0', NULL, '0', 1, '0'), (34, '0', 'K', '0', '', '0', 'HIV Buffer for determine Kit', '0', 0, '0', 0, '0', 0, '0', 0, '0', 0, '0', 0, '0', NULL, '0', NULL, '0', NULL, '0', NULL, '0', 1, '0'), (35, '0', 'K', '0', '', '0', 'HIV Determine 1/11 (Abbott) 100Tests', '0', 0, '0', 0, '0', 0, '0', 0, '0', 0, '0', 0, '0', NULL, '0', NULL, '0', NULL, '0', NULL, '0', 1, '0'), (36, '0', 'K', '0', '', '0', 'HIV UNIGOLD 1/11 Test Kits 20 Tests', '0', 0, '0', 0, '0', 0, '0', 0, '0', 0, '0', 0, '0', NULL, '0', NULL, '0', NULL, '0', NULL, '0', 1, '0'), (37, '0', 'K', '0', '', '0', 'Pregnacy ( HGG Latex) 50 tests', '0', 0, '0', 0, '0', 0, '0', 0, '0', 0, '0', 0, '0', NULL, '0', NULL, '0', NULL, '0', NULL, '0', 1, '0'), (38, '0', 'K', '0', '', '0', 'RPR 125mm x 75mm', '0', 0, '0', 0, '0', 0, '0', 0, '0', 0, '0', 0, '0', NULL, '0', NULL, '0', NULL, '0', NULL, '0', 1, '0'), (39, '0', 'K', '0', '', '0', 'RPR ( VDRL Carbon ) Antigen 5ml', '0', 0, '0', 0, '0', 0, '0', 0, '0', 0, '0', 0, '0', NULL, '0', NULL, '0', NULL, '0', NULL, '0', 1, '0'), (40, '0', 'D', '0', '', '0', 'Adrenaline 1mg/ml 1ml Amp', '0', 0, '0', 0, '0', 0, '0', 0, '0', 0, '0', 0, '0', NULL, '0', NULL, '0', NULL, '0', NULL, '0', 1, '0'), (41, '0', 'D', '0', '', '0', 'Aminophylline 25mg/ml,10ml Amp', '0', 0, '0', 0, '0', 0, '0', 0, '0', 0, '0', 0, '0', NULL, '0', NULL, '0', NULL, '0', NULL, '0', 1, '0'), (42, '0', 'D', '0', '', '0', 'Amphotericin B 50mg Vial', '0', 0, '0', 0, '0', 0, '0', 0, '0', 0, '0', 0, '0', NULL, '0', NULL, '0', NULL, '0', NULL, '0', 1, '0'), (43, '0', 'D', '0', '', '0', 'Ampicillin 500mg Vial', '0', 0, '0', 0, '0', 0, '0', 0, '0', 0, '0', 0, '0', NULL, '0', NULL, '0', NULL, '0', NULL, '0', 1, '0'), (44, '0', 'D', '0', '', '0', 'Atropine 1mg/ml 1ml Amp', '0', 0, '0', 0, '0', 0, '0', 0, '0', 0, '0', 0, '0', NULL, '0', NULL, '0', NULL, '0', NULL, '0', 1, '0'), (45, '0', 'D', '0', '', '0', 'Benzathine Penicillin 2.4 MIU Vial', '0', 0, '0', 0, '0', 0, '0', 0, '0', 0, '0', 0, '0', NULL, '0', NULL, '0', NULL, '0', NULL, '0', 1, '0'), (46, '0', 'D', '0', '', '0', 'Benzyl Penicillin 1 MIU Vial', '0', 0, '0', 0, '0', 0, '0', 0, '0', 0, '0', 0, '0', NULL, '0', NULL, '0', NULL, '0', NULL, '0', 1, '0'), (47, '0', 'D', '0', '', '0', 'Benzyl Penicillin 5 MIU Vial', '0', 0, '0', 0, '0', 0, '0', 0, '0', 0, '0', 0, '0', NULL, '0', NULL, '0', NULL, '0', NULL, '0', 1, '0'), (48, '0', 'D', '0', '', '0', 'Chloramphenicol 1g Vial', '0', 0, '0', 0, '0', 0, '0', 0, '0', 0, '0', 0, '0', NULL, '0', NULL, '0', NULL, '0', NULL, '0', 1, '0'), (49, '0', 'D', '0', '', '0', 'Chloroquine 40mg Base/ml 5ml Amp', '0', 0, '0', 0, '0', 0, '0', 0, '0', 0, '0', 0, '0', NULL, '0', NULL, '0', NULL, '0', NULL, '0', 1, '0'), (50, '0', 'D', '0', '', '0', 'Chlorpromazine 25mg/ml/2ml Amp', '0', 0, '0', 0, '0', 0, '0', 0, '0', 0, '0', 0, '0', NULL, '0', NULL, '0', NULL, '0', NULL, '0', 1, '0'), (51, '0', 'D', '0', '', '0', 'Cloxacillin 500mg Vial', '0', 0, '0', 0, '0', 0, '0', 0, '0', 0, '0', 0, '0', NULL, '0', NULL, '0', NULL, '0', NULL, '0', 1, '0'), (52, '0', 'D', '0', '', '0', 'Cyclophosphamide 200mg Vial', '0', 0, '0', 0, '0', 0, '0', 0, '0', 0, '0', 0, '0', NULL, '0', NULL, '0', NULL, '0', NULL, '0', 1, '0'), (53, '0', 'D', '0', '', '0', 'Cyclophosphamide 500mg Vial', '0', 0, '0', 0, '0', 0, '0', 0, '0', 0, '0', 0, '0', NULL, '0', NULL, '0', NULL, '0', NULL, '0', 1, '0'), (54, '0', 'D', '0', '', '0', 'Diazepam 5mg / ml 2ml Amp', '0', 0, '0', 0, '0', 0, '0', 0, '0', 0, '0', 0, '0', NULL, '0', NULL, '0', NULL, '0', NULL, '0', 1, '0'), (55, '0', 'D', '0', '', '0', 'Diclofenac 25mg/ml 3ml Amp', '0', 0, '0', 0, '0', 0, '0', 0, '0', 0, '0', 0, '0', NULL, '0', NULL, '0', NULL, '0', NULL, '0', 1, '0'), (56, '0', 'D', '0', '', '0', 'Digoxin 0.25 mg/ml 2ml Amp', '0', 0, '0', 0, '0', 0, '0', 0, '0', 0, '0', 0, '0', NULL, '0', NULL, '0', NULL, '0', NULL, '0', 1, '0'), (57, '0', 'D', '0', '', '0', 'Furosemide 10mg/ml 2ml Amp', '0', 0, '0', 0, '0', 0, '0', 0, '0', 0, '0', 0, '0', NULL, '0', NULL, '0', NULL, '0', NULL, '0', 1, '0'), (58, '0', 'D', '0', '', '0', 'Gentamicin 40mg/ml 2ml', '0', 0, '0', 0, '0', 0, '0', 0, '0', 0, '0', 0, '0', NULL, '0', NULL, '0', NULL, '0', NULL, '0', 1, '0'), (59, '0', 'D', '0', '', '0', 'Haloperidol 5mg/ml 1ml Amp', '0', 0, '0', 0, '0', 0, '0', 0, '0', 0, '0', 0, '0', NULL, '0', NULL, '0', NULL, '0', NULL, '0', 1, '0'), (60, '0', 'D', '0', '', '0', 'Haloperidol Decanoate 50mg/ml 1ml Amp', '0', 0, '0', 0, '0', 0, '0', 0, '0', 0, '0', 0, '0', NULL, '0', NULL, '0', NULL, '0', NULL, '0', 1, '0'), (61, '0', 'D', '0', '', '0', 'Hydralazine 20mg Vial', '0', 0, '0', 0, '0', 0, '0', 0, '0', 0, '0', 0, '0', NULL, '0', NULL, '0', NULL, '0', NULL, '0', 1, '0'), (62, '0', 'D', '0', '', '0', 'Hydrocortisone 100mg Vial', '0', 0, '0', 0, '0', 0, '0', 0, '0', 0, '0', 0, '0', NULL, '0', NULL, '0', NULL, '0', NULL, '0', 1, '0'), (63, '0', 'D', '0', '', '0', 'Hyoscine Butyl Bromide 20mg/ml/ Amp', '0', 0, '0', 0, '0', 0, '0', 0, '0', 0, '0', 0, '0', NULL, '0', NULL, '0', NULL, '0', NULL, '0', 1, '0'), (64, '0', 'D', '0', '', '0', 'Insulin Soluble 100IU/ml 10ml Vial', '0', 0, '0', 0, '0', 0, '0', 0, '0', 0, '0', 0, '0', NULL, '0', NULL, '0', NULL, '0', NULL, '0', 1, '0'), (65, '0', 'D', '0', '', '0', 'Insulin Isophane 100IU/ml 10ml Vial', '0', 0, '0', 0, '0', 0, '0', 0, '0', 0, '0', 0, '0', NULL, '0', NULL, '0', NULL, '0', NULL, '0', 1, '0'), (66, '0', 'D', '0', '', '0', 'Insulin Mixtard 30/70 100IU/ml 10ml Vial', '0', 0, '0', 0, '0', 0, '0', 0, '0', 0, '0', 0, '0', NULL, '0', NULL, '0', NULL, '0', NULL, '0', 1, '0'), (67, '0', 'D', '0', '', '0', 'Insulin Mixtard 30/70 100IU/ml 5x3ml catridges', '0', 0, '0', 0, '0', 0, '0', 0, '0', 0, '0', 0, '0', NULL, '0', NULL, '0', NULL, '0', NULL, '0', 1, '0'), (68, '0', 'D', '0', '', '0', 'Insulin Isophane 40IU/ml 10ml', '0', 0, '0', 0, '0', 0, '0', 0, '0', 0, '0', 0, '0', NULL, '0', NULL, '0', NULL, '0', NULL, '0', 1, '0'), (69, '0', 'D', '0', '', '0', 'Iron Dextran 10mg/ml 2ml Vial', '0', 0, '0', 0, '0', 0, '0', 0, '0', 0, '0', 0, '0', NULL, '0', NULL, '0', NULL, '0', NULL, '0', 1, '0'), (70, '0', 'D', '0', '', '0', 'Ketamine 10mg/ml 20ml Vial', '0', 0, '0', 0, '0', 0, '0', 0, '0', 0, '0', 0, '0', NULL, '0', NULL, '0', NULL, '0', NULL, '0', 1, '0'), (71, '0', 'D', '0', '', '0', 'Ketamine 10mg/ml 10ml Vial', '0', 0, '0', 0, '0', 0, '0', 0, '0', 0, '0', 0, '0', NULL, '0', NULL, '0', NULL, '0', NULL, '0', 1, '0'), (72, '0', 'D', '0', '', '0', 'Lignocaine 2% 20ml Vial', '0', 0, '0', 0, '0', 0, '0', 0, '0', 0, '0', 0, '0', NULL, '0', NULL, '0', NULL, '0', NULL, '0', 1, '0'), (73, '0', 'D', '0', '', '0', 'Lignocaine 2% Adrenaline Dent.cartridges', '0', 0, '0', 0, '0', 0, '0', 0, '0', 0, '0', 0, '0', NULL, '0', NULL, '0', NULL, '0', NULL, '0', 1, '0'), (74, '0', 'D', '0', '', '0', 'Lignocaine spinal 50mg/ml 2ml Amp', '0', 0, '0', 0, '0', 0, '0', 0, '0', 0, '0', 0, '0', NULL, '0', NULL, '0', NULL, '0', NULL, '0', 1, '0'), (75, '0', 'D', '0', '', '0', 'Methylergomeatrine 0.2mg/ml 1ml Amp', '0', 0, '0', 0, '0', 0, '0', 0, '0', 0, '0', 0, '0', NULL, '0', NULL, '0', NULL, '0', NULL, '0', 1, '0'), (76, '0', 'D', '0', '', '0', 'Methylergomeatrine 0.5mg/ml 1ml Amp', '0', 0, '0', 0, '0', 0, '0', 0, '0', 0, '0', 0, '0', NULL, '0', NULL, '0', NULL, '0', NULL, '0', 1, '0'), (77, '0', 'D', '0', '', '0', 'Metoclopramide 5mg/ml 100ml Amp', '0', 0, '0', 0, '0', 0, '0', 0, '0', 0, '0', 0, '0', NULL, '0', NULL, '0', NULL, '0', NULL, '0', 1, '0'), (78, '0', 'D', '0', '', '0', 'Metronidazole 5mg/ml 2ml IV', '0', 0, '0', 0, '0', 0, '0', 0, '0', 0, '0', 0, '0', NULL, '0', NULL, '0', NULL, '0', NULL, '0', 1, '0'), (79, '0', 'D', '0', '', '0', 'Morphine 15mg/ml 1ml Amp', '0', 0, '0', 0, '0', 0, '0', 0, '0', 0, '0', 0, '0', NULL, '0', NULL, '0', NULL, '0', NULL, '0', 1, '0'), (80, '0', 'D', '0', '', '0', 'Oxytocin 10 IU/ml 1ml Amp', '0', 0, '0', 0, '0', 0, '0', 0, '0', 0, '0', 0, '0', NULL, '0', NULL, '0', NULL, '0', NULL, '0', 1, '0'), (81, '0', 'D', '0', '', '0', 'Pethidine 100mg/ml 2ml Amp', '0', 0, '0', 0, '0', 0, '0', 0, '0', 0, '0', 0, '0', NULL, '0', NULL, '0', NULL, '0', NULL, '0', 1, '0'), (82, '0', 'D', '0', '', '0', 'Pethidine 50mg/ml 1ml Amp', '0', 0, '0', 0, '0', 0, '0', 0, '0', 0, '0', 0, '0', NULL, '0', NULL, '0', NULL, '0', NULL, '0', 1, '0'), (83, '0', 'D', '0', '', '0', 'Phenobarbital 100mg/ml 2ml Amp', '0', 0, '0', 0, '0', 0, '0', 0, '0', 0, '0', 0, '0', NULL, '0', NULL, '0', NULL, '0', NULL, '0', 1, '0'), (84, '0', 'D', '0', '', '0', 'Phytomenadione 10mg/ml 1ml Amp', '0', 0, '0', 0, '0', 0, '0', 0, '0', 0, '0', 0, '0', NULL, '0', NULL, '0', NULL, '0', NULL, '0', 1, '0'), (85, '0', 'D', '0', '', '0', 'Phytomenadione 1mg/ml 1ml Amp', '0', 0, '0', 0, '0', 0, '0', 0, '0', 0, '0', 0, '0', NULL, '0', NULL, '0', NULL, '0', NULL, '0', 1, '0'), (86, '0', 'D', '0', '', '0', 'Procaine Penicillin Fortified 4 MIU Vial', '0', 0, '0', 0, '0', 0, '0', 0, '0', 0, '0', 0, '0', NULL, '0', NULL, '0', NULL, '0', NULL, '0', 1, '0'), (87, '0', 'D', '0', '', '0', 'Promethazine 25mg/ml 2ml Amp', '0', 0, '0', 0, '0', 0, '0', 0, '0', 0, '0', 0, '0', NULL, '0', NULL, '0', NULL, '0', NULL, '0', 1, '0'), (88, '0', 'D', '0', '', '0', 'Quinine Di-HCI 300mg/ml 2ml Amp', '0', 0, '0', 0, '0', 0, '0', 0, '0', 0, '0', 0, '0', NULL, '0', NULL, '0', NULL, '0', NULL, '0', 1, '0'), (89, '0', 'D', '0', '', '0', 'Ranitidine 25mg/ml 2ml Amp', '0', 0, '0', 0, '0', 0, '0', 0, '0', 0, '0', 0, '0', NULL, '0', NULL, '0', NULL, '0', NULL, '0', 1, '0'), (90, '0', 'D', '0', '', '0', 'Streptomycin 1g Vial', '0', 0, '0', 0, '0', 0, '0', 0, '0', 0, '0', 0, '0', NULL, '0', NULL, '0', NULL, '0', NULL, '0', 1, '0'), (91, '0', 'D', '0', '', '0', 'Suxamethonium 500mg Vial', '0', 0, '0', 0, '0', 0, '0', 0, '0', 0, '0', 0, '0', NULL, '0', NULL, '0', NULL, '0', NULL, '0', 1, '0'), (92, '0', 'D', '0', '', '0', 'Suxamethonium 500mg/ml 2ml Amp', '0', 0, '0', 0, '0', 0, '0', 0, '0', 0, '0', 0, '0', NULL, '0', NULL, '0', NULL, '0', NULL, '0', 1, '0'), (93, '0', 'D', '0', '', '0', 'tetanus Antitoxin 1500 IU 1ml Amp', '0', 0, '0', 0, '0', 0, '0', 0, '0', 0, '0', 0, '0', NULL, '0', NULL, '0', NULL, '0', NULL, '0', 1, '0'), (94, '0', 'D', '0', '', '0', 'Thiopental Sodium 500mg Vial', '0', 0, '0', 0, '0', 0, '0', 0, '0', 0, '0', 0, '0', NULL, '0', NULL, '0', NULL, '0', NULL, '0', 1, '0'), (95, '0', 'D', '0', '', '0', 'Water for Injection 10ml Vial', '0', 0, '0', 0, '0', 0, '0', 0, '0', 0, '0', 0, '0', NULL, '0', NULL, '0', NULL, '0', NULL, '0', 1, '0'), (96, '0', 'D', '0', '', '0', 'Sodium Chloride 0.9% IV 500ml', '0', 0, '0', 0, '0', 0, '0', 0, '0', 0, '0', 0, '0', NULL, '0', NULL, '0', NULL, '0', NULL, '0', 1, '0'), (97, '0', 'D', '0', '', '0', 'Sodium Lactate Compound IV 500ml', '0', 0, '0', 0, '0', 0, '0', 0, '0', 0, '0', 0, '0', NULL, '0', NULL, '0', NULL, '0', NULL, '0', 1, '0'), (98, '0', 'D', '0', '', '0', 'Acetazolamide 250mg Tab', '0', 0, '0', 0, '0', 0, '0', 0, '0', 0, '0', 0, '0', NULL, '0', NULL, '0', NULL, '0', NULL, '0', 1, '0'), (99, '0', 'D', '0', '', '0', 'Acyclovir 200mg Tab', '0', 0, '0', 0, '0', 0, '0', 0, '0', 0, '0', 0, '0', NULL, '0', NULL, '0', NULL, '0', NULL, '0', 1, '0'), (100, '0', 'D', '0', '', '0', 'Aciclovir', '0', 0, '0', 0, '0', 0, '0', 0, '0', 0, '0', 0, '0', NULL, '0', NULL, '0', NULL, '0', NULL, '0', 1, '0'), (101, '0', 'D', '0', '', '0', 'Aminophylline 100mg Tab', '0', 0, '0', 0, '0', 0, '0', 0, '0', 0, '0', 0, '0', NULL, '0', NULL, '0', NULL, '0', NULL, '0', 1, '0'), (102, '0', 'D', '0', '', '0', 'Albendazole 400mg Tab', '0', 0, '0', 0, '0', 0, '0', 0, '0', 0, '0', 0, '0', NULL, '0', NULL, '0', NULL, '0', NULL, '0', 1, '0'), (103, '0', 'D', '0', '', '0', 'Albendazole 200mg Tab', '0', 0, '0', 0, '0', 0, '0', 0, '0', 0, '0', 0, '0', NULL, '0', NULL, '0', NULL, '0', NULL, '0', 1, '0'), (104, '0', 'D', '0', '', '0', 'Amitriptyline 25mg Tab', '0', 0, '0', 0, '0', 0, '0', 0, '0', 0, '0', 0, '0', NULL, '0', NULL, '0', NULL, '0', NULL, '0', 1, '0'), (105, '0', 'D', '0', '', '0', 'Amoxicillin 250mg Caps', '0', 0, '0', 0, '0', 0, '0', 0, '0', 0, '0', 0, '0', NULL, '0', NULL, '0', NULL, '0', NULL, '0', 1, '0'), (106, '0', 'D', '0', '', '0', 'Amoxicillin /Clavulanate 375mg Tab', '0', 0, '0', 0, '0', 0, '0', 0, '0', 0, '0', 0, '0', NULL, '0', NULL, '0', NULL, '0', NULL, '0', 1, '0'), (107, '0', 'D', '0', '', '0', 'Ascorbic Acid 100mg tab', '0', 0, '0', 0, '0', 0, '0', 0, '0', 0, '0', 0, '0', NULL, '0', NULL, '0', NULL, '0', NULL, '0', 1, '0'), (108, '0', 'D', '0', '', '0', 'Aspirin 300mg Tab', '0', 0, '0', 0, '0', 0, '0', 0, '0', 0, '0', 0, '0', NULL, '0', NULL, '0', NULL, '0', NULL, '0', 1, '0'), (109, '0', 'D', '0', '', '0', 'Atenolol 50mg Tab', '0', 0, '0', 0, '0', 0, '0', 0, '0', 0, '0', 0, '0', NULL, '0', NULL, '0', NULL, '0', NULL, '0', 1, '0'), (110, '0', 'D', '0', '', '0', 'Atenolol 100mg Tab', '0', 0, '0', 0, '0', 0, '0', 0, '0', 0, '0', 0, '0', NULL, '0', NULL, '0', NULL, '0', NULL, '0', 1, '0'), (111, '0', 'D', '0', '', '0', 'Bendrofluazide 5mg Tab', '0', 0, '0', 0, '0', 0, '0', 0, '0', 0, '0', 0, '0', NULL, '0', NULL, '0', NULL, '0', NULL, '0', 1, '0'), (112, '0', 'D', '0', '', '0', 'Benzhexol 2mg Tab', '0', 0, '0', 0, '0', 0, '0', 0, '0', 0, '0', 0, '0', NULL, '0', NULL, '0', NULL, '0', NULL, '0', 1, '0'), (113, '0', 'D', '0', '', '0', 'Benzhexol 5mg Tab', '0', 0, '0', 0, '0', 0, '0', 0, '0', 0, '0', 0, '0', NULL, '0', NULL, '0', NULL, '0', NULL, '0', 1, '0'), (114, '0', 'D', '0', '', '0', 'Bisacodyl 5mg Tab', '0', 0, '0', 0, '0', 0, '0', 0, '0', 0, '0', 0, '0', NULL, '0', NULL, '0', NULL, '0', NULL, '0', 1, '0'), (115, '0', 'D', '0', '', '0', 'Calcium Lactate 300mg Tab', '0', 0, '0', 0, '0', 0, '0', 0, '0', 0, '0', 0, '0', NULL, '0', NULL, '0', NULL, '0', NULL, '0', 1, '0'), (116, '0', 'D', '0', '', '0', 'Carbamazepine 200mg Tab', '0', 0, '0', 0, '0', 0, '0', 0, '0', 0, '0', 0, '0', NULL, '0', NULL, '0', NULL, '0', NULL, '0', 1, '0'), (117, '0', 'D', '0', '', '0', 'Carbimazole 5mg Tab', '0', 0, '0', 0, '0', 0, '0', 0, '0', 0, '0', 0, '0', NULL, '0', NULL, '0', NULL, '0', NULL, '0', 1, '0'), (118, '0', 'D', '0', '', '0', 'Charcoal 250mg Tab', '0', 0, '0', 0, '0', 0, '0', 0, '0', 0, '0', 0, '0', NULL, '0', NULL, '0', NULL, '0', NULL, '0', 1, '0'), (119, '0', 'D', '0', '', '0', 'Chloramphenicol 250mg Caps', '0', 0, '0', 0, '0', 0, '0', 0, '0', 0, '0', 0, '0', NULL, '0', NULL, '0', NULL, '0', NULL, '0', 1, '0'), (120, '0', 'D', '0', '', '0', 'Chloroquine Uncoated 150mg Tab', '0', 0, '0', 0, '0', 0, '0', 0, '0', 0, '0', 0, '0', NULL, '0', NULL, '0', NULL, '0', NULL, '0', 1, '0'), (121, '0', 'D', '0', '', '0', 'Chloroquine Coated 150mg Tab', '0', 0, '0', 0, '0', 0, '0', 0, '0', 0, '0', 0, '0', NULL, '0', NULL, '0', NULL, '0', NULL, '0', 1, '0'), (122, '0', 'K', '0', '', '0', 'UREA Calorimetric 300 Tests', '0', 0, '0', 0, '0', 0, '0', 0, '0', 0, '0', 0, '0', NULL, '0', NULL, '0', NULL, '0', NULL, '0', 1, '0'), (123, '0', 'D', '0', '', '0', 'Chlorphenimine 4mg Tab', '0', 0, '0', 0, '0', 0, '0', 0, '0', 0, '0', 0, '0', NULL, '0', NULL, '0', NULL, '0', NULL, '0', 1, '0'), (124, '0', 'D', '0', '', '0', 'Chlorpromazine 100mg Tab', '0', 0, '0', 0, '0', 0, '0', 0, '0', 0, '0', 0, '0', NULL, '0', NULL, '0', NULL, '0', NULL, '0', 1, '0'), (125, '0', 'D', '0', '', '0', 'Chlorpromazine 25mg Tab', '0', 0, '0', 0, '0', 0, '0', 0, '0', 0, '0', 0, '0', NULL, '0', NULL, '0', NULL, '0', NULL, '0', 1, '0'), (126, '0', 'D', '0', '', '0', 'Cimetidine 200mg Tab', '0', 0, '0', 0, '0', 0, '0', 0, '0', 0, '0', 0, '0', NULL, '0', NULL, '0', NULL, '0', NULL, '0', 1, '0'), (127, '0', 'D', '0', '', '0', 'Cimetidine 400mg Tab', '0', 0, '0', 0, '0', 0, '0', 0, '0', 0, '0', 0, '0', NULL, '0', NULL, '0', NULL, '0', NULL, '0', 1, '0'), (128, '0', 'D', '0', '', '0', 'Ciprofloxacine 500mg Tab', '0', 0, '0', 0, '0', 0, '0', 0, '0', 0, '0', 0, '0', NULL, '0', NULL, '0', NULL, '0', NULL, '0', 1, '0'), (129, '0', 'D', '0', '', '0', 'Ciprofloxacine 250mg Tab', '0', 0, '0', 0, '0', 0, '0', 0, '0', 0, '0', 0, '0', NULL, '0', NULL, '0', NULL, '0', NULL, '0', 1, '0'), (130, '0', 'D', '0', '', '0', 'Cloxacillin 250mg Tab', '0', 0, '0', 0, '0', 0, '0', 0, '0', 0, '0', 0, '0', NULL, '0', NULL, '0', NULL, '0', NULL, '0', 1, '0'), (131, '0', 'D', '0', '', '0', 'Codein Phosphate 30mg Tab', '0', 0, '0', 0, '0', 0, '0', 0, '0', 0, '0', 0, '0', NULL, '0', NULL, '0', NULL, '0', NULL, '0', 1, '0'), (132, '0', 'D', '0', '', '0', 'Cotrimoxazole 100/20mg Paed Tab', '0', 0, '0', 0, '0', 0, '0', 0, '0', 0, '0', 0, '0', NULL, '0', NULL, '0', NULL, '0', NULL, '0', 1, '0'), (133, '0', 'D', '0', '', '0', 'Cotrimoxazole 400/80mg Tab', '0', 0, '0', 0, '0', 0, '0', 0, '0', 0, '0', 0, '0', NULL, '0', NULL, '0', NULL, '0', NULL, '0', 1, '0'), (134, '0', 'D', '0', '', '0', 'Darrows Half Strength 500ml', '0', 0, '0', 0, '0', 0, '0', 0, '0', 0, '0', 0, '0', NULL, '0', NULL, '0', NULL, '0', NULL, '0', 1, '0'), (135, '0', 'D', '0', '', '0', 'Dexamethasone 4mg/ml 2ml Amp', '0', 0, '0', 0, '0', 0, '0', 0, '0', 0, '0', 0, '0', NULL, '0', NULL, '0', NULL, '0', NULL, '0', 1, '0'), (136, '0', 'D', '0', '', '0', 'Dexamethasone 4mg/ml 1ml Amp', '0', 0, '0', 0, '0', 0, '0', 0, '0', 0, '0', 0, '0', NULL, '0', NULL, '0', NULL, '0', NULL, '0', 1, '0'), (137, '0', 'D', '0', '', '0', 'Dextrose 5% IV 500ml', '0', 0, '0', 0, '0', 0, '0', 0, '0', 0, '0', 0, '0', NULL, '0', NULL, '0', NULL, '0', NULL, '0', 1, '0'), (138, '0', 'D', '0', '', '0', 'Dextrose 30% IV 100ml', '0', 0, '0', 0, '0', 0, '0', 0, '0', 0, '0', 0, '0', NULL, '0', NULL, '0', NULL, '0', NULL, '0', 1, '0'), (139, '0', 'D', '0', '', '0', 'Dextrose 50% IV 100ml', '0', 0, '0', 0, '0', 0, '0', 0, '0', 0, '0', 0, '0', NULL, '0', NULL, '0', NULL, '0', NULL, '0', 1, '0'), (140, '0', 'D', '0', '', '0', 'Dexamethasone 0.5mg Tab', '0', 0, '0', 0, '0', 0, '0', 0, '0', 0, '0', 0, '0', NULL, '0', NULL, '0', NULL, '0', NULL, '0', 1, '0'), (141, '0', 'D', '0', '', '0', 'Diazepam 5mg Tab', '0', 0, '0', 0, '0', 0, '0', 0, '0', 0, '0', 0, '0', NULL, '0', NULL, '0', NULL, '0', NULL, '0', 1, '0'), (142, '0', 'D', '0', '', '0', 'Diclofenac 50mg Tab', '0', 0, '0', 0, '0', 0, '0', 0, '0', 0, '0', 0, '0', NULL, '0', NULL, '0', NULL, '0', NULL, '0', 1, '0'), (143, '0', 'D', '0', '', '0', 'Diethylcarbamazine 50mg Tab', '0', 0, '0', 0, '0', 0, '0', 0, '0', 0, '0', 0, '0', NULL, '0', NULL, '0', NULL, '0', NULL, '0', 1, '0'), (144, '0', 'D', '0', '', '0', 'Digoxin 0.25 mg Tab', '0', 0, '0', 0, '0', 0, '0', 0, '0', 0, '0', 0, '0', NULL, '0', NULL, '0', NULL, '0', NULL, '0', 1, '0'), (145, '0', 'D', '0', '', '0', 'Doxycycline 100mg Tab', '0', 0, '0', 0, '0', 0, '0', 0, '0', 0, '0', 0, '0', NULL, '0', NULL, '0', NULL, '0', NULL, '0', 1, '0'), (146, '0', 'D', '0', '', '0', 'Ephedrine 30mg Tab', '0', 0, '0', 0, '0', 0, '0', 0, '0', 0, '0', 0, '0', NULL, '0', NULL, '0', NULL, '0', NULL, '0', 1, '0'), (147, '0', 'D', '0', '', '0', 'Erythromycin 250mg Tab', '0', 0, '0', 0, '0', 0, '0', 0, '0', 0, '0', 0, '0', NULL, '0', NULL, '0', NULL, '0', NULL, '0', 1, '0'), (148, '0', 'D', '0', '', '0', 'Fansidar 500/25mg Tab (50dosesx3)', '0', 0, '0', 0, '0', 0, '0', 0, '0', 0, '0', 0, '0', NULL, '0', NULL, '0', NULL, '0', NULL, '0', 1, '0'), (149, '0', 'D', '0', '', '0', 'Fansidar 500/25mg Tab', '0', 0, '0', 0, '0', 0, '0', 0, '0', 0, '0', 0, '0', NULL, '0', NULL, '0', NULL, '0', NULL, '0', 1, '0'), (150, '0', 'D', '0', '', '0', 'Ferrous Sulphate 200mg Tab', '0', 0, '0', 0, '0', 0, '0', 0, '0', 0, '0', 0, '0', NULL, '0', NULL, '0', NULL, '0', NULL, '0', 1, '0'), (151, '0', 'D', '0', '', '0', 'Fluconazole 100mg Tab', '0', 0, '0', 0, '0', 0, '0', 0, '0', 0, '0', 0, '0', NULL, '0', NULL, '0', NULL, '0', NULL, '0', 1, '0'), (152, '0', 'D', '0', '', '0', 'Fluconazole 100mg 24 Caps', '0', 0, '0', 0, '0', 0, '0', 0, '0', 0, '0', 0, '0', NULL, '0', NULL, '0', NULL, '0', NULL, '0', 1, '0'), (153, '0', 'D', '0', '', '0', 'Folic Acid 1mg Tab', '0', 0, '0', 0, '0', 0, '0', 0, '0', 0, '0', 0, '0', NULL, '0', NULL, '0', NULL, '0', NULL, '0', 1, '0'), (154, '0', 'D', '0', '', '0', 'Folic Acid 5mg Tab', '0', 0, '0', 0, '0', 0, '0', 0, '0', 0, '0', 0, '0', NULL, '0', NULL, '0', NULL, '0', NULL, '0', 1, '0'), (155, '0', 'D', '0', '', '0', 'Folic Acid/Ferrous Sulp 0.5/200mg Tab', '0', 0, '0', 0, '0', 0, '0', 0, '0', 0, '0', 0, '0', NULL, '0', NULL, '0', NULL, '0', NULL, '0', 1, '0'), (156, '0', 'D', '0', '', '0', 'Folic Acid 15mg Tab', '0', 0, '0', 0, '0', 0, '0', 0, '0', 0, '0', 0, '0', NULL, '0', NULL, '0', NULL, '0', NULL, '0', 1, '0'), (157, '0', 'D', '0', '', '0', 'Frusemide 40mg Tab', '0', 0, '0', 0, '0', 0, '0', 0, '0', 0, '0', 0, '0', NULL, '0', NULL, '0', NULL, '0', NULL, '0', 1, '0'), (158, '0', 'D', '0', '', '0', 'Glibenclamide 5mg Tab', '0', 0, '0', 0, '0', 0, '0', 0, '0', 0, '0', 0, '0', NULL, '0', NULL, '0', NULL, '0', NULL, '0', 1, '0'), (159, '0', 'D', '0', '', '0', 'Griseofulvin 500mg Tab', '0', 0, '0', 0, '0', 0, '0', 0, '0', 0, '0', 0, '0', NULL, '0', NULL, '0', NULL, '0', NULL, '0', 1, '0'), (160, '0', 'D', '0', '', '0', 'Haloperidol 5mg Tab', '0', 0, '0', 0, '0', 0, '0', 0, '0', 0, '0', 0, '0', NULL, '0', NULL, '0', NULL, '0', NULL, '0', 1, '0'), (161, '0', 'D', '0', '', '0', 'Haloperidol 5mg', '0', 0, '0', 0, '0', 0, '0', 0, '0', 0, '0', 0, '0', NULL, '0', NULL, '0', NULL, '0', NULL, '0', 1, '0'), (162, '0', 'D', '0', '', '0', 'Hydralazine 25mg Tab', '0', 0, '0', 0, '0', 0, '0', 0, '0', 0, '0', 0, '0', NULL, '0', NULL, '0', NULL, '0', NULL, '0', 1, '0'), (163, '0', 'D', '0', '', '0', 'Hyoscine 10mg Tab', '0', 0, '0', 0, '0', 0, '0', 0, '0', 0, '0', 0, '0', NULL, '0', NULL, '0', NULL, '0', NULL, '0', 1, '0'), (164, '0', 'D', '0', '', '0', 'Ibuprofen 200mg Tab', '0', 0, '0', 0, '0', 0, '0', 0, '0', 0, '0', 0, '0', NULL, '0', NULL, '0', NULL, '0', NULL, '0', 1, '0'), (165, '0', 'D', '0', '', '0', 'Imipramine 25mg Tab', '0', 0, '0', 0, '0', 0, '0', 0, '0', 0, '0', 0, '0', NULL, '0', NULL, '0', NULL, '0', NULL, '0', 1, '0'), (166, '0', 'D', '0', '', '0', 'Indomethacin 25mg Tab', '0', 0, '0', 0, '0', 0, '0', 0, '0', 0, '0', 0, '0', NULL, '0', NULL, '0', NULL, '0', NULL, '0', 1, '0'), (167, '0', 'D', '0', '', '0', 'Isoniazid 300mg Tab', '0', 0, '0', 0, '0', 0, '0', 0, '0', 0, '0', 0, '0', NULL, '0', NULL, '0', NULL, '0', NULL, '0', 1, '0'), (168, '0', 'D', '0', '', '0', 'Ketoconazole 200mg Tab', '0', 0, '0', 0, '0', 0, '0', 0, '0', 0, '0', 0, '0', NULL, '0', NULL, '0', NULL, '0', NULL, '0', 1, '0'), (169, '0', 'D', '0', '', '0', 'Salbutamol 4mg Tab', '0', 0, '0', 0, '0', 0, '0', 0, '0', 0, '0', 0, '0', NULL, '0', NULL, '0', NULL, '0', NULL, '0', 1, '0'), (170, '0', 'D', '0', '', '0', 'Spironolactone 25mg Tab', '0', 0, '0', 0, '0', 0, '0', 0, '0', 0, '0', 0, '0', NULL, '0', NULL, '0', NULL, '0', NULL, '0', 1, '0'), (171, '0', 'D', '0', '', '0', 'Tolbutamide 500mg tab', '0', 0, '0', 0, '0', 0, '0', 0, '0', 0, '0', 0, '0', NULL, '0', NULL, '0', NULL, '0', NULL, '0', 1, '0'), (172, '0', 'D', '0', '', '0', 'Vitamin A 200.000 IU Caps', '0', 0, '0', 0, '0', 0, '0', 0, '0', 0, '0', 0, '0', NULL, '0', NULL, '0', NULL, '0', NULL, '0', 1, '0'), (173, '0', 'D', '0', '', '0', 'Vitamin B Complex Tab', '0', 0, '0', 0, '0', 0, '0', 0, '0', 0, '0', 0, '0', NULL, '0', NULL, '0', NULL, '0', NULL, '0', 1, '0'), (174, '0', 'D', '0', '', '0', 'Oral Rehydration Salt (ORS)', '0', 0, '0', 0, '0', 0, '0', 0, '0', 0, '0', 0, '0', NULL, '0', NULL, '0', NULL, '0', NULL, '0', 1, '0'), (175, '0', 'D', '0', '', '0', 'Paracetamol 120mg/5ml Syrup', '0', 0, '0', 0, '0', 0, '0', 0, '0', 0, '0', 0, '0', NULL, '0', NULL, '0', NULL, '0', NULL, '0', 1, '0'), (176, '0', 'D', '0', '', '0', 'Paracetamol 120mg/5ml 100ml', '0', 0, '0', 0, '0', 0, '0', 0, '0', 0, '0', 0, '0', NULL, '0', NULL, '0', NULL, '0', NULL, '0', 1, '0'), (177, '0', 'D', '0', '', '0', 'Quinine 100mg/5ml Syrup 100ml', '0', 0, '0', 0, '0', 0, '0', 0, '0', 0, '0', 0, '0', NULL, '0', NULL, '0', NULL, '0', NULL, '0', 1, '0'), (178, '0', 'D', '0', '', '0', 'Alcohol 95% not denatured 20Ltrs', '0', 0, '0', 0, '0', 0, '0', 0, '0', 0, '0', 0, '0', NULL, '0', NULL, '0', NULL, '0', NULL, '0', 1, '0'), (179, '0', 'D', '0', '', '0', 'Chlorhexidine/Cetrimide 1.5/15% 1Ltr', '0', 0, '0', 0, '0', 0, '0', 0, '0', 0, '0', 0, '0', NULL, '0', NULL, '0', NULL, '0', NULL, '0', 1, '0'), (180, '0', 'D', '0', '', '0', 'Chlorhexidine/Cetrimide 1.5/15% 5Ltr', '0', 0, '0', 0, '0', 0, '0', 0, '0', 0, '0', 0, '0', NULL, '0', NULL, '0', NULL, '0', NULL, '0', 1, '0'), (181, '0', 'D', '0', '', '0', 'Gentian Violet 25g Tin', '0', 0, '0', 0, '0', 0, '0', 0, '0', 0, '0', 0, '0', NULL, '0', NULL, '0', NULL, '0', NULL, '0', 1, '0'), (182, '0', 'D', '0', '', '0', 'Hydrogen Peroxide 6% 250ml', '0', 0, '0', 0, '0', 0, '0', 0, '0', 0, '0', 0, '0', NULL, '0', NULL, '0', NULL, '0', NULL, '0', 1, '0'), (183, '0', 'D', '0', '', '0', 'Iodine Solution 2% 500ml', '0', 0, '0', 0, '0', 0, '0', 0, '0', 0, '0', 0, '0', NULL, '0', NULL, '0', NULL, '0', NULL, '0', 1, '0'), (184, '0', 'D', '0', '', '0', 'Sodium Hypochlorite solution 0.75 Ltr', '0', 0, '0', 0, '0', 0, '0', 0, '0', 0, '0', 0, '0', NULL, '0', NULL, '0', NULL, '0', NULL, '0', 1, '0'), (185, '0', 'D', '0', '', '0', 'liquid detergent 5Ltr Perfumed', '0', 0, '0', 0, '0', 0, '0', 0, '0', 0, '0', 0, '0', NULL, '0', NULL, '0', NULL, '0', NULL, '0', 1, '0'), (186, '0', 'D', '0', '', '0', 'Soap Blue Bar 550g', '0', 0, '0', 0, '0', 0, '0', 0, '0', 0, '0', 0, '0', NULL, '0', NULL, '0', NULL, '0', NULL, '0', 1, '0'), (187, '0', 'D', '0', '', '0', 'Liquid detergent 20Ltr', '0', 0, '0', 0, '0', 0, '0', 0, '0', 0, '0', 0, '0', NULL, '0', NULL, '0', NULL, '0', NULL, '0', 1, '0'), (188, '0', 'D', '0', '', '0', 'Soap Powder Hand wash 5kg', '0', 0, '0', 0, '0', 0, '0', 0, '0', 0, '0', 0, '0', NULL, '0', NULL, '0', NULL, '0', NULL, '0', 1, '0'), (189, '0', 'D', '0', '', '0', 'Sodium Hypochlorite solution 5Ltr', '0', 0, '0', 0, '0', 0, '0', 0, '0', 0, '0', 0, '0', NULL, '0', NULL, '0', NULL, '0', NULL, '0', 1, '0'), (190, '0', 'D', '0', '', '0', 'Betamethasone 0.1% eye/ear/nose drops', '0', 0, '0', 0, '0', 0, '0', 0, '0', 0, '0', 0, '0', NULL, '0', NULL, '0', NULL, '0', NULL, '0', 1, '0'), (191, '0', 'D', '0', '', '0', 'Betamethasone 0.1% Neomycin 0.35 %eye drops 7.5ml', '0', 0, '0', 0, '0', 0, '0', 0, '0', 0, '0', 0, '0', NULL, '0', NULL, '0', NULL, '0', NULL, '0', 1, '0'), (192, '0', 'D', '0', '', '0', 'Chloramphenicol 0.5% Eye Drops 10ml', '0', 0, '0', 0, '0', 0, '0', 0, '0', 0, '0', 0, '0', NULL, '0', NULL, '0', NULL, '0', NULL, '0', 1, '0'), (193, '0', 'D', '0', '', '0', 'Cloramphenicol 1% Eye Ointment 3.5g', '0', 0, '0', 0, '0', 0, '0', 0, '0', 0, '0', 0, '0', NULL, '0', NULL, '0', NULL, '0', NULL, '0', 1, '0'), (194, '0', 'D', '0', '', '0', 'Gentamicin 0.3% eye/ear drops 10ml', '0', 0, '0', 0, '0', 0, '0', 0, '0', 0, '0', 0, '0', NULL, '0', NULL, '0', NULL, '0', NULL, '0', 1, '0'), (195, '0', 'D', '0', '', '0', 'Hydrocortisone 1% eye drops 5ml', '0', 0, '0', 0, '0', 0, '0', 0, '0', 0, '0', 0, '0', NULL, '0', NULL, '0', NULL, '0', NULL, '0', 1, '0'), (196, '0', 'D', '0', '', '0', 'Tetracycline eye ointment 1% 3.5g', '0', 0, '0', 0, '0', 0, '0', 0, '0', 0, '0', 0, '0', NULL, '0', NULL, '0', NULL, '0', NULL, '0', 1, '0'), (197, '0', 'D', '0', '', '0', 'Beclomethasone 50mcg Inhaler', '0', 0, '0', 0, '0', 0, '0', 0, '0', 0, '0', 0, '0', NULL, '0', NULL, '0', NULL, '0', NULL, '0', 1, '0'), (198, '0', 'K', '0', '', '0', 'Urine Test Strips 3 Parameters 100 tests', '0', 0, '0', 0, '0', 0, '0', 0, '0', 0, '0', 0, '0', NULL, '0', NULL, '0', NULL, '0', NULL, '0', 1, '0'), (199, '0', 'D', '0', '', '0', 'Salbutamol solution for inhalation 5ml', '0', 0, '0', 0, '0', 0, '0', 0, '0', 0, '0', 0, '0', NULL, '0', NULL, '0', NULL, '0', NULL, '0', 1, '0'), (200, '0', 'D', '0', '', '0', 'Salbutamol Inhaler 10ml', '0', 0, '0', 0, '0', 0, '0', 0, '0', 0, '0', 0, '0', NULL, '0', NULL, '0', NULL, '0', NULL, '0', 1, '0'), (201, '0', 'D', '0', '', '0', 'Clotrimazole 500mg Pessaries', '0', 0, '0', 0, '0', 0, '0', 0, '0', 0, '0', 0, '0', NULL, '0', NULL, '0', NULL, '0', NULL, '0', 1, '0'), (202, '0', 'D', '0', '', '0', 'Clotrimazole 100mg Pessaries', '0', 0, '0', 0, '0', 0, '0', 0, '0', 0, '0', 0, '0', NULL, '0', NULL, '0', NULL, '0', NULL, '0', 1, '0'), (203, '0', 'D', '0', '', '0', 'Diazepam 2mg/ml 2.5ml Rectal Tube', '0', 0, '0', 0, '0', 0, '0', 0, '0', 0, '0', 0, '0', NULL, '0', NULL, '0', NULL, '0', NULL, '0', 1, '0'), (204, '0', 'D', '0', '', '0', 'Antihaemorrhoid suppositories', '0', 0, '0', 0, '0', 0, '0', 0, '0', 0, '0', 0, '0', NULL, '0', NULL, '0', NULL, '0', NULL, '0', 1, '0'), (205, '0', 'D', '0', '', '0', 'Nystatin 100.000 IU Pessaries', '0', 0, '0', 0, '0', 0, '0', 0, '0', 0, '0', 0, '0', NULL, '0', NULL, '0', NULL, '0', NULL, '0', 1, '0'), (206, '0', 'D', '0', '', '0', 'Dextrose Monohydrate Apyrogen 25Kg', '0', 0, '0', 0, '0', 0, '0', 0, '0', 0, '0', 0, '0', NULL, '0', NULL, '0', NULL, '0', NULL, '0', 1, '0'), (207, '0', 'D', '0', '', '0', 'Amoxicillin 125mg/5ml Powd. Susp 100ml', '0', 0, '0', 0, '0', 0, '0', 0, '0', 0, '0', 0, '0', NULL, '0', NULL, '0', NULL, '0', NULL, '0', 1, '0'), (208, '0', 'D', '0', '', '0', 'Chloramphenicol 125mg/5ml Susp 3Ltr', '0', 0, '0', 0, '0', 0, '0', 0, '0', 0, '0', 0, '0', NULL, '0', NULL, '0', NULL, '0', NULL, '0', 1, '0'), (209, '0', 'D', '0', '', '0', 'Chloramphenicol 125mg/5ml Susp 100ml', '0', 0, '0', 0, '0', 0, '0', 0, '0', 0, '0', 0, '0', NULL, '0', NULL, '0', NULL, '0', NULL, '0', 1, '0'), (210, '0', 'D', '0', '', '0', 'Cotrimoxazole 200+40mg/5ml Susp 3Ltr', '0', 0, '0', 0, '0', 0, '0', 0, '0', 0, '0', 0, '0', NULL, '0', NULL, '0', NULL, '0', NULL, '0', 1, '0'), (211, '0', 'D', '0', '', '0', 'Cotrimoxazole 200+40mg/5ml Susp 100ml', '0', 0, '0', 0, '0', 0, '0', 0, '0', 0, '0', 0, '0', NULL, '0', NULL, '0', NULL, '0', NULL, '0', 1, '0'), (212, '0', 'D', '0', '', '0', 'Nystatin 500.000IU/ Susp/ Drops', '0', 0, '0', 0, '0', 0, '0', 0, '0', 0, '0', 0, '0', NULL, '0', NULL, '0', NULL, '0', NULL, '0', 1, '0'), (213, '0', 'D', '0', '', '0', 'Pyridoxine 50mg Tab', '0', 0, '0', 0, '0', 0, '0', 0, '0', 0, '0', 0, '0', NULL, '0', NULL, '0', NULL, '0', NULL, '0', 1, '0'), (214, '0', 'D', '0', '', '0', 'Quinine 300mg Tab', '0', 0, '0', 0, '0', 0, '0', 0, '0', 0, '0', 0, '0', NULL, '0', NULL, '0', NULL, '0', NULL, '0', 1, '0'), (215, '0', 'D', '0', '', '0', 'Ranitidine 150mg Tab', '0', 0, '0', 0, '0', 0, '0', 0, '0', 0, '0', 0, '0', NULL, '0', NULL, '0', NULL, '0', NULL, '0', 1, '0'), (216, '0', 'D', '0', '', '0', 'Rifampicin/Isoniazid 150/100 Tab', '0', 0, '0', 0, '0', 0, '0', 0, '0', 0, '0', 0, '0', NULL, '0', NULL, '0', NULL, '0', NULL, '0', 1, '0'), (217, '0', 'D', '0', '', '0', 'Sodium Chloride Apyrogen 50kg', '0', 0, '0', 0, '0', 0, '0', 0, '0', 0, '0', 0, '0', NULL, '0', NULL, '0', NULL, '0', NULL, '0', 1, '0'), (218, '0', 'K', '0', '', '0', 'Field stain A and B', '0', 0, '0', 0, '0', 0, '0', 0, '0', 0, '0', 0, '0', NULL, '0', NULL, '0', NULL, '0', NULL, '0', 1, '0'), (219, '0', 'K', '0', '', '0', 'Genitian Violet', '0', 0, '0', 0, '0', 0, '0', 0, '0', 0, '0', 0, '0', NULL, '0', NULL, '0', NULL, '0', NULL, '0', 1, '0'), (220, '0', 'K', '0', '', '0', 'Neutral Red', '0', 0, '0', 0, '0', 0, '0', 0, '0', 0, '0', 0, '0', NULL, '0', NULL, '0', NULL, '0', NULL, '0', 1, '0'), (221, '0', 'K', '0', '', '0', 'Eosin Yellowish', '0', 0, '0', 0, '0', 0, '0', 0, '0', 0, '0', 0, '0', NULL, '0', NULL, '0', NULL, '0', NULL, '0', 1, '0'), (222, '0', 'K', '0', '', '0', 'Giemsa Stain', '0', 0, '0', 0, '0', 0, '0', 0, '0', 0, '0', 0, '0', NULL, '0', NULL, '0', NULL, '0', NULL, '0', 1, '0'), (223, '0', 'K', '0', '', '0', 'Anti Serum A 10ml', '0', 0, '0', 0, '0', 0, '0', 0, '0', 0, '0', 0, '0', NULL, '0', NULL, '0', NULL, '0', NULL, '0', 1, '0'), (224, '0', 'S', '0', '', '0', 'Blood giving set Disposable', '0', 0, '0', 0, '0', 0, '0', 0, '0', 0, '0', 0, '0', NULL, '0', NULL, '0', NULL, '0', NULL, '0', 1, '0'), (225, '0', 'S', '0', '', '0', 'Blood Transfer Bag 300ml', '0', 0, '0', 0, '0', 0, '0', 0, '0', 0, '0', 0, '0', NULL, '0', NULL, '0', NULL, '0', NULL, '0', 1, '0'), (226, '0', 'S', '0', '', '0', 'Insulin Syringe 100IU with Needle G26/29', '0', 0, '0', 0, '0', 0, '0', 0, '0', 0, '0', 0, '0', NULL, '0', NULL, '0', NULL, '0', NULL, '0', 1, '0'), (227, '0', 'S', '0', '', '0', 'IV Cannula G16 with Port', '0', 0, '0', 0, '0', 0, '0', 0, '0', 0, '0', 0, '0', NULL, '0', NULL, '0', NULL, '0', NULL, '0', 1, '0'), (228, '0', 'S', '0', '', '0', 'IV Cannula G18 with Port', '0', 0, '0', 0, '0', 0, '0', 0, '0', 0, '0', 0, '0', NULL, '0', NULL, '0', NULL, '0', NULL, '0', 1, '0'), (229, '0', 'S', '0', '', '0', 'IV Cannula G20 with Port', '0', 0, '0', 0, '0', 0, '0', 0, '0', 0, '0', 0, '0', NULL, '0', NULL, '0', NULL, '0', NULL, '0', 1, '0'), (230, '0', 'S', '0', '', '0', 'IV Cannula G22 with Port', '0', 0, '0', 0, '0', 0, '0', 0, '0', 0, '0', 0, '0', NULL, '0', NULL, '0', NULL, '0', NULL, '0', 1, '0'), (231, '0', 'S', '0', '', '0', 'IV Cannula G24 without Port', '0', 0, '0', 0, '0', 0, '0', 0, '0', 0, '0', 0, '0', NULL, '0', NULL, '0', NULL, '0', NULL, '0', 1, '0'), (232, '0', 'S', '0', '', '0', 'IV Cannula G24 with Port', '0', 0, '0', 0, '0', 0, '0', 0, '0', 0, '0', 0, '0', NULL, '0', NULL, '0', NULL, '0', NULL, '0', 1, '0'), (233, '0', 'S', '0', '', '0', 'IV Giving set Disposable', '0', 0, '0', 0, '0', 0, '0', 0, '0', 0, '0', 0, '0', NULL, '0', NULL, '0', NULL, '0', NULL, '0', 1, '0'), (234, '0', 'S', '0', '', '0', 'Needle container disposable of contaminated', '0', 0, '0', 0, '0', 0, '0', 0, '0', 0, '0', 0, '0', NULL, '0', NULL, '0', NULL, '0', NULL, '0', 1, '0'), (235, '0', 'S', '0', '', '0', 'Needles Luer G20 Disposable', '0', 0, '0', 0, '0', 0, '0', 0, '0', 0, '0', 0, '0', NULL, '0', NULL, '0', NULL, '0', NULL, '0', 1, '0'), (236, '0', 'S', '0', '', '0', 'Needles Luer G21 Disposable', '0', 0, '0', 0, '0', 0, '0', 0, '0', 0, '0', 0, '0', NULL, '0', NULL, '0', NULL, '0', NULL, '0', 1, '0'), (237, '0', 'S', '0', '', '0', 'Needles Luer G22 Disposable', '0', 0, '0', 0, '0', 0, '0', 0, '0', 0, '0', 0, '0', NULL, '0', NULL, '0', NULL, '0', NULL, '0', 1, '0'), (238, '0', 'S', '0', '', '0', 'Needles Luer G23 Disposable', '0', 0, '0', 0, '0', 0, '0', 0, '0', 0, '0', 0, '0', NULL, '0', NULL, '0', NULL, '0', NULL, '0', 1, '0'), (239, '0', 'S', '0', '', '0', 'Needles Spinal G20x75-120mm', '0', 0, '0', 0, '0', 0, '0', 0, '0', 0, '0', 0, '0', NULL, '0', NULL, '0', NULL, '0', NULL, '0', 1, '0'), (240, '0', 'S', '0', '', '0', 'Needles Spinal G22x75-120mm', '0', 0, '0', 0, '0', 0, '0', 0, '0', 0, '0', 0, '0', NULL, '0', NULL, '0', NULL, '0', NULL, '0', 1, '0'), (241, '0', 'S', '0', '', '0', 'Needles Spinal G25x75-120mm', '0', 0, '0', 0, '0', 0, '0', 0, '0', 0, '0', 0, '0', NULL, '0', NULL, '0', NULL, '0', NULL, '0', 1, '0'), (242, '0', 'S', '0', '', '0', 'Needles Spinal G22x40mm', '0', 0, '0', 0, '0', 0, '0', 0, '0', 0, '0', 0, '0', NULL, '0', NULL, '0', NULL, '0', NULL, '0', 1, '0'), (243, '0', 'S', '0', '', '0', 'Scalp Vein G19 Infusion set', '0', 0, '0', 0, '0', 0, '0', 0, '0', 0, '0', 0, '0', NULL, '0', NULL, '0', NULL, '0', NULL, '0', 1, '0'), (244, '0', 'S', '0', '', '0', 'Scalp Vein G21 Infusion set', '0', 0, '0', 0, '0', 0, '0', 0, '0', 0, '0', 0, '0', NULL, '0', NULL, '0', NULL, '0', NULL, '0', 1, '0'), (245, '0', 'S', '0', '', '0', 'Scalp Vein G23 Infusion set', '0', 0, '0', 0, '0', 0, '0', 0, '0', 0, '0', 0, '0', NULL, '0', NULL, '0', NULL, '0', NULL, '0', 1, '0'), (246, '0', 'S', '0', '', '0', 'Scalp Vein G25 Infusion set', '0', 0, '0', 0, '0', 0, '0', 0, '0', 0, '0', 0, '0', NULL, '0', NULL, '0', NULL, '0', NULL, '0', 1, '0'), (247, '0', 'S', '0', '', '0', 'Syringe Feeding/Irrigation 50/60ml', '0', 0, '0', 0, '0', 0, '0', 0, '0', 0, '0', 0, '0', NULL, '0', NULL, '0', NULL, '0', NULL, '0', 1, '0'), (248, '0', 'S', '0', '', '0', 'Syringe Luer 2ml With Needle Disposable', '0', 0, '0', 0, '0', 0, '0', 0, '0', 0, '0', 0, '0', NULL, '0', NULL, '0', NULL, '0', NULL, '0', 1, '0'), (249, '0', 'S', '0', '', '0', 'Syringe Luer 10ml With Needle Disposable', '0', 0, '0', 0, '0', 0, '0', 0, '0', 0, '0', 0, '0', NULL, '0', NULL, '0', NULL, '0', NULL, '0', 1, '0'), (250, '0', 'S', '0', '', '0', 'Syringe Luer 20ml With Needle Disposable', '0', 0, '0', 0, '0', 0, '0', 0, '0', 0, '0', 0, '0', NULL, '0', NULL, '0', NULL, '0', NULL, '0', 1, '0'), (251, '0', 'S', '0', '', '0', 'Syringe Luer 5ml With Needle Disposable', '0', 0, '0', 0, '0', 0, '0', 0, '0', 0, '0', 0, '0', NULL, '0', NULL, '0', NULL, '0', NULL, '0', 1, '0'), (252, '0', 'S', '0', '', '0', 'Airway Guedel Size 00', '0', 0, '0', 0, '0', 0, '0', 0, '0', 0, '0', 0, '0', NULL, '0', NULL, '0', NULL, '0', NULL, '0', 1, '0'), (253, '0', 'S', '0', '', '0', 'Airway Guedel Size 0', '0', 0, '0', 0, '0', 0, '0', 0, '0', 0, '0', 0, '0', NULL, '0', NULL, '0', NULL, '0', NULL, '0', 1, '0'), (254, '0', 'S', '0', '', '0', 'Airway Guedel Size 1', '0', 0, '0', 0, '0', 0, '0', 0, '0', 0, '0', 0, '0', NULL, '0', NULL, '0', NULL, '0', NULL, '0', 1, '0'), (255, '0', 'S', '0', '', '0', 'Airway Guedel Size 2', '0', 0, '0', 0, '0', 0, '0', 0, '0', 0, '0', 0, '0', NULL, '0', NULL, '0', NULL, '0', NULL, '0', 1, '0'), (256, '0', 'S', '0', '', '0', 'Airway Guedel Size 3', '0', 0, '0', 0, '0', 0, '0', 0, '0', 0, '0', 0, '0', NULL, '0', NULL, '0', NULL, '0', NULL, '0', 1, '0'), (257, '0', 'S', '0', '', '0', 'Eye Pad Sterile', '0', 0, '0', 0, '0', 0, '0', 0, '0', 0, '0', 0, '0', NULL, '0', NULL, '0', NULL, '0', NULL, '0', 1, '0'), (258, '0', 'S', '0', '', '0', 'Adhesive Tape 2.5cm x 5m', '0', 0, '0', 0, '0', 0, '0', 0, '0', 0, '0', 0, '0', NULL, '0', NULL, '0', NULL, '0', NULL, '0', 1, '0'), (259, '0', 'S', '0', '', '0', 'Adhesive Tape 7.5cm x 5m', '0', 0, '0', 0, '0', 0, '0', 0, '0', 0, '0', 0, '0', NULL, '0', NULL, '0', NULL, '0', NULL, '0', 1, '0'), (260, '0', 'S', '0', '', '0', 'cotton Wool 500G', '0', 0, '0', 0, '0', 0, '0', 0, '0', 0, '0', 0, '0', NULL, '0', NULL, '0', NULL, '0', NULL, '0', 1, '0'), (261, '0', 'S', '0', '', '0', 'Cotton Wool 200G', '0', 0, '0', 0, '0', 0, '0', 0, '0', 0, '0', 0, '0', NULL, '0', NULL, '0', NULL, '0', NULL, '0', 1, '0'), (262, '0', 'S', '0', '', '0', 'Elastic Bandage 10cm x 4.5m', '0', 0, '0', 0, '0', 0, '0', 0, '0', 0, '0', 0, '0', NULL, '0', NULL, '0', NULL, '0', NULL, '0', 1, '0'), (263, '0', 'S', '0', '', '0', 'Elastic Bandage 7.5cm x 4.5m', '0', 0, '0', 0, '0', 0, '0', 0, '0', 0, '0', 0, '0', NULL, '0', NULL, '0', NULL, '0', NULL, '0', 1, '0'), (264, '0', 'S', '0', '', '0', 'Gauze Bandage 7.5cm x 3.65-4m', '0', 0, '0', 0, '0', 0, '0', 0, '0', 0, '0', 0, '0', NULL, '0', NULL, '0', NULL, '0', NULL, '0', 1, '0'), (265, '0', 'S', '0', '', '0', 'Gauze Bandage 10cm x 4m', '0', 0, '0', 0, '0', 0, '0', 0, '0', 0, '0', 0, '0', NULL, '0', NULL, '0', NULL, '0', NULL, '0', 1, '0'), (266, '0', 'S', '0', '', '0', 'Gauze Pads Non Sterile 10cm x 10cm', '0', 0, '0', 0, '0', 0, '0', 0, '0', 0, '0', 0, '0', NULL, '0', NULL, '0', NULL, '0', NULL, '0', 1, '0'), (267, '0', 'S', '0', '', '0', 'Gauze Pads  Sterile 10cm x 10cm', '0', 0, '0', 0, '0', 0, '0', 0, '0', 0, '0', 0, '0', NULL, '0', NULL, '0', NULL, '0', NULL, '0', 1, '0'), (268, '0', 'S', '0', '', '0', 'Gauze Hydrophylic 90cm x 91cm', '0', 0, '0', 0, '0', 0, '0', 0, '0', 0, '0', 0, '0', NULL, '0', NULL, '0', NULL, '0', NULL, '0', 1, '0'), (269, '0', 'S', '0', '', '0', 'Plaster of Paris 10cm', '0', 0, '0', 0, '0', 0, '0', 0, '0', 0, '0', 0, '0', NULL, '0', NULL, '0', NULL, '0', NULL, '0', 1, '0'), (270, '0', 'S', '0', '', '0', 'Plaster of Paris 15cm', '0', 0, '0', 0, '0', 0, '0', 0, '0', 0, '0', 0, '0', NULL, '0', NULL, '0', NULL, '0', NULL, '0', 1, '0'), (271, '0', 'S', '0', '', '0', 'Catheter Foley CH20 3 Way Balloon', '0', 0, '0', 0, '0', 0, '0', 0, '0', 0, '0', 0, '0', NULL, '0', NULL, '0', NULL, '0', NULL, '0', 1, '0'), (272, '0', 'S', '0', '', '0', 'Catheter Foley CH8 3 Way Balloon', '0', 0, '0', 0, '0', 0, '0', 0, '0', 0, '0', 0, '0', NULL, '0', NULL, '0', NULL, '0', NULL, '0', 1, '0'), (273, '0', 'S', '0', '', '0', 'Catheter Foley CH10 3 Way Balloon', '0', 0, '0', 0, '0', 0, '0', 0, '0', 0, '0', 0, '0', NULL, '0', NULL, '0', NULL, '0', NULL, '0', 1, '0'), (274, '0', 'S', '0', '', '0', 'Catheter Foley CH12 3 Way Balloon', '0', 0, '0', 0, '0', 0, '0', 0, '0', 0, '0', 0, '0', NULL, '0', NULL, '0', NULL, '0', NULL, '0', 1, '0'), (275, '0', 'S', '0', '', '0', 'Catheter Foley CH14 3 Way Balloon', '0', 0, '0', 0, '0', 0, '0', 0, '0', 0, '0', 0, '0', NULL, '0', NULL, '0', NULL, '0', NULL, '0', 1, '0'), (276, '0', 'S', '0', '', '0', 'Catheter Foley CH16 3 Way Balloon', '0', 0, '0', 0, '0', 0, '0', 0, '0', 0, '0', 0, '0', NULL, '0', NULL, '0', NULL, '0', NULL, '0', 1, '0'), (277, '0', 'S', '0', '', '0', 'Catheter Foley CH18 3 Way Balloon', '0', 0, '0', 0, '0', 0, '0', 0, '0', 0, '0', 0, '0', NULL, '0', NULL, '0', NULL, '0', NULL, '0', 1, '0'), (278, '0', 'S', '0', '', '0', 'Catheter Stopper for All sizes', '0', 0, '0', 0, '0', 0, '0', 0, '0', 0, '0', 0, '0', NULL, '0', NULL, '0', NULL, '0', NULL, '0', 1, '0'), (279, '0', 'S', '0', '', '0', 'Nasogastric Tube G5 (Children)', '0', 0, '0', 0, '0', 0, '0', 0, '0', 0, '0', 0, '0', NULL, '0', NULL, '0', NULL, '0', NULL, '0', 1, '0'), (280, '0', 'S', '0', '', '0', 'Nasogastric Tube G8 (Children)', '0', 0, '0', 0, '0', 0, '0', 0, '0', 0, '0', 0, '0', NULL, '0', NULL, '0', NULL, '0', NULL, '0', 1, '0'), (281, '0', 'S', '0', '', '0', 'Nasogastric Tube G6 (Children)', '0', 0, '0', 0, '0', 0, '0', 0, '0', 0, '0', 0, '0', NULL, '0', NULL, '0', NULL, '0', NULL, '0', 1, '0'), (282, '0', 'S', '0', '', '0', 'Nasogastric Tube G10 (Children)', '0', 0, '0', 0, '0', 0, '0', 0, '0', 0, '0', 0, '0', NULL, '0', NULL, '0', NULL, '0', NULL, '0', 1, '0'), (283, '0', 'S', '0', '', '0', 'Nasogastric Tube G14 (Children)', '0', 0, '0', 0, '0', 0, '0', 0, '0', 0, '0', 0, '0', NULL, '0', NULL, '0', NULL, '0', NULL, '0', 1, '0'), (284, '0', 'S', '0', '', '0', 'Nasogastric Tube G16 (Children)', '0', 0, '0', 0, '0', 0, '0', 0, '0', 0, '0', 0, '0', NULL, '0', NULL, '0', NULL, '0', NULL, '0', 1, '0'), (285, '0', 'S', '0', '', '0', 'Rectal Tube CH24', '0', 0, '0', 0, '0', 0, '0', 0, '0', 0, '0', 0, '0', NULL, '0', NULL, '0', NULL, '0', NULL, '0', 1, '0'), (286, '0', 'S', '0', '', '0', 'Rectal Tube CH26', '0', 0, '0', 0, '0', 0, '0', 0, '0', 0, '0', 0, '0', NULL, '0', NULL, '0', NULL, '0', NULL, '0', 1, '0'), (287, '0', 'S', '0', '', '0', 'Suction Catheter Size 6 Disposable', '0', 0, '0', 0, '0', 0, '0', 0, '0', 0, '0', 0, '0', NULL, '0', NULL, '0', NULL, '0', NULL, '0', 1, '0'), (288, '0', 'S', '0', '', '0', 'Suction Catheter Size 8 Disposable', '0', 0, '0', 0, '0', 0, '0', 0, '0', 0, '0', 0, '0', NULL, '0', NULL, '0', NULL, '0', NULL, '0', 1, '0'), (289, '0', 'S', '0', '', '0', 'Suction Catheter Size 16 Disposable', '0', 0, '0', 0, '0', 0, '0', 0, '0', 0, '0', 0, '0', NULL, '0', NULL, '0', NULL, '0', NULL, '0', 1, '0'), (290, '0', 'S', '0', '', '0', 'Suction Catheter Size 12 Disposable', '0', 0, '0', 0, '0', 0, '0', 0, '0', 0, '0', 0, '0', NULL, '0', NULL, '0', NULL, '0', NULL, '0', 1, '0'), (291, '0', 'S', '0', '', '0', 'Suction Catheter Size 14 Disposable', '0', 0, '0', 0, '0', 0, '0', 0, '0', 0, '0', 0, '0', NULL, '0', NULL, '0', NULL, '0', NULL, '0', 1, '0'), (292, '0', 'S', '0', '', '0', 'Suction Catheter Size 10 Disposable', '0', 0, '0', 0, '0', 0, '0', 0, '0', 0, '0', 0, '0', NULL, '0', NULL, '0', NULL, '0', NULL, '0', 1, '0'), (293, '0', 'S', '0', '', '0', 'Gloves Domestic', '0', 0, '0', 0, '0', 0, '0', 0, '0', 0, '0', 0, '0', NULL, '0', NULL, '0', NULL, '0', NULL, '0', 1, '0'), (294, '0', 'S', '0', '', '0', 'Gloves High risk non sterile Medium', '0', 0, '0', 0, '0', 0, '0', 0, '0', 0, '0', 0, '0', NULL, '0', NULL, '0', NULL, '0', NULL, '0', 1, '0'), (295, '0', 'S', '0', '', '0', 'Gloves Gynaecological 7.5-8', '0', 0, '0', 0, '0', 0, '0', 0, '0', 0, '0', 0, '0', NULL, '0', NULL, '0', NULL, '0', NULL, '0', 1, '0'), (296, '0', 'S', '0', '', '0', 'Gloves Non Sterile Medium Disposable', '0', 0, '0', 0, '0', 0, '0', 0, '0', 0, '0', 0, '0', NULL, '0', NULL, '0', NULL, '0', NULL, '0', 1, '0'), (297, '0', 'S', '0', '', '0', 'Gloves Non Sterile Large Disposable', '0', 0, '0', 0, '0', 0, '0', 0, '0', 0, '0', 0, '0', NULL, '0', NULL, '0', NULL, '0', NULL, '0', 1, '0'), (298, '0', 'S', '0', '', '0', 'Gloves Surgical Sterile 6', '0', 0, '0', 0, '0', 0, '0', 0, '0', 0, '0', 0, '0', NULL, '0', NULL, '0', NULL, '0', NULL, '0', 1, '0'), (299, '0', 'S', '0', '', '0', 'Gloves Surgical Sterile 6.5', '0', 0, '0', 0, '0', 0, '0', 0, '0', 0, '0', 0, '0', NULL, '0', NULL, '0', NULL, '0', NULL, '0', 1, '0'), (300, '0', 'S', '0', '', '0', 'Gloves Surgical Sterile 7', '0', 0, '0', 0, '0', 0, '0', 0, '0', 0, '0', 0, '0', NULL, '0', NULL, '0', NULL, '0', NULL, '0', 1, '0'), (301, '0', 'S', '0', '', '0', 'Gloves Surgical Sterile 7.5', '0', 0, '0', 0, '0', 0, '0', 0, '0', 0, '0', 0, '0', NULL, '0', NULL, '0', NULL, '0', NULL, '0', 1, '0'), (302, '0', 'S', '0', '', '0', 'Gloves Surgical Sterile 8', '0', 0, '0', 0, '0', 0, '0', 0, '0', 0, '0', 0, '0', NULL, '0', NULL, '0', NULL, '0', NULL, '0', 1, '0'), (303, '0', 'S', '0', '', '0', 'Gloves Surgical Sterile 8.5', '0', 0, '0', 0, '0', 0, '0', 0, '0', 0, '0', 0, '0', NULL, '0', NULL, '0', NULL, '0', NULL, '0', 1, '0'), (304, '0', 'S', '0', '', '0', 'Tongue depressor Disposable', '0', 0, '0', 0, '0', 0, '0', 0, '0', 0, '0', 0, '0', NULL, '0', NULL, '0', NULL, '0', NULL, '0', 1, '0'), (305, '0', 'S', '0', '', '0', 'Bedpan Plastic Autoclavable', '0', 0, '0', 0, '0', 0, '0', 0, '0', 0, '0', 0, '0', NULL, '0', NULL, '0', NULL, '0', NULL, '0', 1, '0'), (306, '0', 'S', '0', '', '0', 'Bedpan Stainless Steel', '0', 0, '0', 0, '0', 0, '0', 0, '0', 0, '0', 0, '0', NULL, '0', NULL, '0', NULL, '0', NULL, '0', 1, '0'), (307, '0', 'S', '0', '', '0', 'Body Bag 70 x 215cm  (Adult)', '0', 0, '0', 0, '0', 0, '0', 0, '0', 0, '0', 0, '0', NULL, '0', NULL, '0', NULL, '0', NULL, '0', 1, '0'), (308, '0', 'S', '0', '', '0', 'Bowl Without Lid 7 x 12cm stainless steel', '0', 0, '0', 0, '0', 0, '0', 0, '0', 0, '0', 0, '0', NULL, '0', NULL, '0', NULL, '0', NULL, '0', 1, '0'), (309, '0', 'S', '0', '', '0', 'Bowl Without Lid 8 x 16cm stainless steel', '0', 0, '0', 0, '0', 0, '0', 0, '0', 0, '0', 0, '0', NULL, '0', NULL, '0', NULL, '0', NULL, '0', 1, '0'), (310, '0', 'S', '0', '', '0', 'Bowl Without Lid 10 x 24cm stainless steel', '0', 0, '0', 0, '0', 0, '0', 0, '0', 0, '0', 0, '0', NULL, '0', NULL, '0', NULL, '0', NULL, '0', 1, '0'), (311, '0', 'S', '0', '', '0', 'Air ring set 43x15cm, rubber with pump', '0', 0, '0', 0, '0', 0, '0', 0, '0', 0, '0', 0, '0', NULL, '0', NULL, '0', NULL, '0', NULL, '0', 1, '0'), (312, '0', 'S', '0', '', '0', 'Colostomy Bag closed 30mm size 2', '0', 0, '0', 0, '0', 0, '0', 0, '0', 0, '0', 0, '0', NULL, '0', NULL, '0', NULL, '0', NULL, '0', 1, '0'), (313, '0', 'S', '0', '', '0', 'Colostomy Bag closed 30mm size 3', '0', 0, '0', 0, '0', 0, '0', 0, '0', 0, '0', 0, '0', NULL, '0', NULL, '0', NULL, '0', NULL, '0', 1, '0'), (314, '0', 'S', '0', '', '0', 'Colostomy Bag open re-usable 35mm', '0', 0, '0', 0, '0', 0, '0', 0, '0', 0, '0', 0, '0', NULL, '0', NULL, '0', NULL, '0', NULL, '0', 1, '0'), (315, '0', 'S', '0', '', '0', 'Ear syringe rubber 60ml', '0', 0, '0', 0, '0', 0, '0', 0, '0', 0, '0', 0, '0', NULL, '0', NULL, '0', NULL, '0', NULL, '0', 1, '0'), (316, '0', 'S', '0', '', '0', 'First Aid kit', '0', 0, '0', 0, '0', 0, '0', 0, '0', 0, '0', 0, '0', NULL, '0', NULL, '0', NULL, '0', NULL, '0', 1, '0'), (317, '0', 'S', '0', '', '0', 'Gallipot stainless steel 300ml/15cm', '0', 0, '0', 0, '0', 0, '0', 0, '0', 0, '0', 0, '0', NULL, '0', NULL, '0', NULL, '0', NULL, '0', 1, '0'), (318, '0', 'S', '0', '', '0', 'Gallipot stainless steel 200ml/10cm', '0', 0, '0', 0, '0', 0, '0', 0, '0', 0, '0', 0, '0', NULL, '0', NULL, '0', NULL, '0', NULL, '0', 1, '0'), (319, '0', 'S', '0', '', '0', 'Hot water Bottle 2Ltr', '0', 0, '0', 0, '0', 0, '0', 0, '0', 0, '0', 0, '0', NULL, '0', NULL, '0', NULL, '0', NULL, '0', 1, '0'), (320, '0', 'S', '0', '', '0', 'Instrument Box With Lid 20x10x5cm', '0', 0, '0', 0, '0', 0, '0', 0, '0', 0, '0', 0, '0', NULL, '0', NULL, '0', NULL, '0', NULL, '0', 1, '0'), (321, '0', 'S', '0', '', '0', 'Instrument Tray 30 x 20 x 2cm', '0', 0, '0', 0, '0', 0, '0', 0, '0', 0, '0', 0, '0', NULL, '0', NULL, '0', NULL, '0', NULL, '0', 1, '0'), (322, '0', 'S', '0', '', '0', 'Irrigation can with accessories', '0', 0, '0', 0, '0', 0, '0', 0, '0', 0, '0', 0, '0', NULL, '0', NULL, '0', NULL, '0', NULL, '0', 1, '0'), (323, '0', 'S', '0', '', '0', 'Kidney Dish stainless Steel 24cm', '0', 0, '0', 0, '0', 0, '0', 0, '0', 0, '0', 0, '0', NULL, '0', NULL, '0', NULL, '0', NULL, '0', 1, '0'), (324, '0', 'S', '0', '', '0', 'Kidney Dish stainless Steel 20cm', '0', 0, '0', 0, '0', 0, '0', 0, '0', 0, '0', 0, '0', NULL, '0', NULL, '0', NULL, '0', NULL, '0', 1, '0'), (325, '0', 'S', '0', '', '0', 'Kidney Dish Polypropylene 24cm', '0', 0, '0', 0, '0', 0, '0', 0, '0', 0, '0', 0, '0', NULL, '0', NULL, '0', NULL, '0', NULL, '0', 1, '0'), (326, '0', 'S', '0', '', '0', 'Mackintosh Plastic (Apron) per 1m', '0', 0, '0', 0, '0', 0, '0', 0, '0', 0, '0', 0, '0', NULL, '0', NULL, '0', NULL, '0', NULL, '0', 1, '0'), (327, '0', 'S', '0', '', '0', 'Mackintosh Rubber Brown (sheeting) per 1m', '0', 0, '0', 0, '0', 0, '0', 0, '0', 0, '0', 0, '0', NULL, '0', NULL, '0', NULL, '0', NULL, '0', 1, '0'), (328, '0', 'S', '0', '', '0', 'Measuring Cup Graduated 25ml', '0', 0, '0', 0, '0', 0, '0', 0, '0', 0, '0', 0, '0', NULL, '0', NULL, '0', NULL, '0', NULL, '0', 1, '0'), (329, '0', 'S', '0', '', '0', 'Neck Support Small', '0', 0, '0', 0, '0', 0, '0', 0, '0', 0, '0', 0, '0', NULL, '0', NULL, '0', NULL, '0', NULL, '0', 1, '0'), (330, '0', 'S', '0', '', '0', 'Neck Support Medium', '0', 0, '0', 0, '0', 0, '0', 0, '0', 0, '0', 0, '0', NULL, '0', NULL, '0', NULL, '0', NULL, '0', 1, '0'), (331, '0', 'S', '0', '', '0', 'Neck Support Large', '0', 0, '0', 0, '0', 0, '0', 0, '0', 0, '0', 0, '0', NULL, '0', NULL, '0', NULL, '0', NULL, '0', 1, '0'), (332, '0', 'S', '0', '', '0', 'Spoon Medicine 5ml', '0', 0, '0', 0, '0', 0, '0', 0, '0', 0, '0', 0, '0', NULL, '0', NULL, '0', NULL, '0', NULL, '0', 1, '0'), (333, '0', 'S', '0', '', '0', 'Apron Plastic Re-usable', '0', 0, '0', 0, '0', 0, '0', 0, '0', 0, '0', 0, '0', NULL, '0', NULL, '0', NULL, '0', NULL, '0', 1, '0'), (334, '0', 'S', '0', '', '0', 'Apron Plastic Re-usable local', '0', 0, '0', 0, '0', 0, '0', 0, '0', 0, '0', 0, '0', NULL, '0', NULL, '0', NULL, '0', NULL, '0', 1, '0'), (335, '0', 'S', '0', '', '0', 'Apron Polythene Disp Non Sterile', '0', 0, '0', 0, '0', 0, '0', 0, '0', 0, '0', 0, '0', NULL, '0', NULL, '0', NULL, '0', NULL, '0', 1, '0'), (336, '0', 'S', '0', '', '0', 'Razor Blades Disposable 5pc', '0', 0, '0', 0, '0', 0, '0', 0, '0', 0, '0', 0, '0', NULL, '0', NULL, '0', NULL, '0', NULL, '0', 1, '0'), (337, '0', 'S', '0', '', '0', 'Stethoscope Foetal Metal', '0', 0, '0', 0, '0', 0, '0', 0, '0', 0, '0', 0, '0', NULL, '0', NULL, '0', NULL, '0', NULL, '0', 1, '0'), (338, '0', 'S', '0', '', '0', 'Stethoscope Foetal Wood', '0', 0, '0', 0, '0', 0, '0', 0, '0', 0, '0', 0, '0', NULL, '0', NULL, '0', NULL, '0', NULL, '0', 1, '0'), (339, '0', 'S', '0', '', '0', 'Surgical Brush (Scrubbing)', '0', 0, '0', 0, '0', 0, '0', 0, '0', 0, '0', 0, '0', NULL, '0', NULL, '0', NULL, '0', NULL, '0', 1, '0'), (340, '0', 'S', '0', '', '0', 'Surgical Mop 12 x 15', '0', 0, '0', 0, '0', 0, '0', 0, '0', 0, '0', 0, '0', NULL, '0', NULL, '0', NULL, '0', NULL, '0', 1, '0'), (341, '0', 'S', '0', '', '0', 'Tablet Counting Tray', '0', 0, '0', 0, '0', 0, '0', 0, '0', 0, '0', 0, '0', NULL, '0', NULL, '0', NULL, '0', NULL, '0', 1, '0'), (342, '0', 'S', '0', '', '0', 'Toilet Paper Rolls', '0', 0, '0', 0, '0', 0, '0', 0, '0', 0, '0', 0, '0', NULL, '0', NULL, '0', NULL, '0', NULL, '0', 1, '0'), (343, '0', 'S', '0', '', '0', 'Traction Kit Children', '0', 0, '0', 0, '0', 0, '0', 0, '0', 0, '0', 0, '0', NULL, '0', NULL, '0', NULL, '0', NULL, '0', 1, '0'), (344, '0', 'S', '0', '', '0', 'Traction Kit Adult', '0', 0, '0', 0, '0', 0, '0', 0, '0', 0, '0', 0, '0', NULL, '0', NULL, '0', NULL, '0', NULL, '0', 1, '0'), (345, '0', 'S', '0', '', '0', 'Thermometer Clinical Flat Type', '0', 0, '0', 0, '0', 0, '0', 0, '0', 0, '0', 0, '0', NULL, '0', NULL, '0', NULL, '0', NULL, '0', 1, '0'), (346, '0', 'S', '0', '', '0', 'Thermometer Clinical Prismatic Type', '0', 0, '0', 0, '0', 0, '0', 0, '0', 0, '0', 0, '0', NULL, '0', NULL, '0', NULL, '0', NULL, '0', 1, '0'), (347, '0', 'S', '0', '', '0', 'Umbilical Cord Tie non sterile 100m', '0', 0, '0', 0, '0', 0, '0', 0, '0', 0, '0', 0, '0', NULL, '0', NULL, '0', NULL, '0', NULL, '0', 1, '0'), (348, '0', 'S', '0', '', '0', 'Umbilical Cord Tie sterile 22m', '0', 0, '0', 0, '0', 0, '0', 0, '0', 0, '0', 0, '0', NULL, '0', NULL, '0', NULL, '0', NULL, '0', 1, '0'), (349, '0', 'S', '0', '', '0', 'Urinal 1Ltr / 2Ltr', '0', 0, '0', 0, '0', 0, '0', 0, '0', 0, '0', 0, '0', NULL, '0', NULL, '0', NULL, '0', NULL, '0', 1, '0'), (350, '0', 'S', '0', '', '0', 'Urine Collecting Bag sterile 2Ltr', '0', 0, '0', 0, '0', 0, '0', 0, '0', 0, '0', 0, '0', NULL, '0', NULL, '0', NULL, '0', NULL, '0', 1, '0'), (351, '0', 'S', '0', '', '0', 'Insectcide Spray 400g', '0', 0, '0', 0, '0', 0, '0', 0, '0', 0, '0', 0, '0', NULL, '0', NULL, '0', NULL, '0', NULL, '0', 1, '0'), (352, '0', 'S', '0', '', '0', 'Mosquito Net Impregnated Medium', '0', 0, '0', 0, '0', 0, '0', 0, '0', 0, '0', 0, '0', NULL, '0', NULL, '0', NULL, '0', NULL, '0', 1, '0'), (353, '0', 'S', '0', '', '0', 'Mosquito Net Impregnated Large', '0', 0, '0', 0, '0', 0, '0', 0, '0', 0, '0', 0, '0', NULL, '0', NULL, '0', NULL, '0', NULL, '0', 1, '0'), (354, '0', 'S', '0', '', '0', 'Mosquito Net Non Impregnated Medium', '0', 0, '0', 0, '0', 0, '0', 0, '0', 0, '0', 0, '0', NULL, '0', NULL, '0', NULL, '0', NULL, '0', 1, '0'), (355, '0', 'S', '0', '', '0', 'Mosquito Net Non Impregnated Large', '0', 0, '0', 0, '0', 0, '0', 0, '0', 0, '0', 0, '0', NULL, '0', NULL, '0', NULL, '0', NULL, '0', 1, '0'), (356, '0', 'S', '0', '', '0', 'Mosquito Net Impregnation Tablet', '0', 0, '0', 0, '0', 0, '0', 0, '0', 0, '0', 0, '0', NULL, '0', NULL, '0', NULL, '0', NULL, '0', 1, '0'), (357, '0', 'S', '0', '', '0', 'Mosquito Net Impregnation Liquid 500ml', '0', 0, '0', 0, '0', 0, '0', 0, '0', 0, '0', 0, '0', NULL, '0', NULL, '0', NULL, '0', NULL, '0', 1, '0'), (358, '0', 'S', '0', '', '0', 'Mosquito Wall spray Powder 80g', '0', 0, '0', 0, '0', 0, '0', 0, '0', 0, '0', 0, '0', NULL, '0', NULL, '0', NULL, '0', NULL, '0', 1, '0'), (359, '0', 'S', '0', '', '0', 'Handle for surgical blade No 3', '0', 0, '0', 0, '0', 0, '0', 0, '0', 0, '0', 0, '0', NULL, '0', NULL, '0', NULL, '0', NULL, '0', 1, '0'), (360, '0', 'S', '0', '', '0', 'Handle for surgical blade No 4', '0', 0, '0', 0, '0', 0, '0', 0, '0', 0, '0', 0, '0', NULL, '0', NULL, '0', NULL, '0', NULL, '0', 1, '0'), (361, '0', 'S', '0', '', '0', 'Surgical Blades No 20', '0', 0, '0', 0, '0', 0, '0', 0, '0', 0, '0', 0, '0', NULL, '0', NULL, '0', NULL, '0', NULL, '0', 1, '0'), (362, '0', 'S', '0', '', '0', 'Surgical Blades No 21', '0', 0, '0', 0, '0', 0, '0', 0, '0', 0, '0', 0, '0', NULL, '0', NULL, '0', NULL, '0', NULL, '0', 1, '0'), (363, '0', 'S', '0', '', '0', 'Surgical Blades No 22', '0', 0, '0', 0, '0', 0, '0', 0, '0', 0, '0', 0, '0', NULL, '0', NULL, '0', NULL, '0', NULL, '0', 1, '0'), (364, '0', 'S', '0', '', '0', 'Surgical Blades No 23', '0', 0, '0', 0, '0', 0, '0', 0, '0', 0, '0', 0, '0', NULL, '0', NULL, '0', NULL, '0', NULL, '0', 1, '0'), (365, '0', 'S', '0', '', '0', 'Needle suture No 5 round', '0', 0, '0', 0, '0', 0, '0', 0, '0', 0, '0', 0, '0', NULL, '0', NULL, '0', NULL, '0', NULL, '0', 1, '0'), (366, '0', 'S', '0', '', '0', 'Needle suture No 5 cutting', '0', 0, '0', 0, '0', 0, '0', 0, '0', 0, '0', 0, '0', NULL, '0', NULL, '0', NULL, '0', NULL, '0', 1, '0'), (367, '0', 'S', '0', '', '0', 'Needle suture No 6 Round', '0', 0, '0', 0, '0', 0, '0', 0, '0', 0, '0', 0, '0', NULL, '0', NULL, '0', NULL, '0', NULL, '0', 1, '0'), (368, '0', 'S', '0', '', '0', 'Suture Cutgut Chromic (0)', '0', 0, '0', 0, '0', 0, '0', 0, '0', 0, '0', 0, '0', NULL, '0', NULL, '0', NULL, '0', NULL, '0', 1, '0'), (369, '0', 'S', '0', '', '0', 'Suture Cutgut Chromic (2) RN22240TH', '0', 0, '0', 0, '0', 0, '0', 0, '0', 0, '0', 0, '0', NULL, '0', NULL, '0', NULL, '0', NULL, '0', 1, '0'), (370, '0', 'S', '0', '', '0', 'Suture Cutgut Chromic (2/0) RN22230TH', '0', 0, '0', 0, '0', 0, '0', 0, '0', 0, '0', 0, '0', NULL, '0', NULL, '0', NULL, '0', NULL, '0', 1, '0'), (371, '0', 'S', '0', '', '0', 'Suture Cutgut Chromic (3/0) RN2325TF', '0', 0, '0', 0, '0', 0, '0', 0, '0', 0, '0', 0, '0', NULL, '0', NULL, '0', NULL, '0', NULL, '0', 1, '0'), (372, '0', 'S', '0', '', '0', 'Suture Cutgut Plain (2/0) RN1230TF', '0', 0, '0', 0, '0', 0, '0', 0, '0', 0, '0', 0, '0', NULL, '0', NULL, '0', NULL, '0', NULL, '0', 1, '0'), (373, '0', 'S', '0', '', '0', 'Suture Silk (1) S595', '0', 0, '0', 0, '0', 0, '0', 0, '0', 0, '0', 0, '0', NULL, '0', NULL, '0', NULL, '0', NULL, '0', 1, '0'), (374, '0', 'S', '0', '', '0', 'Suture Silk (2/0) RN5230TF', '0', 0, '0', 0, '0', 0, '0', 0, '0', 0, '0', 0, '0', NULL, '0', NULL, '0', NULL, '0', NULL, '0', 1, '0'), (375, '0', 'S', '0', '', '0', 'Suture PGA (3/0) RN3330TF', '0', 0, '0', 0, '0', 0, '0', 0, '0', 0, '0', 0, '0', NULL, '0', NULL, '0', NULL, '0', NULL, '0', 1, '0'), (376, '0', 'S', '0', '', '0', 'Lead Apron 100cmx60cm', '0', 0, '0', 0, '0', 0, '0', 0, '0', 0, '0', 0, '0', NULL, '0', NULL, '0', NULL, '0', NULL, '0', 1, '0'), (377, '0', 'S', '0', '', '0', 'X-Ray Developer 2.6kg for 22.5Ltr', '0', 0, '0', 0, '0', 0, '0', 0, '0', 0, '0', 0, '0', NULL, '0', NULL, '0', NULL, '0', NULL, '0', 1, '0'), (378, '0', 'S', '0', '', '0', 'X-Ray Film 18x24cm', '0', 0, '0', 0, '0', 0, '0', 0, '0', 0, '0', 0, '0', NULL, '0', NULL, '0', NULL, '0', NULL, '0', 1, '0'), (379, '0', 'S', '0', '', '0', 'X-Ray Film 20x40cm', '0', 0, '0', 0, '0', 0, '0', 0, '0', 0, '0', 0, '0', NULL, '0', NULL, '0', NULL, '0', NULL, '0', 1, '0'), (380, '0', 'S', '0', '', '0', 'X-Ray Film 24x30cm', '0', 0, '0', 0, '0', 0, '0', 0, '0', 0, '0', 0, '0', NULL, '0', NULL, '0', NULL, '0', NULL, '0', 1, '0'), (381, '0', 'S', '0', '', '0', 'X-Ray Film 30x40cm', '0', 0, '0', 0, '0', 0, '0', 0, '0', 0, '0', 0, '0', NULL, '0', NULL, '0', NULL, '0', NULL, '0', 1, '0'), (382, '0', 'S', '0', '', '0', 'X-Ray Film 35x35cm', '0', 0, '0', 0, '0', 0, '0', 0, '0', 0, '0', 0, '0', NULL, '0', NULL, '0', NULL, '0', NULL, '0', 1, '0'), (383, '0', 'S', '0', '', '0', 'X-Ray Film 43x35cm', '0', 0, '0', 0, '0', 0, '0', 0, '0', 0, '0', 0, '0', NULL, '0', NULL, '0', NULL, '0', NULL, '0', 1, '0'), (384, '0', 'S', '0', '', '0', 'X-Ray Film Cassette  18x24cm with screen', '0', 0, '0', 0, '0', 0, '0', 0, '0', 0, '0', 0, '0', NULL, '0', NULL, '0', NULL, '0', NULL, '0', 1, '0'), (385, '0', 'S', '0', '', '0', 'X-Ray Film Cassette  24x30cm with screen', '0', 0, '0', 0, '0', 0, '0', 0, '0', 0, '0', 0, '0', NULL, '0', NULL, '0', NULL, '0', NULL, '0', 1, '0'), (386, '0', 'S', '0', '', '0', 'X-Ray Film Cassette  30x40cm with screen', '0', 0, '0', 0, '0', 0, '0', 0, '0', 0, '0', 0, '0', NULL, '0', NULL, '0', NULL, '0', NULL, '0', 1, '0'), (387, '0', 'S', '0', '', '0', 'X-Ray Film Cassette  35x35cm with screen', '0', 0, '0', 0, '0', 0, '0', 0, '0', 0, '0', 0, '0', NULL, '0', NULL, '0', NULL, '0', NULL, '0', 1, '0'), (388, '0', 'S', '0', '', '0', 'X-Ray Film Cassette  35x43cm with screen', '0', 0, '0', 0, '0', 0, '0', 0, '0', 0, '0', 0, '0', NULL, '0', NULL, '0', NULL, '0', NULL, '0', 1, '0'), (389, '0', 'S', '0', '', '0', 'X-Ray Fixer 3.3kg for 22.5 Ltr', '0', 0, '0', 0, '0', 0, '0', 0, '0', 0, '0', 0, '0', NULL, '0', NULL, '0', NULL, '0', NULL, '0', 1, '0'), (390, '0', 'S', '0', '', '0', 'Barium Sulphate for X-Ray 1kg', '0', 0, '0', 0, '0', 0, '0', 0, '0', 0, '0', 0, '0', NULL, '0', NULL, '0', NULL, '0', NULL, '0', 1, '0'), (391, '0', 'S', '0', '', '0', 'Diatrizoate Meglumin Sod 76% 20ml Amp', '0', 0, '0', 0, '0', 0, '0', 0, '0', 0, '0', 0, '0', NULL, '0', NULL, '0', NULL, '0', NULL, '0', 1, '0'), (392, '0', 'K', '0', '', '0', 'Anti Serum B 10ml', '0', 0, '0', 0, '0', 0, '0', 0, '0', 0, '0', 0, '0', NULL, '0', NULL, '0', NULL, '0', NULL, '0', 1, '0'), (393, '0', 'K', '0', '', '0', 'Anti Serum AB 10ml', '0', 0, '0', 0, '0', 0, '0', 0, '0', 0, '0', 0, '0', NULL, '0', NULL, '0', NULL, '0', NULL, '0', 1, '0'), (394, '0', 'K', '0', '', '0', 'Anti Serum D 10ml', '0', 0, '0', 0, '0', 0, '0', 0, '0', 0, '0', 0, '0', NULL, '0', NULL, '0', NULL, '0', NULL, '0', 1, '0'), (395, '0', 'K', '0', '', '0', 'Creatinine 200ml (Calorimetric)', '0', 0, '0', 0, '0', 0, '0', 0, '0', 0, '0', 0, '0', NULL, '0', NULL, '0', NULL, '0', NULL, '0', 1, '0'), (396, '0', 'K', '0', '', '0', 'Glucose GOD PAD  6 x 100ml (Colorimetric)', '0', 0, '0', 0, '0', 0, '0', 0, '0', 0, '0', 0, '0', NULL, '0', NULL, '0', NULL, '0', NULL, '0', 1, '0'), (397, '0', 'K', '0', '', '0', 'Glucose Test Strips (Hyloguard)', '0', 0, '0', 0, '0', 0, '0', 0, '0', 0, '0', 0, '0', NULL, '0', NULL, '0', NULL, '0', NULL, '0', 1, '0');
/*!40000 ALTER TABLE `oh_medicaldsr` ENABLE KEYS */;
UNLOCK TABLES;

--
-- Table structure for table `oh_medicaldsrlot`
--

DROP TABLE IF EXISTS `oh_medicaldsrlot`;
/*!40101 SET @saved_cs_client     = @@character_set_client */;
/*!40101 SET character_set_client = utf8 */;
CREATE TABLE `oh_medicaldsrlot` (`LT_ID_A` varchar (50) NOT NULL, `__taint__LT_ID_A` TEXT, `LT_MDSR_ID` int (11) NOT NULL, `__taint__LT_MDSR_ID` TEXT, `LT_PREP_DATE` datetime NOT NULL, `__taint__LT_PREP_DATE` TEXT, `LT_DUE_DATE` datetime NOT NULL, `__taint__LT_DUE_DATE` TEXT, `LT_COST` double DEFAULT NULL, `__taint__LT_COST` TEXT, `LT_LOCK` int (11) NOT NULL DEFAULT 0, `__taint__LT_LOCK` TEXT, `LT_CREATED_BY` varchar (50) DEFAULT NULL, `__taint__LT_CREATED_BY` TEXT, `LT_CREATED_DATE` datetime DEFAULT NULL, `__taint__LT_CREATED_DATE` TEXT, `LT_LAST_MODIFIED_BY` varchar (50) DEFAULT NULL, `__taint__LT_LAST_MODIFIED_BY` TEXT, `LT_LAST_MODIFIED_DATE` datetime DEFAULT NULL, `__taint__LT_LAST_MODIFIED_DATE` TEXT, `LT_ACTIVE` tinyint (1) NOT NULL DEFAULT 1, `__taint__LT_ACTIVE` TEXT, PRIMARY KEY (`LT_ID_A`), KEY `FK_MEDICALDSRLOT_MEDICALDSR_idx` (`LT_MDSR_ID`), CONSTRAINT `FK_MEDICALDSRLOT_MEDICALDSR` FOREIGN KEY (`LT_MDSR_ID`) REFERENCES `oh_medicaldsr`(`MDSR_ID`) ON DELETE NO ACTION ON UPDATE NO ACTION) ENGINE = InnoDB DEFAULT CHARSET = utf8;
/*!40101 SET character_set_client = @saved_cs_client */;

--
-- Dumping data for table `oh_medicaldsrlot`
--

LOCK TABLES `oh_medicaldsrlot` WRITE;
/*!40000 ALTER TABLE `oh_medicaldsrlot` DISABLE KEYS */;
/*!40000 ALTER TABLE `oh_medicaldsrlot` ENABLE KEYS */;
UNLOCK TABLES;

--
-- Table structure for table `oh_medicaldsrstockmov`
--

DROP TABLE IF EXISTS `oh_medicaldsrstockmov`;
/*!40101 SET @saved_cs_client     = @@character_set_client */;
/*!40101 SET character_set_client = utf8 */;
CREATE TABLE `oh_medicaldsrstockmov` (`MMV_ID` int (11) NOT NULL AUTO_INCREMENT, `__taint__MMV_ID` TEXT, `MMV_MDSR_ID` int (11) NOT NULL, `__taint__MMV_MDSR_ID` TEXT, `MMV_WRD_ID_A` char (3) DEFAULT '', `__taint__MMV_WRD_ID_A` TEXT, `MMV_MMVT_ID_A` varchar (10) NOT NULL, `__taint__MMV_MMVT_ID_A` TEXT, `MMV_LT_ID_A` varchar (50) DEFAULT NULL, `__taint__MMV_LT_ID_A` TEXT, `MMV_DATE` datetime NOT NULL, `__taint__MMV_DATE` TEXT, `MMV_QTY` float NOT NULL DEFAULT 0, `__taint__MMV_QTY` TEXT, `MMV_FROM` int (11) DEFAULT NULL, `__taint__MMV_FROM` TEXT, `MMV_LOCK` int (11) NOT NULL DEFAULT 0, `__taint__MMV_LOCK` TEXT, `MMV_REFNO` varchar (50) NOT NULL DEFAULT '', `__taint__MMV_REFNO` TEXT, `MMV_CREATED_BY` varchar (50) DEFAULT NULL, `__taint__MMV_CREATED_BY` TEXT, `MMV_CREATED_DATE` datetime DEFAULT NULL, `__taint__MMV_CREATED_DATE` TEXT, `MMV_LAST_MODIFIED_BY` varchar (50) DEFAULT NULL, `__taint__MMV_LAST_MODIFIED_BY` TEXT, `MMV_LAST_MODIFIED_DATE` datetime DEFAULT NULL, `__taint__MMV_LAST_MODIFIED_DATE` TEXT, `MMV_ACTIVE` tinyint (1) NOT NULL DEFAULT 1, `__taint__MMV_ACTIVE` TEXT, PRIMARY KEY (`MMV_ID`), KEY `FK_MEDICALDSRSTOCKMOV_MEDICALDSR` (`MMV_MDSR_ID`), KEY `FK_MEDICALDSRSTOCKMOV_MEDICALDSRSTOCKMOVTYPE` (`MMV_MMVT_ID_A`), KEY `FK_MEDICALDSRSTOCKMOV_WARD_idx` (`MMV_WRD_ID_A`), CONSTRAINT `FK_MEDICALDSRSTOCKMOV_MEDICALDSR` FOREIGN KEY (`MMV_MDSR_ID`) REFERENCES `oh_medicaldsr`(`MDSR_ID`) ON DELETE NO ACTION ON UPDATE NO ACTION, CONSTRAINT `FK_MEDICALDSRSTOCKMOV_MEDICALDSRSTOCKMOVTYPE` FOREIGN KEY (`MMV_MMVT_ID_A`) REFERENCES `oh_medicaldsrstockmovtype`(`MMVT_ID_A`) ON DELETE NO ACTION ON UPDATE NO ACTION, CONSTRAINT `FK_MEDICALDSRSTOCKMOV_WARD` FOREIGN KEY (`MMV_WRD_ID_A`) REFERENCES `oh_ward`(`WRD_ID_A`) ON DELETE NO ACTION ON UPDATE NO ACTION) ENGINE = InnoDB DEFAULT CHARSET = utf8;
/*!40101 SET character_set_client = @saved_cs_client */;

--
-- Dumping data for table `oh_medicaldsrstockmov`
--

LOCK TABLES `oh_medicaldsrstockmov` WRITE;
/*!40000 ALTER TABLE `oh_medicaldsrstockmov` DISABLE KEYS */;
/*!40000 ALTER TABLE `oh_medicaldsrstockmov` ENABLE KEYS */;
UNLOCK TABLES;

--
-- Table structure for table `oh_medicaldsrstockmovtype`
--

DROP TABLE IF EXISTS `oh_medicaldsrstockmovtype`;
/*!40101 SET @saved_cs_client     = @@character_set_client */;
/*!40101 SET character_set_client = utf8 */;
CREATE TABLE `oh_medicaldsrstockmovtype` (`MMVT_ID_A` varchar (10) NOT NULL, `__taint__MMVT_ID_A` TEXT, `MMVT_DESC` varchar (50) NOT NULL, `__taint__MMVT_DESC` TEXT, `MMVT_TYPE` char (2) NOT NULL, `__taint__MMVT_TYPE` TEXT, `MMVT_CREATED_BY` varchar (50) DEFAULT NULL, `__taint__MMVT_CREATED_BY` TEXT, `MMVT_CREATED_DATE` datetime DEFAULT NULL, `__taint__MMVT_CREATED_DATE` TEXT, `MMVT_LAST_MODIFIED_BY` varchar (50) DEFAULT NULL, `__taint__MMVT_LAST_MODIFIED_BY` TEXT, `MMVT_LAST_MODIFIED_DATE` datetime DEFAULT NULL, `__taint__MMVT_LAST_MODIFIED_DATE` TEXT, `MMVT_ACTIVE` tinyint (1) NOT NULL DEFAULT 1, `__taint__MMVT_ACTIVE` TEXT, PRIMARY KEY (`MMVT_ID_A`)) ENGINE = InnoDB DEFAULT CHARSET = utf8;
/*!40101 SET character_set_client = @saved_cs_client */;

--
-- Dumping data for table `oh_medicaldsrstockmovtype`
--

LOCK TABLES `oh_medicaldsrstockmovtype` WRITE;
/*!40000 ALTER TABLE `oh_medicaldsrstockmovtype` DISABLE KEYS */;
INSERT INTO `oh_medicaldsrstockmovtype` VALUES ('charge', '0', 'Charge', '0', '+', '0', NULL, '0', NULL, '0', NULL, '0', NULL, '0', 1, '0'), ('discharge', '0', 'Discharge', '0', '-', '0', NULL, '0', NULL, '0', NULL, '0', NULL, '0', 1, '0');
/*!40000 ALTER TABLE `oh_medicaldsrstockmovtype` ENABLE KEYS */;
UNLOCK TABLES;

--
-- Table structure for table `oh_medicaldsrstockmovward`
--

DROP TABLE IF EXISTS `oh_medicaldsrstockmovward`;
/*!40101 SET @saved_cs_client     = @@character_set_client */;
/*!40101 SET character_set_client = utf8 */;
CREATE TABLE `oh_medicaldsrstockmovward` (`MMVN_ID` int (10) NOT NULL AUTO_INCREMENT, `__taint__MMVN_ID` TEXT, `MMVN_WRD_ID_A` char (3) NOT NULL DEFAULT '', `__taint__MMVN_WRD_ID_A` TEXT, `MMVN_DATE` datetime NOT NULL, `__taint__MMVN_DATE` TEXT, `MMVN_IS_PATIENT` tinyint (1) NOT NULL, `__taint__MMVN_IS_PATIENT` TEXT, `MMVN_PAT_ID` int (11) DEFAULT NULL, `__taint__MMVN_PAT_ID` TEXT, `MMVN_PAT_AGE` smallint (6) DEFAULT NULL, `__taint__MMVN_PAT_AGE` TEXT, `MMVN_PAT_WEIGHT` float DEFAULT NULL, `__taint__MMVN_PAT_WEIGHT` TEXT, `MMVN_DESC` varchar (100) NOT NULL, `__taint__MMVN_DESC` TEXT, `MMVN_MDSR_ID` varchar (100) NOT NULL, `__taint__MMVN_MDSR_ID` TEXT, `MMVN_MDSR_QTY` float NOT NULL, `__taint__MMVN_MDSR_QTY` TEXT, `MMVN_MDSR_UNITS` varchar (10) NOT NULL, `__taint__MMVN_MDSR_UNITS` TEXT, `MMVN_CREATED_BY` varchar (50) DEFAULT NULL, `__taint__MMVN_CREATED_BY` TEXT, `MMVN_WRD_ID_A_FROM` varchar (1) DEFAULT NULL, `__taint__MMVN_WRD_ID_A_FROM` TEXT, `MMVN_WRD_ID_A_TO` varchar (1) DEFAULT NULL, `__taint__MMVN_WRD_ID_A_TO` TEXT, `MMVN_LT_ID` varchar (50) DEFAULT NULL, `__taint__MMVN_LT_ID` TEXT, `MMVN_CREATED_DATE` datetime DEFAULT NULL, `__taint__MMVN_CREATED_DATE` TEXT, `MMVN_LAST_MODIFIED_BY` varchar (50) DEFAULT NULL, `__taint__MMVN_LAST_MODIFIED_BY` TEXT, `MMVN_LAST_MODIFIED_DATE` datetime DEFAULT NULL, `__taint__MMVN_LAST_MODIFIED_DATE` TEXT, `MMVN_ACTIVE` tinyint (1) NOT NULL DEFAULT 1, `__taint__MMVN_ACTIVE` TEXT, PRIMARY KEY (`MMVN_ID`) USING BTREE, KEY `FK_MEDICALDSRSTOCKMOVWARD_PATIENT_idx` (`MMVN_PAT_ID`) USING BTREE, KEY `FK_MEDICALDSRSTOCKMOVWARD_LOT_idx` (`MMVN_LT_ID`) USING BTREE, KEY `FK_MEDICALDSRSTOCKMOVWARD_WARD_idx` (`MMVN_WRD_ID_A`) USING BTREE, CONSTRAINT `FK_MEDICALDSRSTOCKMOVWARD_LOT` FOREIGN KEY (`MMVN_LT_ID`) REFERENCES `oh_medicaldsrlot`(`LT_ID_A`) ON DELETE NO ACTION ON UPDATE NO ACTION, CONSTRAINT `FK_MEDICALDSRSTOCKMOVWARD_PATIENT` FOREIGN KEY (`MMVN_PAT_ID`) REFERENCES `oh_patient`(`PAT_ID`) ON DELETE CASCADE ON UPDATE CASCADE, CONSTRAINT `FK_MEDICALDSRSTOCKMOVWARD_WARD` FOREIGN KEY (`MMVN_WRD_ID_A`) REFERENCES `oh_ward`(`WRD_ID_A`) ON DELETE NO ACTION ON UPDATE NO ACTION) ENGINE = InnoDB DEFAULT CHARSET = utf8;
/*!40101 SET character_set_client = @saved_cs_client */;

--
-- Dumping data for table `oh_medicaldsrstockmovward`
--

LOCK TABLES `oh_medicaldsrstockmovward` WRITE;
/*!40000 ALTER TABLE `oh_medicaldsrstockmovward` DISABLE KEYS */;
/*!40000 ALTER TABLE `oh_medicaldsrstockmovward` ENABLE KEYS */;
UNLOCK TABLES;

--
-- Table structure for table `oh_medicaldsrtype`
--

DROP TABLE IF EXISTS `oh_medicaldsrtype`;
/*!40101 SET @saved_cs_client     = @@character_set_client */;
/*!40101 SET character_set_client = utf8 */;
CREATE TABLE `oh_medicaldsrtype` (`MDSRT_ID_A` char (1) NOT NULL, `__taint__MDSRT_ID_A` TEXT, `MDSRT_DESC` varchar (30) DEFAULT NULL, `__taint__MDSRT_DESC` TEXT, `MDSRT_CREATED_BY` varchar (50) DEFAULT NULL, `__taint__MDSRT_CREATED_BY` TEXT, `MDSRT_CREATED_DATE` datetime DEFAULT NULL, `__taint__MDSRT_CREATED_DATE` TEXT, `MDSRT_LAST_MODIFIED_BY` varchar (50) DEFAULT NULL, `__taint__MDSRT_LAST_MODIFIED_BY` TEXT, `MDSRT_LAST_MODIFIED_DATE` datetime DEFAULT NULL, `__taint__MDSRT_LAST_MODIFIED_DATE` TEXT, `MDSRT_ACTIVE` tinyint (1) NOT NULL DEFAULT 1, `__taint__MDSRT_ACTIVE` TEXT, PRIMARY KEY (`MDSRT_ID_A`)) ENGINE = InnoDB DEFAULT CHARSET = utf8;
/*!40101 SET character_set_client = @saved_cs_client */;

--
-- Dumping data for table `oh_medicaldsrtype`
--

LOCK TABLES `oh_medicaldsrtype` WRITE;
/*!40000 ALTER TABLE `oh_medicaldsrtype` DISABLE KEYS */;
INSERT INTO `oh_medicaldsrtype` VALUES ('D', '0', 'Drugs', '0', NULL, '0', NULL, '0', NULL, '0', NULL, '0', 1, '0'), ('K', '0', 'Chemical', '0', NULL, '0', NULL, '0', NULL, '0', NULL, '0', 1, '0'), ('L', '0', 'Laboratory', '0', NULL, '0', NULL, '0', NULL, '0', NULL, '0', 1, '0'), ('S', '0', 'Surgery', '0', NULL, '0', NULL, '0', NULL, '0', NULL, '0', 1, '0');
/*!40000 ALTER TABLE `oh_medicaldsrtype` ENABLE KEYS */;
UNLOCK TABLES;

--
-- Table structure for table `oh_medicaldsrward`
--

DROP TABLE IF EXISTS `oh_medicaldsrward`;
/*!40101 SET @saved_cs_client     = @@character_set_client */;
/*!40101 SET character_set_client = utf8 */;
CREATE TABLE `oh_medicaldsrward` (`MDSRWRD_WRD_ID_A` char (3) NOT NULL DEFAULT '', `__taint__MDSRWRD_WRD_ID_A` TEXT, `MDSRWRD_MDSR_ID` int (11) NOT NULL, `__taint__MDSRWRD_MDSR_ID` TEXT, `MDSRWRD_IN_QTI` float DEFAULT 0, `__taint__MDSRWRD_IN_QTI` TEXT, `MDSRWRD_OUT_QTI` float DEFAULT 0, `__taint__MDSRWRD_OUT_QTI` TEXT, `MDSRWRD_LT_ID_A` varchar (50) NOT NULL, `__taint__MDSRWRD_LT_ID_A` TEXT, `MDSRWRD_CREATED_BY` varchar (50) DEFAULT NULL, `__taint__MDSRWRD_CREATED_BY` TEXT, `MDSRWRD_CREATED_DATE` datetime DEFAULT NULL, `__taint__MDSRWRD_CREATED_DATE` TEXT, `MDSRWRD_LAST_MODIFIED_BY` varchar (50) DEFAULT NULL, `__taint__MDSRWRD_LAST_MODIFIED_BY` TEXT, `MDSRWRD_LAST_MODIFIED_DATE` datetime DEFAULT NULL, `__taint__MDSRWRD_LAST_MODIFIED_DATE` TEXT, `MDSRWRD_ACTIVE` tinyint (1) NOT NULL DEFAULT 1, `__taint__MDSRWRD_ACTIVE` TEXT, PRIMARY KEY (`MDSRWRD_WRD_ID_A`, `MDSRWRD_MDSR_ID`, `MDSRWRD_LT_ID_A`), KEY `FK_MEDICALDSRWARD_MEDICALDSR_idx` (`MDSRWRD_MDSR_ID`), KEY `FK_MEDICALDSRWARD_MEDICALDSRLOT_idx` (`MDSRWRD_LT_ID_A`), KEY `FK_MEDICALDSRWARD_WARD_idx` (`MDSRWRD_WRD_ID_A`), CONSTRAINT `FK_MEDICALDSRWARD_MEDICALDSR` FOREIGN KEY (`MDSRWRD_MDSR_ID`) REFERENCES `oh_medicaldsr`(`MDSR_ID`) ON DELETE NO ACTION ON UPDATE NO ACTION, CONSTRAINT `FK_MEDICALDSRWARD_MEDICALDSRLOT` FOREIGN KEY (`MDSRWRD_LT_ID_A`) REFERENCES `oh_medicaldsrlot`(`LT_ID_A`) ON DELETE NO ACTION ON UPDATE NO ACTION, CONSTRAINT `FK_MEDICALDSRWARD_WARD` FOREIGN KEY (`MDSRWRD_WRD_ID_A`) REFERENCES `oh_ward`(`WRD_ID_A`) ON DELETE NO ACTION ON UPDATE NO ACTION) ENGINE = InnoDB DEFAULT CHARSET = utf8;
/*!40101 SET character_set_client = @saved_cs_client */;

--
-- Dumping data for table `oh_medicaldsrward`
--

LOCK TABLES `oh_medicaldsrward` WRITE;
/*!40000 ALTER TABLE `oh_medicaldsrward` DISABLE KEYS */;
/*!40000 ALTER TABLE `oh_medicaldsrward` ENABLE KEYS */;
UNLOCK TABLES;

--
-- Table structure for table `oh_menuitem`
--

DROP TABLE IF EXISTS `oh_menuitem`;
/*!40101 SET @saved_cs_client     = @@character_set_client */;
/*!40101 SET character_set_client = utf8 */;
CREATE TABLE `oh_menuitem` (`MNI_ID_A` varchar (50) NOT NULL DEFAULT '', `__taint__MNI_ID_A` TEXT, `MNI_BTN_LABEL` varchar (50) NOT NULL DEFAULT '', `__taint__MNI_BTN_LABEL` TEXT, `MNI_LABEL` varchar (50) NOT NULL DEFAULT '', `__taint__MNI_LABEL` TEXT, `MNI_TOOLTIP` varchar (100) DEFAULT NULL, `__taint__MNI_TOOLTIP` TEXT, `MNI_SHORTCUT` char (1) DEFAULT NULL, `__taint__MNI_SHORTCUT` TEXT, `MNI_SUBMENU` varchar (50) NOT NULL DEFAULT '', `__taint__MNI_SUBMENU` TEXT, `MNI_CLASS` varchar (100) NOT NULL DEFAULT '', `__taint__MNI_CLASS` TEXT, `MNI_IS_SUBMENU` char (1) NOT NULL DEFAULT 'N', `__taint__MNI_IS_SUBMENU` TEXT, `MNI_POSITION` int (10) unsigned NOT NULL DEFAULT 0, `__taint__MNI_POSITION` TEXT, PRIMARY KEY (`MNI_ID_A`)) ENGINE = MyISAM DEFAULT CHARSET = latin1;
/*!40101 SET character_set_client = @saved_cs_client */;

--
-- Dumping data for table `oh_menuitem`
--

LOCK TABLES `oh_menuitem` WRITE;
/*!40000 ALTER TABLE `oh_menuitem` DISABLE KEYS */;
INSERT INTO `oh_menuitem` VALUES ('admission', '0', 'angal.menu.btn.admission', '0', 'angal.menu.admission', '0', 'x', '0', 'A', '0', 'main', '0', 'org.isf.admission.gui.AdmittedPatientBrowser', '0', 'N', '0', 2, '0'), ('admtype', '0', 'angal.menu.btn.admtype', '0', 'angal.menu.admtype', '0', 'x', '0', 'A', '0', 'types', '0', 'org.isf.admtype.gui.AdmissionTypeBrowser', '0', 'N', '0', 0, '0'), ('deliverytype', '0', 'angal.menu.btn.deliverytype', '0', 'angal.menu.deliverytype', '0', 'x', '0', 'L', '0', 'types', '0', 'org.isf.dlvrtype.gui.DeliveryTypeBrowser', '0', 'N', '0', 2, '0'), ('delresulttype', '0', 'angal.menu.btn.delresulttype', '0', 'angal.menu.delresulttype', '0', 'x', '0', 'R', '0', 'types', '0', 'org.isf.dlvrrestype.gui.DeliveryResultTypeBrowser', '0', 'N', '0', 3, '0'), ('disctype', '0', 'angal.menu.btn.disctype', '0', 'angal.menu.disctype', '0', 'x', '0', 'H', '0', 'types', '0', 'org.isf.disctype.gui.DischargeTypeBrowser', '0', 'N', '0', 1, '0'), ('disease', '0', 'angal.menu.btn.disease', '0', 'angal.menu.disease', '0', 'x', '0', 'D', '0', 'generaldata', '0', 'org.isf.disease.gui.DiseaseBrowser', '0', 'N', '0', 3, '0'), ('diseaselist', '0', 'angal.menu.btn.diseaselist', '0', 'angal.menu.diseaselist', '0', 'x', '0', 'D', '0', 'printing', '0', 'org.isf.stat.gui.DiseasesListLauncher', '0', 'N', '0', 2, '0'), ('diseasetype', '0', 'angal.menu.btn.diseasetype', '0', 'angal.menu.diseasetype', '0', 'x', '0', 'D', '0', 'types', '0', 'org.isf.distype.gui.DiseaseTypeBrowser', '0', 'N', '0', 4, '0'), ('examlist1', '0', 'angal.menu.btn.examlist1', '0', 'angal.menu.examlist1', '0', 'x', '0', 'E', '0', 'printing', '0', 'org.isf.stat.gui.ExamsList1Launcher', '0', 'N', '0', 1, '0'), ('exams', '0', 'angal.menu.btn.exams', '0', 'angal.menu.exams', '0', 'x', '0', 'E', '0', 'generaldata', '0', 'org.isf.exa.gui.ExamBrowser', '0', 'N', '0', 4, '0'), ('examtype', '0', 'angal.menu.btn.examtype', '0', 'angal.menu.examtype', '0', 'x', '0', 'E', '0', 'types', '0', 'org.isf.exatype.gui.ExamTypeBrowser', '0', 'N', '0', 5, '0'), ('cashiersfilter', '0', 'angal.menu.accounting.cashiersfilter', '0', 'angal.menu.accounting.cashiersfilter', '0', 'x', '0', 'X', '0', 'billsmanager', '0', 'none', '0', 'N', '0', 0, '0'), ('generaldata', '0', 'angal.menu.btn.generaldata', '0', 'angal.menu.generaldata', '0', 'x', '0', 'S', '0', 'main', '0', 'none', '0', 'Y', '0', 11, '0'), ('groups', '0', 'angal.menu.btn.groups', '0', 'angal.menu.groups', '0', 'x', '0', 'G', '0', 'users', '0', 'org.isf.menu.gui.UserGroupBrowsing', '0', 'N', '0', 1, '0'), ('help', '0', 'angal.menu.btn.help', '0', 'angal.menu.help', '0', 'x', '0', 'H', '0', 'main', '0', 'org.isf.help.HelpViewer', '0', 'N', '0', 12, '0'), ('hospital', '0', 'angal.menu.btn.hospital', '0', 'angal.menu.hospital', '0', 'x', '0', 'H', '0', 'generaldata', '0', 'org.isf.hospital.gui.HospitalBrowser', '0', 'N', '0', 1, '0'), ('laboratory', '0', 'angal.menu.btn.laboratory', '0', 'angal.menu.laboratory', '0', 'x', '0', 'L', '0', 'main', '0', 'org.isf.lab.gui.LabBrowser', '0', 'N', '0', 3, '0'), ('medicals', '0', 'angal.menu.btn.medicals', '0', 'angal.menu.medicals', '0', 'x', '0', 'P', '0', 'pharmacy', '0', 'org.isf.medicals.gui.MedicalBrowser', '0', 'N', '0', 0, '0'), ('medicalstock', '0', 'angal.menu.btn.medicalstock', '0', 'angal.menu.medicalstock', '0', 'x', '0', 'S', '0', 'pharmacy', '0', 'org.isf.medicalstock.gui.MovStockBrowser', '0', 'N', '0', 1, '0'), ('medicalstype', '0', 'angal.menu.btn.medicalstype', '0', 'angal.menu.medicalstype', '0', 'x', '0', 'M', '0', 'types', '0', 'org.isf.medtype.gui.MedicalTypeBrowser', '0', 'N', '0', 7, '0'), ('medstockmovtype', '0', 'angal.menu.btn.medstockmovtype', '0', 'angal.menu.medstockmovtype', '0', 'x', '0', 'S', '0', 'types', '0', 'org.isf.medstockmovtype.gui.MedicaldsrstockmovTypeBrowser', '0', 'N', '0', 6, '0'), ('opd', '0', 'angal.menu.btn.opd', '0', 'angal.menu.opd', '0', 'x', '0', 'O', '0', 'main', '0', 'org.isf.opd.gui.OpdBrowser', '0', 'N', '0', 1, '0'), ('operation', '0', 'angal.menu.btn.operation', '0', 'angal.menu.operation', '0', 'x', '0', 'O', '0', 'generaldata', '0', 'org.isf.operation.gui.OperationBrowser', '0', 'N', '0', 5, '0'), ('operationtype', '0', 'angal.menu.btn.operationtype', '0', 'angal.menu.operationtype', '0', 'x', '0', 'O', '0', 'types', '0', 'org.isf.opetype.gui.OperationTypeBrowser', '0', 'N', '0', 8, '0'), ('pharmacy', '0', 'angal.menu.btn.pharmacy', '0', 'angal.menu.pharmacy', '0', 'x', '0', 'P', '0', 'main', '0', 'none', '0', 'Y', '0', 4, '0'), ('pretreatmenttype', '0', 'angal.menu.btn.pretreatmenttype', '0', 'angal.menu.pretreatmenttype', '0', 'x', '0', 'P', '0', 'types', '0', 'org.isf.pregtreattype.gui.PregnantTreatmentTypeBrowser', '0', 'N', '0', 9, '0'), ('printing', '0', 'angal.menu.btn.printing', '0', 'angal.menu.printing', '0', 'x', '0', 'R', '0', 'main', '0', 'none', '0', 'Y', '0', 9, '0'), ('statistics', '0', 'angal.menu.btn.statistics', '0', 'angal.menu.statistics', '0', 'x', '0', 'T', '0', 'main', '0', 'org.isf.stat.reportlauncher.gui.ReportLauncher', '0', 'N', '0', 8, '0'), ('types', '0', 'angal.menu.btn.types', '0', 'angal.menu.types', '0', 'x', '0', 'T', '0', 'generaldata', '0', 'none', '0', 'Y', '0', 0, '0'), ('users', '0', 'angal.menu.btn.users', '0', 'angal.menu.users', '0', 'x', '0', 'U', '0', 'generaldata', '0', 'none', '0', 'Y', '0', 10, '0'), ('usersusers', '0', 'angal.menu.btn.usersusers', '0', 'angal.menu.usersusers', '0', 'x', '0', 'U', '0', 'users', '0', 'org.isf.menu.gui.UserBrowsing', '0', 'N', '0', 0, '0'), ('vaccine', '0', 'angal.menu.btn.vaccine', '0', 'angal.menu.vaccine', '0', 'x', '0', 'V', '0', 'generaldata', '0', 'org.isf.vaccine.gui.VaccineBrowser', '0', 'N', '0', 6, '0'), ('ward', '0', 'angal.menu.btn.ward', '0', 'angal.menu.ward', '0', 'x', '0', 'W', '0', 'generaldata', '0', 'org.isf.ward.gui.WardBrowser', '0', 'N', '0', 2, '0'), ('medicalsward', '0', 'angal.menu.btn.medicalsward', '0', 'angal.menu.medicalsward', '0', 'x', '0', 'W', '0', 'pharmacy', '0', 'org.isf.medicalstockward.gui.WardPharmacy', '0', 'N', '0', 2, '0'), ('agetype', '0', 'angal.menu.btn.agetype', '0', 'angal.menu.agetype', '0', 'x', '0', 'G', '0', 'types', '0', 'org.isf.agetype.gui.AgeTypeBrowser', '0', 'N', '0', 11, '0'), ('priceslists', '0', 'angal.menu.btn.priceslists', '0', 'angal.menu.priceslists', '0', 'x', '0', 'P', '0', 'generaldata', '0', 'org.isf.priceslist.gui.PricesBrowser', '0', 'N', '0', 7, '0'), ('otherprices', '0', 'angal.menu.btn.otherprices', '0', 'angal.menu.otherprices', '0', 'x', '0', 'H', '0', 'types', '0', 'org.isf.pricesothers.gui.PricesOthersBrowser', '0', 'N', '0', 10, '0'), ('accounting', '0', 'angal.menu.btn.accounting', '0', 'angal.menu.accounting', '0', 'x', '0', 'C', '0', 'main', '0', 'none', '0', 'Y', '0', 6, '0'), ('newbill', '0', 'angal.menu.btn.newbill', '0', 'angal.menu.newbill', '0', 'x', '0', 'N', '0', 'accounting', '0', 'org.isf.accounting.gui.PatientBillEdit', '0', 'N', '0', 0, '0'), ('billsmanager', '0', 'angal.menu.btn.billsmanager', '0', 'angal.menu.billsmanager', '0', 'x', '0', 'M', '0', 'accounting', '0', 'org.isf.accounting.gui.BillBrowser', '0', 'N', '0', 1, '0'), ('data', '0', 'angal.admission.data', '0', 'angal.admission.data', '0', 'x', '0', 'D', '0', 'admission', '0', 'none', '0', 'N', '0', 3, '0'), ('btnadmnew', '0', 'angal.admission.newpatient', '0', 'angal.admission.newpatient', '0', 'x', '0', 'N', '0', 'admission', '0', 'none', '0', 'N', '0', 0, '0'), ('btnadmedit', '0', 'angal.admission.editpatient', '0', 'angal.admission.editpatient', '0', 'x', '0', 'E', '0', 'admission', '0', 'none', '0', 'N', '0', 1, '0'), ('btnadmopd', '0', 'angal.admission.opd', '0', 'angal.admission.admission', '0', 'x', '0', 'O', '0', 'admission', '0', 'none', '0', 'N', '0', 5, '0'), ('btnadmadm', '0', 'angal.admission.admission', '0', 'angal.admission.admission', '0', 'x', '0', 'A', '0', 'admission', '0', 'none', '0', 'N', '0', 4, '0'), ('btnadmdel', '0', 'angal.admission.deletepatient', '0', 'angal.admission.deletepatient', '0', 'x', '0', 'L', '0', 'admission', '0', 'none', '0', 'N', '0', 2, '0'), ('btnadmmer', '0', 'angal.admission.merge', '0', 'angal.admission.merge', '0', 'x', '0', 'L', '0', 'admission', '0', 'none', '0', 'N', '0', 2, '0'), ('btndataeditpat', '0', 'angal.admission.editpatient', '0', 'angal.admission.editpatient', '0', 'x', '0', 'P', '0', 'data', '0', 'none', '0', 'N', '0', 0, '0'), ('btndatamalnut', '0', 'angal.admission.malnutritioncontrol', '0', 'angal.admission.malnutritioncontrol', '0', 'x', '0', 'M', '0', 'data', '0', 'none', '0', 'N', '0', 3, '0'), ('btndatadel', '0', 'angal.common.delete', '0', 'angal.common.delete', '0', 'x', '0', 'D', '0', 'data', '0', 'none', '0', 'N', '0', 2, '0'), ('btndataedit', '0', 'angal.common.edit', '0', 'angal.common.edit', '0', 'x', '0', 'E', '0', 'data', '0', 'none', '0', 'N', '0', 1, '0'), ('btnopddel', '0', 'angal.common.delete', '0', 'angal.common.delete', '0', 'x', '0', 'D', '0', 'opd', '0', 'none', '0', 'N', '0', 2, '0'), ('btnopdedit', '0', 'angal.common.edit', '0', 'angal.common.edit', '0', 'x', '0', 'E', '0', 'opd', '0', 'none', '0', 'N', '0', 1, '0'), ('btnopdnew', '0', 'angal.common.new.btn', '0', 'angal.common.new.btn', '0', 'x', '0', 'N', '0', 'opd', '0', 'none', '0', 'N', '0', 0, '0'), ('btnpharmaceuticaldel', '0', 'angal.common.delete', '0', 'angal.common.delete', '0', 'x', '0', 'D', '0', 'medicals', '0', 'none', '0', 'N', '0', 2, '0'), ('btnpharmaceuticaledit', '0', 'angal.common.edit', '0', 'angal.common.edit', '0', 'x', '0', 'E', '0', 'medicals', '0', 'none', '0', 'N', '0', 1, '0'), ('btnpharmaceuticalnew', '0', 'angal.common.new.btn', '0', 'angal.common.new.btn', '0', 'x', '0', 'N', '0', 'medicals', '0', 'none', '0', 'N', '0', 0, '0'), ('btnlaboratorydel', '0', 'angal.common.delete', '0', 'angal.common.delete', '0', 'x', '0', 'D', '0', 'laboratory', '0', 'none', '0', 'N', '0', 2, '0'), ('btnlaboratoryedit', '0', 'angal.common.edit', '0', 'angal.common.edit', '0', 'x', '0', 'E', '0', 'laboratory', '0', 'none', '0', 'N', '0', 1, '0'), ('btnlaboratorynew', '0', 'angal.common.new.btn', '0', 'angal.common.new.btn', '0', 'x', '0', 'N', '0', 'laboratory', '0', 'none', '0', 'N', '0', 0, '0'), ('btnadmtherapy', '0', 'angal.admission.therapy', '0', 'angal.admission.therapy', '0', 'x', '0', 'T', '0', 'admission', '0', 'none', '0', 'N', '0', 6, '0'), ('btnbillnew', '0', 'angal.billbrowser.newbill.btn', '0', 'angal.billbrowser.newbill.btn', '0', 'x', '0', 'N', '0', 'billsmanager', '0', 'none', '0', 'N', '0', 1, '0'), ('btnbilledit', '0', 'angal.billbrowser.editbill', '0', 'angal.billbrowser.editbill', '0', 'x', '0', 'N', '0', 'billsmanager', '0', 'none', '0', 'N', '0', 2, '0'), ('btnbilldelete', '0', 'angal.billbrowser.deletebill.btn', '0', 'angal.billbrowser.deletebill.btn', '0', 'x', '0', 'N', '0', 'billsmanager', '0', 'none', '0', 'N', '0', 4, '0'), ('btnbillreport', '0', 'angal.billbrowser.report', '0', 'angal.billbrowser.report', '0', 'x', '0', 'N', '0', 'billsmanager', '0', 'none', '0', 'N', '0', 5, '0'), ('vaccinetype', '0', 'angal.menu.btn.vaccinetype', '0', 'angal.menu.vaccinetype', '0', 'x', '0', 'V', '0', 'types', '0', 'org.isf.vactype.gui.VaccineTypeBrowser', '0', 'N', '0', 12, '0'), ('patientvaccine', '0', 'angal.menu.btn.patientvaccine', '0', 'angal.menu.patientvaccine', '0', 'x', '0', 'V', '0', 'main', '0', 'org.isf.patvac.gui.PatVacBrowser', '0', 'N', '0', 5, '0'), ('btnpatientvaccinenew', '0', 'angal.common.new.btn', '0', 'angal.common.new.btn', '0', 'x', '0', 'N', '0', 'patientvaccine', '0', 'none', '0', 'N', '0', 0, '0'), ('btnpatientvaccineedit', '0', 'angal.common.edit', '0', 'angal.common.edit', '0', 'x', '0', 'E', '0', 'patientvaccine', '0', 'none', '0', 'N', '0', 1, '0'), ('btnpatientvaccinedel', '0', 'angal.common.delete', '0', 'angal.common.delete', '0', 'x', '0', 'D', '0', 'patientvaccine', '0', 'none', '0', 'N', '0', 2, '0'), ('communication', '0', 'angal.menu.btn.chat', '0', 'angal.menu.chat', '0', 'x', '0', 'M', '0', 'main', '0', 'org.isf.xmpp.gui.CommunicationFrame', '0', 'N', '0', 10, '0'), ('btnadmbill', '0', 'angal.menu.btn.btnadmbill', '0', 'angal.menu.btnadmbill', '0', 'x', '0', 'R', '0', 'admission', '0', 'none', '0', 'N', '0', 4, '0'), ('btnbillreceipt', '0', 'angal.menu.btn.btnbillreceipt', '0', 'angal.menu.btnbillreceipt', '0', 'x', '0', 'R', '0', 'billsmanager', '0', 'none', '0', 'N', '0', 6, '0'), ('btnadmpatientfolder', '0', 'angal.admission.patientfolder', '0', 'angal.admission.patientfolder', '0', 'x', '0', 'P', '0', 'admission', '0', 'none', '0', 'Y', '0', 6, '0'), ('btnopdnewexamination', '0', 'angal.opd.examination', '0', 'angal.opd.examination', '0', 'x', '0', 'A', '0', 'btnopdnew', '0', 'none', '0', 'N', '0', 1, '0'), ('btnopdeditexamination', '0', 'angal.opd.examination', '0', 'angal.opd.examination', '0', 'x', '0', 'A', '0', 'btnopdedit', '0', 'none', '0', 'N', '0', 1, '0'), ('btnadmadmexamination', '0', 'angal.admission.examination', '0', 'angal.admission.examination', '0', 'x', '0', 'A', '0', 'btnadmadm', '0', 'none', '0', 'N', '0', 1, '0'), ('btnadmexamination', '0', 'angal.admission.examination', '0', 'angal.admission.examination', '0', 'x', '0', 'A', '0', 'admission', '0', 'none', '0', 'N', '0', 1, '0'), ('supplier', '0', 'angal.menu.btn.supplier', '0', 'angal.menu.supplier', '0', 'x', '0', 'S', '0', 'generaldata', '0', 'org.isf.supplier.gui.SupplierBrowser', '0', 'N', '0', 8, '0'), ('btnpatfoldopdrpt', '0', 'angal.menu.btn.opdchart', '0', 'angal.menu.opdchart', '0', 'x', '0', 'O', '0', 'btnadmpatientfolder', '0', 'none', '0', 'N', '0', 1, '0'), ('btnpatfoldadmrpt', '0', 'angal.menu.btn.admchart', '0', 'angal.menu.admchart', '0', 'x', '0', 'A', '0', 'btnadmpatientfolder', '0', 'none', '0', 'N', '0', 2, '0'), ('btnpatfoldpatrpt', '0', 'angal.menu.btn.patreport', '0', 'angal.menu.patreport', '0', 'x', '0', 'R', '0', 'btnadmpatientfolder', '0', 'none', '0', 'N', '0', 3, '0'), ('btnpatfolddicom', '0', 'angal.menu.btn.dicom', '0', 'angal.menu.dicom', '0', 'x', '0', 'D', '0', 'btnadmpatientfolder', '0', 'none', '0', 'N', '0', 4, '0'), ('smsmanager', '0', 'angal.menu.btn.smsmanager', '0', 'angal.menu.smsmanager', '0', 'x', '0', 'M', '0', 'generaldata', '0', 'org.isf.sms.gui.SmsBrowser', '0', 'N', '0', 9, '0'), ('btnpharmstockcharge', '0', 'angal.menu.btn.btnpharmstockcharge', '0', 'angal.menu.btnpharmstockcharge', '0', 'x', '0', 'C', '0', 'medicalstock', '0', 'none', '0', 'N', '0', 1, '0'), ('btnpharmstockdischarge', '0', 'angal.menu.btn.btnpharmstockdischarge', '0', 'angal.menu.btnpharmstockdischarge', '0', 'x', '0', 'D', '0', 'medicalstock', '0', 'none', '0', 'N', '0', 2, '0'), ('btnmedicalswardreport', '0', 'angal.menu.btn.btnmedicalswardreport', '0', 'angal.menu.btnmedicalswardreport', '0', 'x', '0', 'P', '0', 'medicalsward', '0', 'none', '0', 'N', '0', 2, '0'), ('btnmedicalswardexcel', '0', 'angal.menu.btn.btnmedicalswardexcel', '0', 'angal.menu.btnmedicalswardexcel', '0', 'x', '0', 'E', '0', 'medicalsward', '0', 'none', '0', 'N', '0', 3, '0'), ('btnmedicalswardrectify', '0', 'angal.menu.btn.btnmedicalswardrectify', '0', 'angal.menu.btnmedicalswardrectify', '0', 'x', '0', 'R', '0', 'medicalsward', '0', 'none', '0', 'N', '0', 1, '0'), ('dicomtype', '0', 'angal.menu.btn.dicomtype', '0', 'angal.menu.dicomtype', '0', 'x', '0', 'X', '0', 'types', '0', 'org.isf.dicomtype.gui.DicomTypeBrowser', '0', 'N', '0', 13, '0'), ('btnopdnewoperation', '0', 'angal.opd.operation', '0', 'angal.opd.operation', '0', 'x', '0', 'A', '0', 'btnopdnew', '0', 'none', '0', 'N', '0', 2, '0'), ('btnopdeditoperation', '0', 'angal.opd.operation', '0', 'angal.opd.operation', '0', 'x', '0', 'A', '0', 'btnopdedit', '0', 'none', '0', 'N', '0', 2, '0'), ('worksheet', '0', 'angal.menu.btn.worksheet', '0', 'angal.menu.worksheet', '0', 'x', '0', 'W', '0', 'main', '0', 'org.isf.visits.gui.VisitView', '0', 'N', '0', 7, '0'), ('editclosedbills', '0', 'angal.menu.accounting.editclosedbills', '0', 'angal.menu.accounting.editclosedbills', '0', 'x', '0', 'E', '0', 'billsmanager', '0', 'none', '0', 'N', '0', 3, '0'), ('operationlist', '0', 'angal.menu.btn.operationlist', '0', 'angal.menu.operationlist', '0', 'x', '0', 'O', '0', 'printing', '0', 'org.isf.stat.gui.OperationsListLauncher', '0', 'N', '0', 3, '0'), ('btnadmdicom', '0', 'angal.menu.btn.dicom', '0', 'angal.menu.dicom', '0', 'x', '0', 'L', '0', 'admission', '0', 'none', '0', 'N', '0', 4, '0'), ('btnadmlab', '0', 'angal.menu.btn.laboratory', '0', 'angal.menu.laboratory', '0', 'x', '0', 'L', '0', 'admission', '0', 'none', '0', 'N', '0', 3, '0'), ('btnadmpatnewanamnesis', '0', 'angal.patient.anamnesis', '0', 'angal.patient.anamnesis', '0', 'x', '0', 'A', '0', 'btnadmnew', '0', 'none', '0', 'N', '0', 1, '0'), ('btnadmpateditanamnesis', '0', 'angal.patient.anamnesis', '0', 'angal.patient.anamnesis', '0', 'x', '0', 'A', '0', 'btnadmedit', '0', 'none', '0', 'N', '0', 1, '0'), ('btnadmanamnesis', '0', 'angal.admission.anamnesis', '0', 'angal.admission.anamnesis', '0', 'x', '0', 'A', '0', 'admission', '0', 'none', '0', 'N', '0', 1, '0'), ('btnopdnewanamnesis', '0', 'angal.opd.anamnesis', '0', 'angal.opd.anamnesis', '0', 'x', '0', 'A', '0', 'btnopdnew', '0', 'none', '0', 'N', '0', 1, '0'), ('btnopdeditanamnesis', '0', 'angal.opd.anamnesis', '0', 'angal.opd.anamnesis', '0', 'x', '0', 'A', '0', 'btnopdedit', '0', 'none', '0', 'N', '0', 1, '0');
/*!40000 ALTER TABLE `oh_menuitem` ENABLE KEYS */;
UNLOCK TABLES;

--
-- Table structure for table `oh_opd`
--

DROP TABLE IF EXISTS `oh_opd`;
/*!40101 SET @saved_cs_client     = @@character_set_client */;
/*!40101 SET character_set_client = utf8 */;
CREATE TABLE `oh_opd` (`OPD_ID` int (11) NOT NULL AUTO_INCREMENT, `__taint__OPD_ID` TEXT, `OPD_WRD_ID_A` char (3) NOT NULL, `__taint__OPD_WRD_ID_A` TEXT, `OPD_DATE` datetime NOT NULL, `__taint__OPD_DATE` TEXT, `OPD_NEW_PAT` char (1) NOT NULL DEFAULT 'N', `__taint__OPD_NEW_PAT` TEXT, `OPD_PROG_YEAR` int (11) NOT NULL, `__taint__OPD_PROG_YEAR` TEXT, `OPD_SEX` char (1) NOT NULL, `__taint__OPD_SEX` TEXT, `OPD_AGE` int (11) NOT NULL DEFAULT 0, `__taint__OPD_AGE` TEXT, `OPD_DIS_ID_A` varchar (10) DEFAULT NULL, `__taint__OPD_DIS_ID_A` TEXT, `OPD_DIS_ID_A_2` varchar (10) DEFAULT NULL, `__taint__OPD_DIS_ID_A_2` TEXT, `OPD_DIS_ID_A_3` varchar (10) DEFAULT NULL, `__taint__OPD_DIS_ID_A_3` TEXT, `OPD_REFERRAL_FROM` varchar (1) DEFAULT NULL, `__taint__OPD_REFERRAL_FROM` TEXT, `OPD_REFERRAL_TO` varchar (1) DEFAULT NULL, `__taint__OPD_REFERRAL_TO` TEXT, `OPD_NOTE` mediumtext NOT NULL, `__taint__OPD_NOTE` mediumtext, `OPD_PAT_ID` int (11) DEFAULT NULL, `__taint__OPD_PAT_ID` TEXT, `OPD_USR_ID_A` varchar (50) NOT NULL DEFAULT 'admin', `__taint__OPD_USR_ID_A` TEXT, `OPD_NEXT_VISIT_ID` int (11) DEFAULT NULL, `__taint__OPD_NEXT_VISIT_ID` TEXT, `OPD_LOCK` int (11) NOT NULL DEFAULT 0, `__taint__OPD_LOCK` TEXT, `OPD_CREATED_BY` varchar (50) DEFAULT NULL, `__taint__OPD_CREATED_BY` TEXT, `OPD_CREATED_DATE` datetime DEFAULT NULL, `__taint__OPD_CREATED_DATE` TEXT, `OPD_LAST_MODIFIED_BY` varchar (50) DEFAULT NULL, `__taint__OPD_LAST_MODIFIED_BY` TEXT, `OPD_LAST_MODIFIED_DATE` datetime DEFAULT NULL, `__taint__OPD_LAST_MODIFIED_DATE` TEXT, `OPD_ACTIVE` tinyint (1) NOT NULL DEFAULT 1, `__taint__OPD_ACTIVE` TEXT, `OPD_PRESCRIPTION` varchar (255) DEFAULT NULL, `__taint__OPD_PRESCRIPTION` TEXT, PRIMARY KEY (`OPD_ID`), KEY `FK_OPD_DISEASE` (`OPD_DIS_ID_A`), KEY `FK_OPD_DISEASE_2` (`OPD_DIS_ID_A_2`), KEY `FK_OPD_DISEASE_3` (`OPD_DIS_ID_A_3`), KEY `FK_OPD_PATIENT` (`OPD_PAT_ID`), KEY `FK_OPD_WARD_idx` (`OPD_WRD_ID_A`), KEY `FK_OPD_NEXT_VISIT_idx` (`OPD_NEXT_VISIT_ID`), CONSTRAINT `FK_OPD_DISEASE` FOREIGN KEY (`OPD_DIS_ID_A`) REFERENCES `oh_disease`(`DIS_ID_A`) ON DELETE NO ACTION ON UPDATE NO ACTION, CONSTRAINT `FK_OPD_DISEASE_2` FOREIGN KEY (`OPD_DIS_ID_A_2`) REFERENCES `oh_disease`(`DIS_ID_A`) ON DELETE NO ACTION ON UPDATE NO ACTION, CONSTRAINT `FK_OPD_DISEASE_3` FOREIGN KEY (`OPD_DIS_ID_A_3`) REFERENCES `oh_disease`(`DIS_ID_A`) ON DELETE NO ACTION ON UPDATE NO ACTION, CONSTRAINT `FK_OPD_NEXT_VISIT` FOREIGN KEY (`OPD_NEXT_VISIT_ID`) REFERENCES `oh_visits`(`VST_ID`) ON DELETE NO ACTION ON UPDATE NO ACTION, CONSTRAINT `FK_OPD_PATIENT` FOREIGN KEY (`OPD_PAT_ID`) REFERENCES `oh_patient`(`PAT_ID`) ON DELETE CASCADE ON UPDATE CASCADE, CONSTRAINT `FK_OPD_WARD` FOREIGN KEY (`OPD_WRD_ID_A`) REFERENCES `oh_ward`(`WRD_ID_A`) ON DELETE NO ACTION ON UPDATE NO ACTION) ENGINE = InnoDB DEFAULT CHARSET = utf8;
/*!40101 SET character_set_client = @saved_cs_client */;

--
-- Dumping data for table `oh_opd`
--

LOCK TABLES `oh_opd` WRITE;
/*!40000 ALTER TABLE `oh_opd` DISABLE KEYS */;
/*!40000 ALTER TABLE `oh_opd` ENABLE KEYS */;
UNLOCK TABLES;

--
-- Table structure for table `oh_operation`
--

DROP TABLE IF EXISTS `oh_operation`;
/*!40101 SET @saved_cs_client     = @@character_set_client */;
/*!40101 SET character_set_client = utf8 */;
CREATE TABLE `oh_operation` (`OPE_ID_A` varchar (10) NOT NULL, `__taint__OPE_ID_A` TEXT, `OPE_OCL_ID_A` char (2) NOT NULL, `__taint__OPE_OCL_ID_A` TEXT, `OPE_DESC` varchar (50) NOT NULL, `__taint__OPE_DESC` TEXT, `OPE_STAT` int (11) NOT NULL DEFAULT 0, `__taint__OPE_STAT` TEXT, `OPE_FOR` char (1) DEFAULT '1' COMMENT '''1'' = OPD/IPD, ''2'' = IPD only, ''3'' = OPD only', `__taint__OPE_FOR` TEXT, `OPE_LOCK` int (11) NOT NULL DEFAULT 0, `__taint__OPE_LOCK` TEXT, `OPE_CREATED_BY` varchar (50) DEFAULT NULL, `__taint__OPE_CREATED_BY` TEXT, `OPE_CREATED_DATE` datetime DEFAULT NULL, `__taint__OPE_CREATED_DATE` TEXT, `OPE_LAST_MODIFIED_BY` varchar (50) DEFAULT NULL, `__taint__OPE_LAST_MODIFIED_BY` TEXT, `OPE_LAST_MODIFIED_DATE` datetime DEFAULT NULL, `__taint__OPE_LAST_MODIFIED_DATE` TEXT, `OPE_ACTIVE` tinyint (1) NOT NULL DEFAULT 1, `__taint__OPE_ACTIVE` TEXT, PRIMARY KEY (`OPE_ID_A`), KEY `FK_OPERATION_OPERATIONTYPE` (`OPE_OCL_ID_A`), CONSTRAINT `FK_OPERATION_OPERATIONTYPE` FOREIGN KEY (`OPE_OCL_ID_A`) REFERENCES `oh_operationtype`(`OCL_ID_A`) ON DELETE NO ACTION ON UPDATE CASCADE) ENGINE = InnoDB DEFAULT CHARSET = utf8;
/*!40101 SET character_set_client = @saved_cs_client */;

--
-- Dumping data for table `oh_operation`
--

LOCK TABLES `oh_operation` WRITE;
/*!40000 ALTER TABLE `oh_operation` DISABLE KEYS */;
INSERT INTO `oh_operation` VALUES ('1', '0', 'OB', '0', 'Caesarian section', '0', 1, '0', '1', '0', 0, '0', NULL, '0', NULL, '0', NULL, '0', NULL, '0', 1, '0'), ('10', '0', 'GY', '0', 'Acute abdomen', '0', 1, '0', '1', '0', 0, '0', NULL, '0', NULL, '0', NULL, '0', NULL, '0', 1, '0'), ('11', '0', 'GY', '0', 'Ectopic pregnancy', '0', 1, '0', '1', '0', 0, '0', NULL, '0', NULL, '0', NULL, '0', NULL, '0', 1, '0'), ('12', '0', 'GY', '0', 'Peritonitis', '0', 1, '0', '1', '0', 0, '0', NULL, '0', NULL, '0', NULL, '0', NULL, '0', 1, '0'), ('13', '0', 'GY', '0', 'Pelvic abscess', '0', 1, '0', '1', '0', 0, '0', NULL, '0', NULL, '0', NULL, '0', NULL, '0', 1, '0'), ('14', '0', 'GY', '0', 'Uterine fibroids', '0', 1, '0', '1', '0', 0, '0', NULL, '0', NULL, '0', NULL, '0', NULL, '0', 1, '0'), ('15', '0', 'GY', '0', 'Ovarian tumours', '0', 1, '0', '1', '0', 0, '0', NULL, '0', NULL, '0', NULL, '0', NULL, '0', 1, '0'), ('16', '0', 'GY', '0', 'Uterine prolapse', '0', 1, '0', '1', '0', 0, '0', NULL, '0', NULL, '0', NULL, '0', NULL, '0', 1, '0'), ('17', '0', 'GY', '0', 'Cystocele', '0', 1, '0', '1', '0', 0, '0', NULL, '0', NULL, '0', NULL, '0', NULL, '0', 1, '0'), ('18', '0', 'MG', '0', 'Circumcision', '0', 1, '0', '1', '0', 0, '0', NULL, '0', NULL, '0', NULL, '0', NULL, '0', 1, '0'), ('19', '0', 'MG', '0', 'Phimosis', '0', 1, '0', '1', '0', 0, '0', NULL, '0', NULL, '0', NULL, '0', NULL, '0', 1, '0'), ('2', '0', 'OB', '0', 'Hysterectomy', '0', 1, '0', '1', '0', 0, '0', NULL, '0', NULL, '0', NULL, '0', NULL, '0', 1, '0'), ('20', '0', 'MG', '0', 'Paraphimosis', '0', 1, '0', '1', '0', 0, '0', NULL, '0', NULL, '0', NULL, '0', NULL, '0', 1, '0'), ('21', '0', 'MG', '0', 'Dorsal slit-paraphimosis', '0', 1, '0', '1', '0', 0, '0', NULL, '0', NULL, '0', NULL, '0', NULL, '0', 1, '0'), ('22', '0', 'MG', '0', 'Uretheral stricture-bougienage', '0', 1, '0', '1', '0', 0, '0', NULL, '0', NULL, '0', NULL, '0', NULL, '0', 1, '0'), ('23', '0', 'MG', '0', 'Hydrocelectomy', '0', 1, '0', '1', '0', 0, '0', NULL, '0', NULL, '0', NULL, '0', NULL, '0', 1, '0'), ('24', '0', 'MG', '0', 'Testicular tumours', '0', 1, '0', '1', '0', 0, '0', NULL, '0', NULL, '0', NULL, '0', NULL, '0', 1, '0'), ('25', '0', 'MG', '0', 'Prostatectomy', '0', 1, '0', '1', '0', 0, '0', NULL, '0', NULL, '0', NULL, '0', NULL, '0', 1, '0'), ('26', '0', 'MG', '0', 'Prostate biopsy', '0', 1, '0', '1', '0', 0, '0', NULL, '0', NULL, '0', NULL, '0', NULL, '0', 1, '0'), ('27', '0', 'MG', '0', 'Bladder biopsy', '0', 1, '0', '1', '0', 0, '0', NULL, '0', NULL, '0', NULL, '0', NULL, '0', 1, '0'), ('28', '0', 'AG', '0', 'Hernia (inguinal & femoral)', '0', 1, '0', '1', '0', 0, '0', NULL, '0', NULL, '0', NULL, '0', NULL, '0', 1, '0'), ('29', '0', 'AG', '0', 'Strangulated', '0', 1, '0', '1', '0', 0, '0', NULL, '0', NULL, '0', NULL, '0', NULL, '0', 1, '0'), ('3', '0', 'OB', '0', 'Ruptured uterus', '0', 1, '0', '1', '0', 0, '0', NULL, '0', NULL, '0', NULL, '0', NULL, '0', 1, '0'), ('30', '0', 'AG', '0', 'Non strangulated', '0', 1, '0', '1', '0', 0, '0', NULL, '0', NULL, '0', NULL, '0', NULL, '0', 1, '0'), ('31', '0', 'AG', '0', 'Epigastrical Hernia', '0', 1, '0', '1', '0', 0, '0', NULL, '0', NULL, '0', NULL, '0', NULL, '0', 1, '0'), ('32', '0', 'AG', '0', 'Intestinal obstruction', '0', 1, '0', '1', '0', 0, '0', NULL, '0', NULL, '0', NULL, '0', NULL, '0', 1, '0'), ('33', '0', 'AG', '0', 'Mechanical', '0', 1, '0', '1', '0', 0, '0', NULL, '0', NULL, '0', NULL, '0', NULL, '0', 1, '0'), ('34', '0', 'AG', '0', 'Volvulus', '0', 1, '0', '1', '0', 0, '0', NULL, '0', NULL, '0', NULL, '0', NULL, '0', 1, '0'), ('35', '0', 'AG', '0', 'Laparotomy', '0', 1, '0', '1', '0', 0, '0', NULL, '0', NULL, '0', NULL, '0', NULL, '0', 1, '0'), ('36', '0', 'AG', '0', 'Penetrating abdominal injuries', '0', 1, '0', '1', '0', 0, '0', NULL, '0', NULL, '0', NULL, '0', NULL, '0', 1, '0'), ('37', '0', 'AG', '0', 'Peritonitis', '0', 1, '0', '1', '0', 0, '0', NULL, '0', NULL, '0', NULL, '0', NULL, '0', 1, '0'), ('38', '0', 'AG', '0', 'Appendicitis', '0', 1, '0', '1', '0', 0, '0', NULL, '0', NULL, '0', NULL, '0', NULL, '0', 1, '0'), ('39', '0', 'AG', '0', 'Cholecystitis', '0', 1, '0', '1', '0', 0, '0', NULL, '0', NULL, '0', NULL, '0', NULL, '0', 1, '0'), ('4', '0', 'OB', '0', 'Injured uterus', '0', 1, '0', '1', '0', 0, '0', NULL, '0', NULL, '0', NULL, '0', NULL, '0', 1, '0'), ('40', '0', 'AG', '0', 'Abdominal Tumours', '0', 1, '0', '1', '0', 0, '0', NULL, '0', NULL, '0', NULL, '0', NULL, '0', 1, '0'), ('41', '0', 'OR', '0', 'Reduction of fractures', '0', 1, '0', '1', '0', 0, '0', NULL, '0', NULL, '0', NULL, '0', NULL, '0', 1, '0'), ('42', '0', 'OR', '0', 'Upper limb', '0', 1, '0', '1', '0', 0, '0', NULL, '0', NULL, '0', NULL, '0', NULL, '0', 1, '0'), ('43', '0', 'OR', '0', 'Lower limb', '0', 1, '0', '1', '0', 0, '0', NULL, '0', NULL, '0', NULL, '0', NULL, '0', 1, '0'), ('44', '0', 'OR', '0', 'Osteomyelitis - sequestrectomy', '0', 1, '0', '1', '0', 0, '0', NULL, '0', NULL, '0', NULL, '0', NULL, '0', 1, '0'), ('45', '0', 'OS', '0', 'Incision & Drainage', '0', 1, '0', '1', '0', 0, '0', NULL, '0', NULL, '0', NULL, '0', NULL, '0', 1, '0'), ('46', '0', 'OS', '0', 'Debridement', '0', 1, '0', '1', '0', 0, '0', NULL, '0', NULL, '0', NULL, '0', NULL, '0', 1, '0'), ('47', '0', 'OS', '0', 'Mise -a- plat', '0', 1, '0', '1', '0', 0, '0', NULL, '0', NULL, '0', NULL, '0', NULL, '0', 1, '0'), ('48', '0', 'OS', '0', 'Surgical toilet  & suture', '0', 1, '0', '1', '0', 0, '0', NULL, '0', NULL, '0', NULL, '0', NULL, '0', 1, '0'), ('5', '0', 'OB', '0', 'Evacuations', '0', 1, '0', '1', '0', 0, '0', NULL, '0', NULL, '0', NULL, '0', NULL, '0', 1, '0'), ('6', '0', 'OB', '0', 'Incomplete abortion', '0', 1, '0', '1', '0', 0, '0', NULL, '0', NULL, '0', NULL, '0', NULL, '0', 1, '0'), ('7', '0', 'OB', '0', 'Septic abortion', '0', 1, '0', '1', '0', 0, '0', NULL, '0', NULL, '0', NULL, '0', NULL, '0', 1, '0'), ('8', '0', 'OB', '0', 'Dilatation and curettage', '0', 1, '0', '1', '0', 0, '0', NULL, '0', NULL, '0', NULL, '0', NULL, '0', 1, '0'), ('9', '0', 'OB', '0', 'Repair of vesico-vaginal fistula (vvf)', '0', 1, '0', '1', '0', 0, '0', NULL, '0', NULL, '0', NULL, '0', NULL, '0', 1, '0');
/*!40000 ALTER TABLE `oh_operation` ENABLE KEYS */;
UNLOCK TABLES;

--
-- Table structure for table `oh_operationrow`
--

DROP TABLE IF EXISTS `oh_operationrow`;
/*!40101 SET @saved_cs_client     = @@character_set_client */;
/*!40101 SET character_set_client = utf8 */;
CREATE TABLE `oh_operationrow` (`OPER_ID_A` int (11) NOT NULL AUTO_INCREMENT, `__taint__OPER_ID_A` TEXT, `OPER_OPE_ID_A` varchar (10) NOT NULL, `__taint__OPER_OPE_ID_A` TEXT, `OPER_PRESCRIBER` varchar (150) NOT NULL, `__taint__OPER_PRESCRIBER` TEXT, `OPER_RESULT` varchar (250) NOT NULL, `__taint__OPER_RESULT` TEXT, `OPER_OPDATE` datetime NOT NULL, `__taint__OPER_OPDATE` TEXT, `OPER_REMARKS` varchar (250) NOT NULL, `__taint__OPER_REMARKS` TEXT, `OPER_ADMISSION_ID` int (11) DEFAULT NULL, `__taint__OPER_ADMISSION_ID` TEXT, `OPER_OPD_ID` int (11) DEFAULT NULL, `__taint__OPER_OPD_ID` TEXT, `OPER_BILL_ID` int (11) DEFAULT NULL, `__taint__OPER_BILL_ID` TEXT, `OPER_TRANS_UNIT` float DEFAULT 0, `__taint__OPER_TRANS_UNIT` TEXT, `OPER_CREATED_BY` varchar (50) DEFAULT NULL, `__taint__OPER_CREATED_BY` TEXT, `OPER_CREATED_DATE` datetime DEFAULT NULL, `__taint__OPER_CREATED_DATE` TEXT, `OPER_LAST_MODIFIED_BY` varchar (50) DEFAULT NULL, `__taint__OPER_LAST_MODIFIED_BY` TEXT, `OPER_LAST_MODIFIED_DATE` datetime DEFAULT NULL, `__taint__OPER_LAST_MODIFIED_DATE` TEXT, `OPER_ACTIVE` tinyint (1) NOT NULL DEFAULT 1, `__taint__OPER_ACTIVE` TEXT, PRIMARY KEY (`OPER_ID_A`), KEY `FK_OPERATIONROW_OPERATION_idx` (`OPER_OPE_ID_A`), CONSTRAINT `FK_OPERATIONROW_OPERATION` FOREIGN KEY (`OPER_OPE_ID_A`) REFERENCES `oh_operation`(`OPE_ID_A`) ON DELETE NO ACTION ON UPDATE NO ACTION) ENGINE = InnoDB DEFAULT CHARSET = utf8;
/*!40101 SET character_set_client = @saved_cs_client */;

--
-- Dumping data for table `oh_operationrow`
--

LOCK TABLES `oh_operationrow` WRITE;
/*!40000 ALTER TABLE `oh_operationrow` DISABLE KEYS */;
/*!40000 ALTER TABLE `oh_operationrow` ENABLE KEYS */;
UNLOCK TABLES;

--
-- Table structure for table `oh_operationtype`
--

DROP TABLE IF EXISTS `oh_operationtype`;
/*!40101 SET @saved_cs_client     = @@character_set_client */;
/*!40101 SET character_set_client = utf8 */;
CREATE TABLE `oh_operationtype` (`OCL_ID_A` char (2) NOT NULL, `__taint__OCL_ID_A` TEXT, `OCL_DESC` varchar (50) NOT NULL, `__taint__OCL_DESC` TEXT, `OCL_TYPE` varchar (20) NOT NULL DEFAULT 'MAJOR', `__taint__OCL_TYPE` TEXT, `OCL_CREATED_BY` varchar (50) DEFAULT NULL, `__taint__OCL_CREATED_BY` TEXT, `OCL_CREATED_DATE` datetime DEFAULT NULL, `__taint__OCL_CREATED_DATE` TEXT, `OCL_LAST_MODIFIED_BY` varchar (50) DEFAULT NULL, `__taint__OCL_LAST_MODIFIED_BY` TEXT, `OCL_LAST_MODIFIED_DATE` datetime DEFAULT NULL, `__taint__OCL_LAST_MODIFIED_DATE` TEXT, `OCL_ACTIVE` tinyint (1) NOT NULL DEFAULT 1, `__taint__OCL_ACTIVE` TEXT, PRIMARY KEY (`OCL_ID_A`)) ENGINE = InnoDB DEFAULT CHARSET = utf8;
/*!40101 SET character_set_client = @saved_cs_client */;

--
-- Dumping data for table `oh_operationtype`
--

LOCK TABLES `oh_operationtype` WRITE;
/*!40000 ALTER TABLE `oh_operationtype` DISABLE KEYS */;
INSERT INTO `oh_operationtype` VALUES ('AG', '0', 'ABDOMINAL GENERAL SURGERY', '0', 'MAJOR', '0', NULL, '0', NULL, '0', NULL, '0', NULL, '0', 1, '0'), ('GY', '0', 'GYNECOLOGICAL', '0', 'MAJOR', '0', NULL, '0', NULL, '0', NULL, '0', NULL, '0', 1, '0'), ('MG', '0', 'MALE GENITOURINARY SYSTEM', '0', 'MAJOR', '0', NULL, '0', NULL, '0', NULL, '0', NULL, '0', 1, '0'), ('OB', '0', 'OBSTETRICAL', '0', 'MAJOR', '0', NULL, '0', NULL, '0', NULL, '0', NULL, '0', 1, '0'), ('OR', '0', 'ORTHOPEDICAL', '0', 'MAJOR', '0', NULL, '0', NULL, '0', NULL, '0', NULL, '0', 1, '0'), ('OS', '0', 'OTHERS: SKIN AND SUBCUTANEOUS', '0', 'MAJOR', '0', NULL, '0', NULL, '0', NULL, '0', NULL, '0', 1, '0');
/*!40000 ALTER TABLE `oh_operationtype` ENABLE KEYS */;
UNLOCK TABLES;

--
-- Table structure for table `oh_patient`
--

DROP TABLE IF EXISTS `oh_patient`;
/*!40101 SET @saved_cs_client     = @@character_set_client */;
/*!40101 SET character_set_client = utf8 */;
CREATE TABLE `oh_patient` (`PAT_ID` int (11) NOT NULL AUTO_INCREMENT, `__taint__PAT_ID` TEXT, `PAT_FNAME` varchar (50) NOT NULL, `__taint__PAT_FNAME` TEXT, `PAT_SNAME` varchar (50) NOT NULL, `__taint__PAT_SNAME` TEXT, `PAT_NAME` varchar (100) DEFAULT NULL, `__taint__PAT_NAME` TEXT, `PAT_BDATE` date DEFAULT NULL, `__taint__PAT_BDATE` TEXT, `PAT_AGE` int (11) NOT NULL DEFAULT 0, `__taint__PAT_AGE` TEXT, `PAT_AGETYPE` varchar (50) NOT NULL DEFAULT '', `__taint__PAT_AGETYPE` TEXT, `PAT_SEX` char (1) NOT NULL, `__taint__PAT_SEX` TEXT, `PAT_ADDR` varchar (50) DEFAULT NULL, `__taint__PAT_ADDR` TEXT, `PAT_CITY` varchar (50) NOT NULL, `__taint__PAT_CITY` TEXT, `PAT_NEXT_KIN` varchar (50) DEFAULT NULL, `__taint__PAT_NEXT_KIN` TEXT, `PAT_TELE` varchar (50) DEFAULT NULL, `__taint__PAT_TELE` TEXT, `PAT_MOTH_NAME` varchar (50) NOT NULL DEFAULT '', `__taint__PAT_MOTH_NAME` TEXT, `PAT_MOTH` char (1) DEFAULT NULL, `__taint__PAT_MOTH` TEXT, `PAT_FATH_NAME` varchar (50) NOT NULL DEFAULT '', `__taint__PAT_FATH_NAME` TEXT, `PAT_FATH` char (1) DEFAULT NULL, `__taint__PAT_FATH` TEXT, `PAT_LEDU` char (1) DEFAULT NULL, `__taint__PAT_LEDU` TEXT, `PAT_ESTA` char (1) DEFAULT NULL, `__taint__PAT_ESTA` TEXT, `PAT_PTOGE` char (1) DEFAULT NULL, `__taint__PAT_PTOGE` TEXT, `PAT_NOTE` mediumtext DEFAULT NULL, `__taint__PAT_NOTE` mediumtext, `PAT_DELETED` char (1) NOT NULL DEFAULT 'N', `__taint__PAT_DELETED` TEXT, `PAT_LOCK` int (11) NOT NULL DEFAULT 0, `__taint__PAT_LOCK` TEXT, `PAT_BTYPE` varchar (15) NOT NULL DEFAULT 'Unknown', `__taint__PAT_BTYPE` TEXT, `PAT_TAXCODE` varchar (30) DEFAULT '', `__taint__PAT_TAXCODE` TEXT, `PAT_TIMESTAMP` timestamp NOT NULL DEFAULT current_timestamp(), `__taint__PAT_TIMESTAMP` TEXT, `PAT_CREATED_BY` varchar (50) DEFAULT NULL, `__taint__PAT_CREATED_BY` TEXT, `PAT_CREATED_DATE` datetime DEFAULT NULL, `__taint__PAT_CREATED_DATE` TEXT, `PAT_LAST_MODIFIED_BY` varchar (50) DEFAULT NULL, `__taint__PAT_LAST_MODIFIED_BY` TEXT, `PAT_LAST_MODIFIED_DATE` datetime DEFAULT NULL, `__taint__PAT_LAST_MODIFIED_DATE` TEXT, `PAT_ACTIVE` tinyint (1) NOT NULL DEFAULT 1, `__taint__PAT_ACTIVE` TEXT, `PAT_PROFESSION` varchar (50) NOT NULL DEFAULT 'unknown', `__taint__PAT_PROFESSION` TEXT, `PAT_MAR_STAT` varchar (50) NOT NULL DEFAULT 'unknown', `__taint__PAT_MAR_STAT` TEXT, `PAT_PROFILE_PHOTO_ID` int (11) DEFAULT NULL, `__taint__PAT_PROFILE_PHOTO_ID` TEXT, `PAT_ALLERGIES` varchar (255) DEFAULT NULL, `__taint__PAT_ALLERGIES` TEXT, `PAT_ANAMNESIS` varchar (255) DEFAULT NULL, `__taint__PAT_ANAMNESIS` TEXT, PRIMARY KEY (`PAT_ID`)) ENGINE = InnoDB DEFAULT CHARSET = utf8;
/*!40101 SET character_set_client = @saved_cs_client */;

--
-- Dumping data for table `oh_patient`
--

LOCK TABLES `oh_patient` WRITE;
/*!40000 ALTER TABLE `oh_patient` DISABLE KEYS */;
INSERT INTO `oh_patient` VALUES (0, '0', 'Patient', '0', 'Null', '0', 'Null Patient', '0', NULL, '0', 0, '0', '-', '0', 'U', '0', '-', '0', '-', '0', '-', '0', '-', '0', '-', '0', 'U', '0', '-', '0', 'U', '0', NULL, '0', 'U', '0', 'U', '0', '-', '0', 'Y', '0', 0, '0', '-', '0', '-', '0', '2023-03-28 09:24:31', '0', NULL, '0', NULL, '0', NULL, '0', NULL, '0', 1, '0', 'unknown', '0', 'unknown', '0', NULL, '0', NULL, '0', NULL, '0');
/*!40000 ALTER TABLE `oh_patient` ENABLE KEYS */;
UNLOCK TABLES;

--
-- Table structure for table `oh_patient_profile_photo`
--

DROP TABLE IF EXISTS `oh_patient_profile_photo`;
/*!40101 SET @saved_cs_client     = @@character_set_client */;
/*!40101 SET character_set_client = utf8 */;
CREATE TABLE `oh_patient_profile_photo` (`PAT_PROFILE_PHOTO_ID` int (11) NOT NULL AUTO_INCREMENT, `__taint__PAT_PROFILE_PHOTO_ID` TEXT, `PAT_PHOTO` blob DEFAULT NULL, `__taint__PAT_PHOTO` TEXT, PRIMARY KEY (`PAT_PROFILE_PHOTO_ID`)) ENGINE = MyISAM DEFAULT CHARSET = latin1;
/*!40101 SET character_set_client = @saved_cs_client */;

--
-- Dumping data for table `oh_patient_profile_photo`
--

LOCK TABLES `oh_patient_profile_photo` WRITE;
/*!40000 ALTER TABLE `oh_patient_profile_photo` DISABLE KEYS */;
/*!40000 ALTER TABLE `oh_patient_profile_photo` ENABLE KEYS */;
UNLOCK TABLES;

--
-- Table structure for table `oh_patientexamination`
--

DROP TABLE IF EXISTS `oh_patientexamination`;
/*!40101 SET @saved_cs_client     = @@character_set_client */;
/*!40101 SET character_set_client = utf8 */;
CREATE TABLE `oh_patientexamination` (`PEX_ID` int (11) NOT NULL AUTO_INCREMENT, `__taint__PEX_ID` TEXT, `PEX_DATE` datetime NOT NULL, `__taint__PEX_DATE` TEXT, `PEX_PAT_ID` int (11) NOT NULL, `__taint__PEX_PAT_ID` TEXT, `PEX_HEIGHT` int (11) DEFAULT NULL COMMENT 'Height in cm', `__taint__PEX_HEIGHT` TEXT, `PEX_WEIGHT` double DEFAULT NULL COMMENT 'Weight in Kg', `__taint__PEX_WEIGHT` TEXT, `PEX_AP_MIN` int (11) DEFAULT NULL COMMENT 'Blood Pressure MIN in mmHg', `__taint__PEX_AP_MIN` TEXT, `PEX_AP_MAX` int (11) DEFAULT NULL COMMENT 'Blood Pressure MAX in mmHg', `__taint__PEX_AP_MAX` TEXT, `PEX_HR` int (11) DEFAULT NULL COMMENT 'Heart Rate in APm', `__taint__PEX_HR` TEXT, `PEX_TEMP` double DEFAULT NULL COMMENT 'Temperature in °C', `__taint__PEX_TEMP` TEXT, `PEX_SAT` double DEFAULT NULL COMMENT 'Saturation in %', `__taint__PEX_SAT` TEXT, `PEX_HGT` int (3) DEFAULT NULL COMMENT 'Hemo Glucose Test', `__taint__PEX_HGT` TEXT, `PEX_DIURESIS` int (11) DEFAULT NULL COMMENT 'Daily Urine Volume in ml', `__taint__PEX_DIURESIS` TEXT, `PEX_DIURESIS_DESC` varchar (45) DEFAULT NULL COMMENT 'Diuresis: physiological, oliguria, anuria, fequent, nocturia, stranguria, hematuria, pyuria', `__taint__PEX_DIURESIS_DESC` TEXT, `PEX_BOWEL_DESC` varchar (45) DEFAULT NULL COMMENT 'Bowel Function: regular, irregular, constipation, diarrheal', `__taint__PEX_BOWEL_DESC` TEXT, `PEX_RR` int (11) DEFAULT NULL COMMENT 'Respiratory rate in bpm', `__taint__PEX_RR` TEXT, `PEX_AUSC` varchar (50) DEFAULT NULL COMMENT 'Auscultation: normal, wheezes, rhonchi, crackles, stridor, bronchial', `__taint__PEX_AUSC` TEXT, `PEX_NOTE` varchar (2000) DEFAULT NULL, `__taint__PEX_NOTE` TEXT, `PEX_CREATED_BY` varchar (50) DEFAULT NULL, `__taint__PEX_CREATED_BY` TEXT, `PEX_CREATED_DATE` datetime DEFAULT NULL, `__taint__PEX_CREATED_DATE` TEXT, `PEX_LAST_MODIFIED_BY` varchar (50) DEFAULT NULL, `__taint__PEX_LAST_MODIFIED_BY` TEXT, `PEX_LAST_MODIFIED_DATE` datetime DEFAULT NULL, `__taint__PEX_LAST_MODIFIED_DATE` TEXT, `PEX_ACTIVE` tinyint (1) NOT NULL DEFAULT 1, `__taint__PEX_ACTIVE` TEXT, PRIMARY KEY (`PEX_ID`), KEY `PEX_PAT_ID` (`PEX_PAT_ID`), CONSTRAINT `FK_PATIENTEXAMINATION_PATIENT` FOREIGN KEY (`PEX_PAT_ID`) REFERENCES `oh_patient`(`PAT_ID`) ON DELETE CASCADE ON UPDATE CASCADE) ENGINE = InnoDB DEFAULT CHARSET = latin1;
/*!40101 SET character_set_client = @saved_cs_client */;

--
-- Dumping data for table `oh_patientexamination`
--

LOCK TABLES `oh_patientexamination` WRITE;
/*!40000 ALTER TABLE `oh_patientexamination` DISABLE KEYS */;
/*!40000 ALTER TABLE `oh_patientexamination` ENABLE KEYS */;
UNLOCK TABLES;

--
-- Table structure for table `oh_patienthistory`
--

DROP TABLE IF EXISTS `oh_patienthistory`;
/*!40101 SET @saved_cs_client     = @@character_set_client */;
/*!40101 SET character_set_client = utf8 */;
CREATE TABLE `oh_patienthistory` (`PAH_ID` int (11) NOT NULL AUTO_INCREMENT, `__taint__PAH_ID` TEXT, `PAH_PAT_ID` int (11) NOT NULL, `__taint__PAH_PAT_ID` TEXT, `PAH_ACTIVE` tinyint (1) NOT NULL DEFAULT 1, `__taint__PAH_ACTIVE` TEXT, `PAH_CREATED_BY` varchar (50) DEFAULT NULL, `__taint__PAH_CREATED_BY` TEXT, `PAH_CREATED_DATE` datetime DEFAULT NULL, `__taint__PAH_CREATED_DATE` TEXT, `PAH_LAST_MODIFIED_BY` varchar (50) DEFAULT NULL, `__taint__PAH_LAST_MODIFIED_BY` TEXT, `PAH_LAST_MODIFIED_DATE` datetime DEFAULT NULL, `__taint__PAH_LAST_MODIFIED_DATE` TEXT, `PAH_FAM_NOTHING` tinyint (1) DEFAULT 1, `__taint__PAH_FAM_NOTHING` TEXT, `PAH_FAM_HYPER` tinyint (1) DEFAULT 0, `__taint__PAH_FAM_HYPER` TEXT, `PAH_FAM_DRUGADD` tinyint (1) DEFAULT 0, `__taint__PAH_FAM_DRUGADD` TEXT, `PAH_FAM_CARDIO` tinyint (1) DEFAULT 0, `__taint__PAH_FAM_CARDIO` TEXT, `PAH_FAM_INFECT` tinyint (1) DEFAULT 0, `__taint__PAH_FAM_INFECT` TEXT, `PAH_FAM_ENDO` tinyint (1) DEFAULT 0, `__taint__PAH_FAM_ENDO` TEXT, `PAH_FAM_RESP` tinyint (1) DEFAULT 0, `__taint__PAH_FAM_RESP` TEXT, `PAH_FAM_CANCER` tinyint (1) DEFAULT 0, `__taint__PAH_FAM_CANCER` TEXT, `PAH_FAM_ORTO` tinyint (1) DEFAULT 0, `__taint__PAH_FAM_ORTO` TEXT, `PAH_FAM_GYNO` tinyint (1) DEFAULT 0, `__taint__PAH_FAM_GYNO` TEXT, `PAH_FAM_OTHER` tinyint (1) DEFAULT 0, `__taint__PAH_FAM_OTHER` TEXT, `PAH_FAM_NOTE` varchar (100) DEFAULT NULL, `__taint__PAH_FAM_NOTE` TEXT, `PAH_PAT_CLO_NOTHING` tinyint (1) DEFAULT 1, `__taint__PAH_PAT_CLO_NOTHING` TEXT, `PAH_PAT_CLO_HYPER` tinyint (1) DEFAULT 0, `__taint__PAH_PAT_CLO_HYPER` TEXT, `PAH_PAT_CLO_DRUGADD` tinyint (1) DEFAULT 0, `__taint__PAH_PAT_CLO_DRUGADD` TEXT, `PAH_PAT_CLO_CARDIO` tinyint (1) DEFAULT 0, `__taint__PAH_PAT_CLO_CARDIO` TEXT, `PAH_PAT_CLO_INFECT` tinyint (1) DEFAULT 0, `__taint__PAH_PAT_CLO_INFECT` TEXT, `PAH_PAT_CLO_ENDO` tinyint (1) DEFAULT 0, `__taint__PAH_PAT_CLO_ENDO` TEXT, `PAH_PAT_CLO_RESP` tinyint (1) DEFAULT 0, `__taint__PAH_PAT_CLO_RESP` TEXT, `PAH_PAT_CLO_CANCER` tinyint (1) DEFAULT 0, `__taint__PAH_PAT_CLO_CANCER` TEXT, `PAH_PAT_CLO_ORTO` tinyint (1) DEFAULT 0, `__taint__PAH_PAT_CLO_ORTO` TEXT, `PAH_PAT_CLO_GYNO` tinyint (1) DEFAULT 0, `__taint__PAH_PAT_CLO_GYNO` TEXT, `PAH_PAT_CLO_OTHER` tinyint (1) DEFAULT 0, `__taint__PAH_PAT_CLO_OTHER` TEXT, `PAH_PAT_CLO_NOTE` varchar (100) DEFAULT NULL, `__taint__PAH_PAT_CLO_NOTE` TEXT, `PAH_PAT_OPN_NOTHING` tinyint (1) DEFAULT 1, `__taint__PAH_PAT_OPN_NOTHING` TEXT, `PAH_PAT_OPN_HYPER` tinyint (1) DEFAULT 0, `__taint__PAH_PAT_OPN_HYPER` TEXT, `PAH_PAT_OPN_DRUGADD` tinyint (1) DEFAULT 0, `__taint__PAH_PAT_OPN_DRUGADD` TEXT, `PAH_PAT_OPN_CARDIO` tinyint (1) DEFAULT 0, `__taint__PAH_PAT_OPN_CARDIO` TEXT, `PAH_PAT_OPN_INFECT` tinyint (1) DEFAULT 0, `__taint__PAH_PAT_OPN_INFECT` TEXT, `PAH_PAT_OPN_ENDO` tinyint (1) DEFAULT 0, `__taint__PAH_PAT_OPN_ENDO` TEXT, `PAH_PAT_OPN_RESP` tinyint (1) DEFAULT 0, `__taint__PAH_PAT_OPN_RESP` TEXT, `PAH_PAT_OPN_CANCER` tinyint (1) DEFAULT 0, `__taint__PAH_PAT_OPN_CANCER` TEXT, `PAH_PAT_OPN_ORTO` tinyint (1) DEFAULT 0, `__taint__PAH_PAT_OPN_ORTO` TEXT, `PAH_PAT_OPN_GYNO` tinyint (1) DEFAULT 0, `__taint__PAH_PAT_OPN_GYNO` TEXT, `PAH_PAT_OPN_OTHER` tinyint (1) DEFAULT 0, `__taint__PAH_PAT_OPN_OTHER` TEXT, `PAH_PAT_OPN_NOTE` varchar (100) DEFAULT NULL, `__taint__PAH_PAT_OPN_NOTE` TEXT, `PAH_PAT_SURGERY` varchar (200) DEFAULT NULL, `__taint__PAH_PAT_SURGERY` TEXT, `PAH_PAT_ALLERGY` varchar (100) DEFAULT NULL, `__taint__PAH_PAT_ALLERGY` TEXT, `PAH_PAT_THERAPY` varchar (200) DEFAULT NULL, `__taint__PAH_PAT_THERAPY` TEXT, `PAH_PAT_MEDICINE` varchar (200) DEFAULT NULL, `__taint__PAH_PAT_MEDICINE` TEXT, `PAH_PAT_NOTE` varchar (100) DEFAULT NULL, `__taint__PAH_PAT_NOTE` TEXT, `PAH_PHY_NUTR_NOR` tinyint (1) DEFAULT 1, `__taint__PAH_PHY_NUTR_NOR` TEXT, `PAH_PHY_NUTR_ABN` varchar (30) DEFAULT NULL, `__taint__PAH_PHY_NUTR_ABN` TEXT, `PAH_PHY_ALVO_NOR` tinyint (1) DEFAULT 1, `__taint__PAH_PHY_ALVO_NOR` TEXT, `PAH_PHY_ALVO_ABN` varchar (30) DEFAULT NULL, `__taint__PAH_PHY_ALVO_ABN` TEXT, `PAH_PHY_DIURE_NOR` tinyint (1) DEFAULT 1, `__taint__PAH_PHY_DIURE_NOR` TEXT, `PAH_PHY_DIURE_ABN` varchar (30) DEFAULT NULL, `__taint__PAH_PHY_DIURE_ABN` TEXT, `PAH_PHY_ALCOOL` tinyint (1) DEFAULT 0, `__taint__PAH_PHY_ALCOOL` TEXT, `PAH_PHY_SMOKE` tinyint (1) DEFAULT 0, `__taint__PAH_PHY_SMOKE` TEXT, `PAH_PHY_DRUG` tinyint (1) DEFAULT 0, `__taint__PAH_PHY_DRUG` TEXT, `PAH_PHY_PERIOD_NOR` tinyint (1) DEFAULT 1, `__taint__PAH_PHY_PERIOD_NOR` TEXT, `PAH_PHY_PERIOD_ABN` varchar (30) DEFAULT NULL, `__taint__PAH_PHY_PERIOD_ABN` TEXT, `PAH_PHY_MENOP` tinyint (1) DEFAULT 0, `__taint__PAH_PHY_MENOP` TEXT, `PAH_PHY_MENOP_Y` int (11) DEFAULT NULL, `__taint__PAH_PHY_MENOP_Y` TEXT, `PAH_PHY_HRT_NOR` tinyint (1) DEFAULT 1, `__taint__PAH_PHY_HRT_NOR` TEXT, `PAH_PHY_HRT_ABN` varchar (30) DEFAULT NULL, `__taint__PAH_PHY_HRT_ABN` TEXT, `PAH_PHY_PREG` tinyint (1) DEFAULT 0, `__taint__PAH_PHY_PREG` TEXT, `PAH_PHY_PREG_N` int (11) DEFAULT NULL, `__taint__PAH_PHY_PREG_N` TEXT, `PAH_PHY_PREG_BIRTH` int (11) DEFAULT NULL, `__taint__PAH_PHY_PREG_BIRTH` TEXT, `PAH_PHY_PREG_ABORT` int (11) DEFAULT NULL, `__taint__PAH_PHY_PREG_ABORT` TEXT, `PAH_DATE_UPDATE` timestamp NOT NULL DEFAULT current_timestamp() ON UPDATE current_timestamp(), `__taint__PAH_DATE_UPDATE` TEXT, PRIMARY KEY (`PAH_ID`), KEY `PAH_PAT_ID` (`PAH_PAT_ID`)) ENGINE = MyISAM DEFAULT CHARSET = latin1;
/*!40101 SET character_set_client = @saved_cs_client */;

--
-- Dumping data for table `oh_patienthistory`
--

LOCK TABLES `oh_patienthistory` WRITE;
/*!40000 ALTER TABLE `oh_patienthistory` DISABLE KEYS */;
/*!40000 ALTER TABLE `oh_patienthistory` ENABLE KEYS */;
UNLOCK TABLES;

--
-- Table structure for table `oh_patientvaccine`
--

DROP TABLE IF EXISTS `oh_patientvaccine`;
/*!40101 SET @saved_cs_client     = @@character_set_client */;
/*!40101 SET character_set_client = utf8 */;
CREATE TABLE `oh_patientvaccine` (`PAV_ID` int (11) NOT NULL AUTO_INCREMENT, `__taint__PAV_ID` TEXT, `PAV_YPROG` int (11) NOT NULL, `__taint__PAV_YPROG` TEXT, `PAV_DATE` datetime NOT NULL, `__taint__PAV_DATE` TEXT, `PAV_PAT_ID` int (11) NOT NULL, `__taint__PAV_PAT_ID` TEXT, `PAV_VAC_ID_A` varchar (10) NOT NULL, `__taint__PAV_VAC_ID_A` TEXT, `PAV_LOCK` int (11) NOT NULL DEFAULT 0, `__taint__PAV_LOCK` TEXT, `PAV_CREATED_BY` varchar (50) DEFAULT NULL, `__taint__PAV_CREATED_BY` TEXT, `PAV_CREATED_DATE` datetime DEFAULT NULL, `__taint__PAV_CREATED_DATE` TEXT, `PAV_LAST_MODIFIED_BY` varchar (50) DEFAULT NULL, `__taint__PAV_LAST_MODIFIED_BY` TEXT, `PAV_LAST_MODIFIED_DATE` datetime DEFAULT NULL, `__taint__PAV_LAST_MODIFIED_DATE` TEXT, `PAV_ACTIVE` tinyint (1) NOT NULL DEFAULT 1, `__taint__PAV_ACTIVE` TEXT, PRIMARY KEY (`PAV_ID`), KEY `FK_PATIENTVACCINE_PATIENT` (`PAV_PAT_ID`), KEY `FK_PATIENTVACCINE_VACCINE` (`PAV_VAC_ID_A`), CONSTRAINT `FK_PATIENTVACCINE_PATIENT` FOREIGN KEY (`PAV_PAT_ID`) REFERENCES `oh_patient`(`PAT_ID`) ON DELETE CASCADE ON UPDATE CASCADE, CONSTRAINT `FK_PATIENTVACCINE_VACCINE` FOREIGN KEY (`PAV_VAC_ID_A`) REFERENCES `oh_vaccine`(`VAC_ID_A`) ON DELETE NO ACTION ON UPDATE NO ACTION) ENGINE = InnoDB DEFAULT CHARSET = utf8;
/*!40101 SET character_set_client = @saved_cs_client */;

--
-- Dumping data for table `oh_patientvaccine`
--

LOCK TABLES `oh_patientvaccine` WRITE;
/*!40000 ALTER TABLE `oh_patientvaccine` DISABLE KEYS */;
/*!40000 ALTER TABLE `oh_patientvaccine` ENABLE KEYS */;
UNLOCK TABLES;

--
-- Table structure for table `oh_permissions`
--

DROP TABLE IF EXISTS `oh_permissions`;
/*!40101 SET @saved_cs_client     = @@character_set_client */;
/*!40101 SET character_set_client = utf8 */;
CREATE TABLE `oh_permissions` (`P_ID_A` int (11) NOT NULL AUTO_INCREMENT, `__taint__P_ID_A` TEXT, `P_NAME` varchar (50) NOT NULL DEFAULT '', `__taint__P_NAME` TEXT, `P_DESCRIPTION` varchar (255) NOT NULL DEFAULT '', `__taint__P_DESCRIPTION` TEXT, `P_ACTIVE` char (1) NOT NULL DEFAULT '', `__taint__P_ACTIVE` TEXT, `P_CREATED_BY` varchar (50) DEFAULT NULL, `__taint__P_CREATED_BY` TEXT, `P_CREATED_DATE` datetime DEFAULT NULL, `__taint__P_CREATED_DATE` TEXT, `P_LAST_MODIFIED_BY` varchar (50) DEFAULT NULL, `__taint__P_LAST_MODIFIED_BY` TEXT, `P_LAST_MODIFIED_DATE` datetime DEFAULT NULL, `__taint__P_LAST_MODIFIED_DATE` TEXT, PRIMARY KEY (`P_ID_A`)) ENGINE = InnoDB AUTO_INCREMENT = 29 DEFAULT CHARSET = utf8;
/*!40101 SET character_set_client = @saved_cs_client */;

--
-- Dumping data for table `oh_permissions`
--

LOCK TABLES `oh_permissions` WRITE;
/*!40000 ALTER TABLE `oh_permissions` DISABLE KEYS */;
INSERT INTO `oh_permissions` VALUES (1, '0', 'opd.read', '0', '', '0', '1', '0', NULL, '0', NULL, '0', NULL, '0', NULL, '0'), (2, '0', 'opd.create', '0', '', '0', '1', '0', NULL, '0', NULL, '0', NULL, '0', NULL, '0'), (3, '0', 'opd.update', '0', '', '0', '1', '0', NULL, '0', NULL, '0', NULL, '0', NULL, '0'), (4, '0', 'opd.delete', '0', '', '0', '1', '0', NULL, '0', NULL, '0', NULL, '0', NULL, '0'), (5, '0', 'summary.read', '0', '', '0', '1', '0', NULL, '0', NULL, '0', NULL, '0', NULL, '0'), (6, '0', 'summary.create', '0', '', '0', '1', '0', NULL, '0', NULL, '0', NULL, '0', NULL, '0'), (7, '0', 'summary.update', '0', '', '0', '1', '0', NULL, '0', NULL, '0', NULL, '0', NULL, '0'), (8, '0', 'summary.delete', '0', '', '0', '1', '0', NULL, '0', NULL, '0', NULL, '0', NULL, '0'), (9, '0', 'examination.read', '0', '', '0', '1', '0', NULL, '0', NULL, '0', NULL, '0', NULL, '0'), (10, '0', 'examination.create', '0', '', '0', '1', '0', NULL, '0', NULL, '0', NULL, '0', NULL, '0'), (11, '0', 'examination.update', '0', '', '0', '1', '0', NULL, '0', NULL, '0', NULL, '0', NULL, '0'), (12, '0', 'examination.delete', '0', '', '0', '1', '0', NULL, '0', NULL, '0', NULL, '0', NULL, '0'), (13, '0', 'admission.read', '0', '', '0', '1', '0', NULL, '0', NULL, '0', NULL, '0', NULL, '0'), (14, '0', 'admission.create', '0', '', '0', '1', '0', NULL, '0', NULL, '0', NULL, '0', NULL, '0'), (15, '0', 'admission.update', '0', '', '0', '1', '0', NULL, '0', NULL, '0', NULL, '0', NULL, '0'), (16, '0', 'admission.delete', '0', '', '0', '1', '0', NULL, '0', NULL, '0', NULL, '0', NULL, '0'), (17, '0', 'therapy.read', '0', '', '0', '1', '0', NULL, '0', NULL, '0', NULL, '0', NULL, '0'), (18, '0', 'therapy.create', '0', '', '0', '1', '0', NULL, '0', NULL, '0', NULL, '0', NULL, '0'), (19, '0', 'therapy.update', '0', '', '0', '1', '0', NULL, '0', NULL, '0', NULL, '0', NULL, '0'), (20, '0', 'therapy.delete', '0', '', '0', '1', '0', NULL, '0', NULL, '0', NULL, '0', NULL, '0'), (21, '0', 'vaccine.read', '0', '', '0', '1', '0', NULL, '0', NULL, '0', NULL, '0', NULL, '0'), (22, '0', 'vaccine.create', '0', '', '0', '1', '0', NULL, '0', NULL, '0', NULL, '0', NULL, '0'), (23, '0', 'vaccine.update', '0', '', '0', '1', '0', NULL, '0', NULL, '0', NULL, '0', NULL, '0'), (24, '0', 'vaccine.delete', '0', '', '0', '1', '0', NULL, '0', NULL, '0', NULL, '0', NULL, '0'), (25, '0', 'exam.read', '0', '', '0', '1', '0', NULL, '0', NULL, '0', NULL, '0', NULL, '0'), (26, '0', 'exam.create', '0', '', '0', '1', '0', NULL, '0', NULL, '0', NULL, '0', NULL, '0'), (27, '0', 'exam.update', '0', '', '0', '1', '0', NULL, '0', NULL, '0', NULL, '0', NULL, '0'), (28, '0', 'exam.delete', '0', '', '0', '1', '0', NULL, '0', NULL, '0', NULL, '0', NULL, '0');
/*!40000 ALTER TABLE `oh_permissions` ENABLE KEYS */;
UNLOCK TABLES;

--
-- Table structure for table `oh_pregnanttreatmenttype`
--

DROP TABLE IF EXISTS `oh_pregnanttreatmenttype`;
/*!40101 SET @saved_cs_client     = @@character_set_client */;
/*!40101 SET character_set_client = utf8 */;
CREATE TABLE `oh_pregnanttreatmenttype` (`PTT_ID_A` varchar (10) NOT NULL, `__taint__PTT_ID_A` TEXT, `PTT_DESC` varchar (50) NOT NULL, `__taint__PTT_DESC` TEXT, `PTT_CREATED_BY` varchar (50) DEFAULT NULL, `__taint__PTT_CREATED_BY` TEXT, `PTT_CREATED_DATE` datetime DEFAULT NULL, `__taint__PTT_CREATED_DATE` TEXT, `PTT_LAST_MODIFIED_BY` varchar (50) DEFAULT NULL, `__taint__PTT_LAST_MODIFIED_BY` TEXT, `PTT_LAST_MODIFIED_DATE` datetime DEFAULT NULL, `__taint__PTT_LAST_MODIFIED_DATE` TEXT, `PTT_ACTIVE` tinyint (1) NOT NULL DEFAULT 1, `__taint__PTT_ACTIVE` TEXT, PRIMARY KEY (`PTT_ID_A`)) ENGINE = InnoDB DEFAULT CHARSET = utf8;
/*!40101 SET character_set_client = @saved_cs_client */;

--
-- Dumping data for table `oh_pregnanttreatmenttype`
--

LOCK TABLES `oh_pregnanttreatmenttype` WRITE;
/*!40000 ALTER TABLE `oh_pregnanttreatmenttype` DISABLE KEYS */;
INSERT INTO `oh_pregnanttreatmenttype` VALUES ('A', '0', 'ANC RE-ATTENDANCE', '0', NULL, '0', NULL, '0', NULL, '0', NULL, '0', 1, '0'), ('I1', '0', 'IMMUNISATION 1', '0', NULL, '0', NULL, '0', NULL, '0', NULL, '0', 1, '0'), ('I2', '0', 'IMMUNISATION 2', '0', NULL, '0', NULL, '0', NULL, '0', NULL, '0', 1, '0'), ('I3', '0', 'IMMUNISATION 3', '0', NULL, '0', NULL, '0', NULL, '0', NULL, '0', 1, '0'), ('N', '0', 'NEW ANC ATTENDANCE', '0', NULL, '0', NULL, '0', NULL, '0', NULL, '0', 1, '0'), ('S1', '0', 'FIRST DOSE WITH SP', '0', NULL, '0', NULL, '0', NULL, '0', NULL, '0', 1, '0'), ('S2', '0', 'SECOND DOSE WITH SP', '0', NULL, '0', NULL, '0', NULL, '0', NULL, '0', 1, '0');
/*!40000 ALTER TABLE `oh_pregnanttreatmenttype` ENABLE KEYS */;
UNLOCK TABLES;

--
-- Table structure for table `oh_pricelists`
--

DROP TABLE IF EXISTS `oh_pricelists`;
/*!40101 SET @saved_cs_client     = @@character_set_client */;
/*!40101 SET character_set_client = utf8 */;
CREATE TABLE `oh_pricelists` (`LST_ID` int (11) NOT NULL AUTO_INCREMENT, `__taint__LST_ID` TEXT, `LST_CODE` varchar (7) NOT NULL, `__taint__LST_CODE` TEXT, `LST_NAME` varchar (50) NOT NULL, `__taint__LST_NAME` TEXT, `LST_DESC` varchar (100) NOT NULL, `__taint__LST_DESC` TEXT, `LST_CURRENCY` varchar (10) NOT NULL, `__taint__LST_CURRENCY` TEXT, `LST_CREATED_BY` varchar (50) DEFAULT NULL, `__taint__LST_CREATED_BY` TEXT, `LST_CREATED_DATE` datetime DEFAULT NULL, `__taint__LST_CREATED_DATE` TEXT, `LST_LAST_MODIFIED_BY` varchar (50) DEFAULT NULL, `__taint__LST_LAST_MODIFIED_BY` TEXT, `LST_LAST_MODIFIED_DATE` datetime DEFAULT NULL, `__taint__LST_LAST_MODIFIED_DATE` TEXT, `LST_ACTIVE` tinyint (1) NOT NULL DEFAULT 1, `__taint__LST_ACTIVE` TEXT, PRIMARY KEY (`LST_ID`)) ENGINE = InnoDB AUTO_INCREMENT = 2 DEFAULT CHARSET = utf8;
/*!40101 SET character_set_client = @saved_cs_client */;

--
-- Dumping data for table `oh_pricelists`
--

LOCK TABLES `oh_pricelists` WRITE;
/*!40000 ALTER TABLE `oh_pricelists` DISABLE KEYS */;
INSERT INTO `oh_pricelists` VALUES (1, '0', 'LIST001', '0', 'Basic', '0', 'Basic price list', '0', '', '0', NULL, '0', NULL, '0', NULL, '0', NULL, '0', 1, '0');
/*!40000 ALTER TABLE `oh_pricelists` ENABLE KEYS */;
UNLOCK TABLES;

--
-- Table structure for table `oh_prices`
--

DROP TABLE IF EXISTS `oh_prices`;
/*!40101 SET @saved_cs_client     = @@character_set_client */;
/*!40101 SET character_set_client = utf8 */;
CREATE TABLE `oh_prices` (`PRC_ID` int (11) NOT NULL AUTO_INCREMENT, `__taint__PRC_ID` TEXT, `PRC_LST_ID` int (11) NOT NULL, `__taint__PRC_LST_ID` TEXT, `PRC_GRP` char (3) NOT NULL, `__taint__PRC_GRP` TEXT, `PRC_ITEM` varchar (10) NOT NULL, `__taint__PRC_ITEM` TEXT, `PRC_DESC` varchar (100) NOT NULL, `__taint__PRC_DESC` TEXT, `PRC_PRICE` double NOT NULL, `__taint__PRC_PRICE` TEXT, `PRC_CREATED_BY` varchar (50) DEFAULT NULL, `__taint__PRC_CREATED_BY` TEXT, `PRC_CREATED_DATE` datetime DEFAULT NULL, `__taint__PRC_CREATED_DATE` TEXT, `PRC_LAST_MODIFIED_BY` varchar (50) DEFAULT NULL, `__taint__PRC_LAST_MODIFIED_BY` TEXT, `PRC_LAST_MODIFIED_DATE` datetime DEFAULT NULL, `__taint__PRC_LAST_MODIFIED_DATE` TEXT, `PRC_ACTIVE` tinyint (1) NOT NULL DEFAULT 1, `__taint__PRC_ACTIVE` TEXT, PRIMARY KEY (`PRC_ID`), KEY `FK_PRICES_PRICELISTS` (`PRC_LST_ID`), CONSTRAINT `FK_PRICES_PRICELISTS` FOREIGN KEY (`PRC_LST_ID`) REFERENCES `oh_pricelists`(`LST_ID`) ON DELETE CASCADE ON UPDATE CASCADE) ENGINE = InnoDB AUTO_INCREMENT = 497 DEFAULT CHARSET = utf8;
/*!40101 SET character_set_client = @saved_cs_client */;

--
-- Dumping data for table `oh_prices`
--

LOCK TABLES `oh_prices` WRITE;
/*!40000 ALTER TABLE `oh_prices` DISABLE KEYS */;
INSERT INTO `oh_prices` VALUES (1, '0', 1, '0', 'EXA', '0', '01.01', '0', '1.1 HB', '0', 0, '0', NULL, '0', NULL, '0', NULL, '0', NULL, '0', 1, '0'), (2, '0', 1, '0', 'EXA', '0', '01.01.01', '0', '1.1 HB (Procedure 3)', '0', 0, '0', NULL, '0', NULL, '0', NULL, '0', NULL, '0', 1, '0'), (3, '0', 1, '0', 'EXA', '0', '01.02', '0', '1.2 WBC Count', '0', 0, '0', NULL, '0', NULL, '0', NULL, '0', NULL, '0', 1, '0'), (4, '0', 1, '0', 'EXA', '0', '01.03', '0', '1.3 Differential ', '0', 0, '0', NULL, '0', NULL, '0', NULL, '0', NULL, '0', 1, '0'), (5, '0', 1, '0', 'EXA', '0', '01.04', '0', '1.4 Film Comment', '0', 0, '0', NULL, '0', NULL, '0', NULL, '0', NULL, '0', 1, '0'), (6, '0', 1, '0', 'EXA', '0', '01.05', '0', '1.5 ESR', '0', 0, '0', NULL, '0', NULL, '0', NULL, '0', NULL, '0', 1, '0'), (7, '0', 1, '0', 'EXA', '0', '01.06', '0', '1.6 Sickling Test', '0', 0, '0', NULL, '0', NULL, '0', NULL, '0', NULL, '0', 1, '0'), (8, '0', 1, '0', 'EXA', '0', '02.01', '0', '2.1 Grouping', '0', 0, '0', NULL, '0', NULL, '0', NULL, '0', NULL, '0', 1, '0'), (9, '0', 1, '0', 'EXA', '0', '02.02', '0', '2.2 Comb\'s Test', '0', 0, '0', NULL, '0', NULL, '0', NULL, '0', NULL, '0', 1, '0'), (10, '0', 1, '0', 'EXA', '0', '03.01', '0', '3.1 Blood Slide (Malaria)', '0', 0, '0', NULL, '0', NULL, '0', NULL, '0', NULL, '0', 1, '0'), (11, '0', 1, '0', 'EXA', '0', '03.02', '0', '3.2 Blood Slide (OTHERS, E.G. TRIUPHANOSOMIAS, MICRIFILARIA, LEISHMANIA, BORRELIA)', '0', 0, '0', NULL, '0', NULL, '0', NULL, '0', NULL, '0', 1, '0'), (12, '0', 1, '0', 'EXA', '0', '03.02.1', '0', '3.21 Trypanosomiasis', '0', 0, '0', NULL, '0', NULL, '0', NULL, '0', NULL, '0', 1, '0'), (13, '0', 1, '0', 'EXA', '0', '03.02.2', '0', '3.22 MICROFILARIA', '0', 0, '0', NULL, '0', NULL, '0', NULL, '0', NULL, '0', 1, '0'), (14, '0', 1, '0', 'EXA', '0', '03.02.3', '0', '3.23 LEISHMANIA', '0', 0, '0', NULL, '0', NULL, '0', NULL, '0', NULL, '0', 1, '0'), (15, '0', 1, '0', 'EXA', '0', '03.02.4', '0', '3.24 BORRELIA', '0', 0, '0', NULL, '0', NULL, '0', NULL, '0', NULL, '0', 1, '0'), (16, '0', 1, '0', 'EXA', '0', '03.03', '0', '3.3 STOOL MICROSCOPY', '0', 0, '0', NULL, '0', NULL, '0', NULL, '0', NULL, '0', 1, '0'), (17, '0', 1, '0', 'EXA', '0', '03.04', '0', '3.4 URINE MICROSCOPY', '0', 0, '0', NULL, '0', NULL, '0', NULL, '0', NULL, '0', 1, '0'), (18, '0', 1, '0', 'EXA', '0', '03.05', '0', '3.5 TISSUE MICROSCOPY', '0', 0, '0', NULL, '0', NULL, '0', NULL, '0', NULL, '0', 1, '0'), (19, '0', 1, '0', 'EXA', '0', '03.06', '0', '3.6 CSF WET PREP', '0', 0, '0', NULL, '0', NULL, '0', NULL, '0', NULL, '0', 1, '0'), (20, '0', 1, '0', 'EXA', '0', '04.01', '0', '4.1 CULTURE AND SENSITIVITY (C&S) FOR HAEMOPHILUS INFUENZA TYPE B', '0', 0, '0', NULL, '0', NULL, '0', NULL, '0', NULL, '0', 1, '0'), (21, '0', 1, '0', 'EXA', '0', '04.02', '0', '4.2 C&S FOR SALMONELA TYPHI', '0', 0, '0', NULL, '0', NULL, '0', NULL, '0', NULL, '0', 1, '0'), (22, '0', 1, '0', 'EXA', '0', '04.03', '0', '4.3 C&S FOR VIBRO CHOLERA', '0', 0, '0', NULL, '0', NULL, '0', NULL, '0', NULL, '0', 1, '0'), (23, '0', 1, '0', 'EXA', '0', '04.04', '0', '4.4 C&S FOR SHIGELLA DYSENTERIAE', '0', 0, '0', NULL, '0', NULL, '0', NULL, '0', NULL, '0', 1, '0'), (24, '0', 1, '0', 'EXA', '0', '04.05', '0', '4.5 C&S FOR NEISSERIA MENINGITIDES', '0', 0, '0', NULL, '0', NULL, '0', NULL, '0', NULL, '0', 1, '0'), (25, '0', 1, '0', 'EXA', '0', '04.06', '0', '4.6 OTHER C&S ', '0', 0, '0', NULL, '0', NULL, '0', NULL, '0', NULL, '0', 1, '0'), (26, '0', 1, '0', 'EXA', '0', '05.01', '0', '5.1 WET PREP', '0', 0, '0', NULL, '0', NULL, '0', NULL, '0', NULL, '0', 1, '0'), (27, '0', 1, '0', 'EXA', '0', '05.02', '0', '5.2 GRAM STAIN', '0', 0, '0', NULL, '0', NULL, '0', NULL, '0', NULL, '0', 1, '0'), (28, '0', 1, '0', 'EXA', '0', '05.03', '0', '5.3 INDIA INK', '0', 0, '0', NULL, '0', NULL, '0', NULL, '0', NULL, '0', 1, '0'), (29, '0', 1, '0', 'EXA', '0', '05.04', '0', '5.4 LEISMANIA', '0', 0, '0', NULL, '0', NULL, '0', NULL, '0', NULL, '0', 1, '0'), (30, '0', 1, '0', 'EXA', '0', '05.05', '0', '5.5 ZN', '0', 0, '0', NULL, '0', NULL, '0', NULL, '0', NULL, '0', 1, '0'), (31, '0', 1, '0', 'EXA', '0', '05.06', '0', '5.6 WAYSON', '0', 0, '0', NULL, '0', NULL, '0', NULL, '0', NULL, '0', 1, '0'), (32, '0', 1, '0', 'EXA', '0', '05.07', '0', '5.7 PAP SMEAR', '0', 0, '0', NULL, '0', NULL, '0', NULL, '0', NULL, '0', 1, '0'), (33, '0', 1, '0', 'EXA', '0', '06.01', '0', '6.1 VDRL/RPR', '0', 0, '0', NULL, '0', NULL, '0', NULL, '0', NULL, '0', 1, '0'), (34, '0', 1, '0', 'EXA', '0', '06.02', '0', '6.2 TPHA', '0', 0, '0', NULL, '0', NULL, '0', NULL, '0', NULL, '0', 1, '0'), (35, '0', 1, '0', 'EXA', '0', '06.03', '0', '6.3 HIV', '0', 0, '0', NULL, '0', NULL, '0', NULL, '0', NULL, '0', 1, '0'), (36, '0', 1, '0', 'EXA', '0', '06.04', '0', '6.4 HEPATITIS', '0', 0, '0', NULL, '0', NULL, '0', NULL, '0', NULL, '0', 1, '0'), (37, '0', 1, '0', 'EXA', '0', '06.05', '0', '6.5 OTHERS E.G BRUCELLA, RHEUMATOID FACTOR, WEIL FELIX', '0', 0, '0', NULL, '0', NULL, '0', NULL, '0', NULL, '0', 1, '0'), (38, '0', 1, '0', 'EXA', '0', '06.06', '0', '6.6 PREGANCY TEST', '0', 0, '0', NULL, '0', NULL, '0', NULL, '0', NULL, '0', 1, '0'), (39, '0', 1, '0', 'EXA', '0', '07.01', '0', '7.1 PROTEIN', '0', 0, '0', NULL, '0', NULL, '0', NULL, '0', NULL, '0', 1, '0'), (40, '0', 1, '0', 'EXA', '0', '07.02', '0', '7.2 SUGAR', '0', 0, '0', NULL, '0', NULL, '0', NULL, '0', NULL, '0', 1, '0'), (41, '0', 1, '0', 'EXA', '0', '07.03', '0', '7.3 LFTS', '0', 0, '0', NULL, '0', NULL, '0', NULL, '0', NULL, '0', 1, '0'), (42, '0', 1, '0', 'EXA', '0', '07.03.1', '0', '7.3.1 BILIRUBIN TOTAL', '0', 0, '0', NULL, '0', NULL, '0', NULL, '0', NULL, '0', 1, '0'), (43, '0', 1, '0', 'EXA', '0', '07.03.2', '0', '7.3.2 BILIRUBIN DIRECT', '0', 0, '0', NULL, '0', NULL, '0', NULL, '0', NULL, '0', 1, '0'), (44, '0', 1, '0', 'EXA', '0', '07.03.3', '0', '7.3.3 GOT', '0', 0, '0', NULL, '0', NULL, '0', NULL, '0', NULL, '0', 1, '0'), (45, '0', 1, '0', 'EXA', '0', '07.03.4', '0', '7.3.4 ALT/GPT', '0', 0, '0', NULL, '0', NULL, '0', NULL, '0', NULL, '0', 1, '0'), (46, '0', 1, '0', 'EXA', '0', '07.04', '0', '7.4 RFTS', '0', 0, '0', NULL, '0', NULL, '0', NULL, '0', NULL, '0', 1, '0'), (47, '0', 1, '0', 'EXA', '0', '07.04.1', '0', '7.4.1 CREATININA', '0', 0, '0', NULL, '0', NULL, '0', NULL, '0', NULL, '0', 1, '0'), (48, '0', 1, '0', 'EXA', '0', '07.04.2', '0', '7.4.2 UREA', '0', 0, '0', NULL, '0', NULL, '0', NULL, '0', NULL, '0', 1, '0'), (49, '0', 1, '0', 'EXA', '0', '08.01', '0', '8.1 OCCULT BLOOD', '0', 0, '0', NULL, '0', NULL, '0', NULL, '0', NULL, '0', 1, '0'), (50, '0', 1, '0', 'EXA', '0', '09.01', '0', '9.1 URINALYSIS', '0', 0, '0', NULL, '0', NULL, '0', NULL, '0', NULL, '0', 1, '0'), (51, '0', 1, '0', 'OPE', '0', '40', '0', 'Abdominal Tumours', '0', 0, '0', NULL, '0', NULL, '0', NULL, '0', NULL, '0', 1, '0'), (52, '0', 1, '0', 'OPE', '0', '10', '0', 'Acute abdomen', '0', 0, '0', NULL, '0', NULL, '0', NULL, '0', NULL, '0', 1, '0'), (53, '0', 1, '0', 'OPE', '0', '38', '0', 'Appendicitis', '0', 0, '0', NULL, '0', NULL, '0', NULL, '0', NULL, '0', 1, '0'), (54, '0', 1, '0', 'OPE', '0', '27', '0', 'Bladder biopsy', '0', 0, '0', NULL, '0', NULL, '0', NULL, '0', NULL, '0', 1, '0'), (55, '0', 1, '0', 'OPE', '0', '1', '0', 'Caesarian section', '0', 0, '0', NULL, '0', NULL, '0', NULL, '0', NULL, '0', 1, '0'), (56, '0', 1, '0', 'OPE', '0', '39', '0', 'Cholecystitis', '0', 0, '0', NULL, '0', NULL, '0', NULL, '0', NULL, '0', 1, '0'), (57, '0', 1, '0', 'OPE', '0', '18', '0', 'Circumcision', '0', 0, '0', NULL, '0', NULL, '0', NULL, '0', NULL, '0', 1, '0'), (58, '0', 1, '0', 'OPE', '0', '17', '0', 'Cystocele', '0', 0, '0', NULL, '0', NULL, '0', NULL, '0', NULL, '0', 1, '0'), (59, '0', 1, '0', 'OPE', '0', '46', '0', 'Debridement', '0', 0, '0', NULL, '0', NULL, '0', NULL, '0', NULL, '0', 1, '0'), (60, '0', 1, '0', 'OPE', '0', '8', '0', 'Dilatation and curettage', '0', 0, '0', NULL, '0', NULL, '0', NULL, '0', NULL, '0', 1, '0'), (61, '0', 1, '0', 'OPE', '0', '21', '0', 'Dorsal slit-paraphimosis', '0', 0, '0', NULL, '0', NULL, '0', NULL, '0', NULL, '0', 1, '0'), (62, '0', 1, '0', 'OPE', '0', '11', '0', 'Ectopic pregnancy', '0', 0, '0', NULL, '0', NULL, '0', NULL, '0', NULL, '0', 1, '0'), (63, '0', 1, '0', 'OPE', '0', '31', '0', 'Epigastrical Hernia', '0', 0, '0', NULL, '0', NULL, '0', NULL, '0', NULL, '0', 1, '0'), (64, '0', 1, '0', 'OPE', '0', '5', '0', 'Evacuations', '0', 0, '0', NULL, '0', NULL, '0', NULL, '0', NULL, '0', 1, '0'), (65, '0', 1, '0', 'OPE', '0', '28', '0', 'Hernia (inguinal & femoral)', '0', 0, '0', NULL, '0', NULL, '0', NULL, '0', NULL, '0', 1, '0'), (66, '0', 1, '0', 'OPE', '0', '23', '0', 'Hydrocelectomy', '0', 0, '0', NULL, '0', NULL, '0', NULL, '0', NULL, '0', 1, '0'), (67, '0', 1, '0', 'OPE', '0', '2', '0', 'Hysterectomy', '0', 0, '0', NULL, '0', NULL, '0', NULL, '0', NULL, '0', 1, '0'), (68, '0', 1, '0', 'OPE', '0', '45', '0', 'Incision & Drainage', '0', 0, '0', NULL, '0', NULL, '0', NULL, '0', NULL, '0', 1, '0'), (69, '0', 1, '0', 'OPE', '0', '6', '0', 'Incomplete abortion', '0', 0, '0', NULL, '0', NULL, '0', NULL, '0', NULL, '0', 1, '0'), (70, '0', 1, '0', 'OPE', '0', '4', '0', 'Injured uterus', '0', 0, '0', NULL, '0', NULL, '0', NULL, '0', NULL, '0', 1, '0'), (71, '0', 1, '0', 'OPE', '0', '32', '0', 'Intestinal obstruction', '0', 0, '0', NULL, '0', NULL, '0', NULL, '0', NULL, '0', 1, '0'), (72, '0', 1, '0', 'OPE', '0', '35', '0', 'Laparotomy', '0', 0, '0', NULL, '0', NULL, '0', NULL, '0', NULL, '0', 1, '0'), (73, '0', 1, '0', 'OPE', '0', '43', '0', 'Lower limb', '0', 0, '0', NULL, '0', NULL, '0', NULL, '0', NULL, '0', 1, '0'), (74, '0', 1, '0', 'OPE', '0', '33', '0', 'Mechanical', '0', 0, '0', NULL, '0', NULL, '0', NULL, '0', NULL, '0', 1, '0'), (75, '0', 1, '0', 'OPE', '0', '47', '0', 'Mise -a- plat', '0', 0, '0', NULL, '0', NULL, '0', NULL, '0', NULL, '0', 1, '0'), (76, '0', 1, '0', 'OPE', '0', '30', '0', 'Non strangulated', '0', 0, '0', NULL, '0', NULL, '0', NULL, '0', NULL, '0', 1, '0'), (77, '0', 1, '0', 'OPE', '0', '44', '0', 'Osteomyelitis - sequestrectomy', '0', 0, '0', NULL, '0', NULL, '0', NULL, '0', NULL, '0', 1, '0'), (78, '0', 1, '0', 'OPE', '0', '15', '0', 'Ovarian tumours', '0', 0, '0', NULL, '0', NULL, '0', NULL, '0', NULL, '0', 1, '0'), (79, '0', 1, '0', 'OPE', '0', '20', '0', 'Paraphimosis', '0', 0, '0', NULL, '0', NULL, '0', NULL, '0', NULL, '0', 1, '0'), (80, '0', 1, '0', 'OPE', '0', '13', '0', 'Pelvic abscess', '0', 0, '0', NULL, '0', NULL, '0', NULL, '0', NULL, '0', 1, '0'), (81, '0', 1, '0', 'OPE', '0', '36', '0', 'Penetrating abdominal injuries', '0', 0, '0', NULL, '0', NULL, '0', NULL, '0', NULL, '0', 1, '0'), (82, '0', 1, '0', 'OPE', '0', '37', '0', 'Peritonitis', '0', 0, '0', NULL, '0', NULL, '0', NULL, '0', NULL, '0', 1, '0'), (83, '0', 1, '0', 'OPE', '0', '12', '0', 'Peritonitis', '0', 0, '0', NULL, '0', NULL, '0', NULL, '0', NULL, '0', 1, '0'), (84, '0', 1, '0', 'OPE', '0', '19', '0', 'Phimosis', '0', 0, '0', NULL, '0', NULL, '0', NULL, '0', NULL, '0', 1, '0'), (85, '0', 1, '0', 'OPE', '0', '26', '0', 'Prostate biopsy', '0', 0, '0', NULL, '0', NULL, '0', NULL, '0', NULL, '0', 1, '0'), (86, '0', 1, '0', 'OPE', '0', '25', '0', 'Prostatectomy', '0', 0, '0', NULL, '0', NULL, '0', NULL, '0', NULL, '0', 1, '0'), (87, '0', 1, '0', 'OPE', '0', '41', '0', 'Reduction of fractures', '0', 0, '0', NULL, '0', NULL, '0', NULL, '0', NULL, '0', 1, '0'), (88, '0', 1, '0', 'OPE', '0', '9', '0', 'Repair of vesico-vaginal fistula (vvf)', '0', 0, '0', NULL, '0', NULL, '0', NULL, '0', NULL, '0', 1, '0'), (89, '0', 1, '0', 'OPE', '0', '3', '0', 'Ruptured uterus', '0', 0, '0', NULL, '0', NULL, '0', NULL, '0', NULL, '0', 1, '0'), (90, '0', 1, '0', 'OPE', '0', '7', '0', 'Septic abortion', '0', 0, '0', NULL, '0', NULL, '0', NULL, '0', NULL, '0', 1, '0'), (91, '0', 1, '0', 'OPE', '0', '29', '0', 'Strangulated', '0', 0, '0', NULL, '0', NULL, '0', NULL, '0', NULL, '0', 1, '0'), (92, '0', 1, '0', 'OPE', '0', '48', '0', 'Surgical toilet  & suture', '0', 0, '0', NULL, '0', NULL, '0', NULL, '0', NULL, '0', 1, '0'), (93, '0', 1, '0', 'OPE', '0', '24', '0', 'Testicular tumours', '0', 0, '0', NULL, '0', NULL, '0', NULL, '0', NULL, '0', 1, '0'), (94, '0', 1, '0', 'OPE', '0', '42', '0', 'Upper limb', '0', 0, '0', NULL, '0', NULL, '0', NULL, '0', NULL, '0', 1, '0'), (95, '0', 1, '0', 'OPE', '0', '22', '0', 'Uretheral stricture-bougienage', '0', 0, '0', NULL, '0', NULL, '0', NULL, '0', NULL, '0', 1, '0'), (96, '0', 1, '0', 'OPE', '0', '14', '0', 'Uterine fibroids', '0', 0, '0', NULL, '0', NULL, '0', NULL, '0', NULL, '0', 1, '0'), (97, '0', 1, '0', 'OPE', '0', '16', '0', 'Uterine prolapse', '0', 0, '0', NULL, '0', NULL, '0', NULL, '0', NULL, '0', 1, '0'), (98, '0', 1, '0', 'OPE', '0', '34', '0', 'Volvulus', '0', 0, '0', NULL, '0', NULL, '0', NULL, '0', NULL, '0', 1, '0'), (99, '0', 1, '0', 'MED', '0', '24', '0', '4 Dimethyl Aminobenzaldelyde', '0', 0, '0', NULL, '0', NULL, '0', NULL, '0', NULL, '0', 1, '0'), (100, '0', 1, '0', 'MED', '0', '98', '0', 'Acetazolamide 250mg Tab', '0', 0, '0', NULL, '0', NULL, '0', NULL, '0', NULL, '0', 1, '0'), (101, '0', 1, '0', 'MED', '0', '2', '0', 'Acetic Acid Glacial 1 ltr', '0', 0, '0', NULL, '0', NULL, '0', NULL, '0', NULL, '0', 1, '0'), (102, '0', 1, '0', 'MED', '0', '3', '0', 'Aceton 99% 1ltr', '0', 0, '0', NULL, '0', NULL, '0', NULL, '0', NULL, '0', 1, '0'), (103, '0', 1, '0', 'MED', '0', '100', '0', 'Aciclovir', '0', 0, '0', NULL, '0', NULL, '0', NULL, '0', NULL, '0', 1, '0'), (104, '0', 1, '0', 'MED', '0', '99', '0', 'Acyclovir 200mg Tab', '0', 0, '0', NULL, '0', NULL, '0', NULL, '0', NULL, '0', 1, '0'), (105, '0', 1, '0', 'MED', '0', '258', '0', 'Adhesive Tape 2.5cm x 5m', '0', 0, '0', NULL, '0', NULL, '0', NULL, '0', NULL, '0', 1, '0'), (106, '0', 1, '0', 'MED', '0', '259', '0', 'Adhesive Tape 7.5cm x 5m', '0', 0, '0', NULL, '0', NULL, '0', NULL, '0', NULL, '0', 1, '0'), (107, '0', 1, '0', 'MED', '0', '40', '0', 'Adrenaline 1mg/ml 1ml Amp', '0', 0, '0', NULL, '0', NULL, '0', NULL, '0', NULL, '0', 1, '0'), (108, '0', 1, '0', 'MED', '0', '311', '0', 'Air ring set 43x15cm, rubber with pump', '0', 0, '0', NULL, '0', NULL, '0', NULL, '0', NULL, '0', 1, '0'), (109, '0', 1, '0', 'MED', '0', '253', '0', 'Airway Guedel Size 0', '0', 0, '0', NULL, '0', NULL, '0', NULL, '0', NULL, '0', 1, '0'), (110, '0', 1, '0', 'MED', '0', '252', '0', 'Airway Guedel Size 00', '0', 0, '0', NULL, '0', NULL, '0', NULL, '0', NULL, '0', 1, '0'), (111, '0', 1, '0', 'MED', '0', '254', '0', 'Airway Guedel Size 1', '0', 0, '0', NULL, '0', NULL, '0', NULL, '0', NULL, '0', 1, '0'), (112, '0', 1, '0', 'MED', '0', '255', '0', 'Airway Guedel Size 2', '0', 0, '0', NULL, '0', NULL, '0', NULL, '0', NULL, '0', 1, '0'), (113, '0', 1, '0', 'MED', '0', '256', '0', 'Airway Guedel Size 3', '0', 0, '0', NULL, '0', NULL, '0', NULL, '0', NULL, '0', 1, '0'), (114, '0', 1, '0', 'MED', '0', '103', '0', 'Albendazole 200mg Tab', '0', 0, '0', NULL, '0', NULL, '0', NULL, '0', NULL, '0', 1, '0'), (115, '0', 1, '0', 'MED', '0', '102', '0', 'Albendazole 400mg Tab', '0', 0, '0', NULL, '0', NULL, '0', NULL, '0', NULL, '0', 1, '0'), (116, '0', 1, '0', 'MED', '0', '178', '0', 'Alcohol 95% not denatured 20Ltrs', '0', 0, '0', NULL, '0', NULL, '0', NULL, '0', NULL, '0', 1, '0'), (117, '0', 1, '0', 'MED', '0', '101', '0', 'Aminophylline 100mg Tab', '0', 0, '0', NULL, '0', NULL, '0', NULL, '0', NULL, '0', 1, '0'), (118, '0', 1, '0', 'MED', '0', '41', '0', 'Aminophylline 25mg/ml,10ml Amp', '0', 0, '0', NULL, '0', NULL, '0', NULL, '0', NULL, '0', 1, '0'), (119, '0', 1, '0', 'MED', '0', '104', '0', 'Amitriptyline 25mg Tab', '0', 0, '0', NULL, '0', NULL, '0', NULL, '0', NULL, '0', 1, '0'), (120, '0', 1, '0', 'MED', '0', '23', '0', 'Ammonium Oxalate', '0', 0, '0', NULL, '0', NULL, '0', NULL, '0', NULL, '0', 1, '0'), (121, '0', 1, '0', 'MED', '0', '106', '0', 'Amoxicillin /Clavulanate 375mg Tab', '0', 0, '0', NULL, '0', NULL, '0', NULL, '0', NULL, '0', 1, '0'), (122, '0', 1, '0', 'MED', '0', '207', '0', 'Amoxicillin 125mg/5ml Powd. Susp 100ml', '0', 0, '0', NULL, '0', NULL, '0', NULL, '0', NULL, '0', 1, '0'), (123, '0', 1, '0', 'MED', '0', '105', '0', 'Amoxicillin 250mg Caps', '0', 0, '0', NULL, '0', NULL, '0', NULL, '0', NULL, '0', 1, '0'), (124, '0', 1, '0', 'MED', '0', '42', '0', 'Amphotericin B 50mg Vial', '0', 0, '0', NULL, '0', NULL, '0', NULL, '0', NULL, '0', 1, '0'), (125, '0', 1, '0', 'MED', '0', '43', '0', 'Ampicillin 500mg Vial', '0', 0, '0', NULL, '0', NULL, '0', NULL, '0', NULL, '0', 1, '0'), (126, '0', 1, '0', 'MED', '0', '223', '0', 'Anti Serum A 10ml', '0', 0, '0', NULL, '0', NULL, '0', NULL, '0', NULL, '0', 1, '0'), (127, '0', 1, '0', 'MED', '0', '393', '0', 'Anti Serum AB 10ml', '0', 0, '0', NULL, '0', NULL, '0', NULL, '0', NULL, '0', 1, '0'), (128, '0', 1, '0', 'MED', '0', '392', '0', 'Anti Serum B 10ml', '0', 0, '0', NULL, '0', NULL, '0', NULL, '0', NULL, '0', 1, '0'), (129, '0', 1, '0', 'MED', '0', '394', '0', 'Anti Serum D 10ml', '0', 0, '0', NULL, '0', NULL, '0', NULL, '0', NULL, '0', 1, '0'), (130, '0', 1, '0', 'MED', '0', '204', '0', 'Antihaemorrhoid suppositories', '0', 0, '0', NULL, '0', NULL, '0', NULL, '0', NULL, '0', 1, '0'), (131, '0', 1, '0', 'MED', '0', '333', '0', 'Apron Plastic Re-usable', '0', 0, '0', NULL, '0', NULL, '0', NULL, '0', NULL, '0', 1, '0'), (132, '0', 1, '0', 'MED', '0', '334', '0', 'Apron Plastic Re-usable local', '0', 0, '0', NULL, '0', NULL, '0', NULL, '0', NULL, '0', 1, '0'), (133, '0', 1, '0', 'MED', '0', '335', '0', 'Apron Polythene Disp Non Sterile', '0', 0, '0', NULL, '0', NULL, '0', NULL, '0', NULL, '0', 1, '0'), (134, '0', 1, '0', 'MED', '0', '107', '0', 'Ascorbic Acid 100mg tab', '0', 0, '0', NULL, '0', NULL, '0', NULL, '0', NULL, '0', 1, '0'), (135, '0', 1, '0', 'MED', '0', '108', '0', 'Aspirin 300mg Tab', '0', 0, '0', NULL, '0', NULL, '0', NULL, '0', NULL, '0', 1, '0'), (136, '0', 1, '0', 'MED', '0', '110', '0', 'Atenolol 100mg Tab', '0', 0, '0', NULL, '0', NULL, '0', NULL, '0', NULL, '0', 1, '0'), (137, '0', 1, '0', 'MED', '0', '109', '0', 'Atenolol 50mg Tab', '0', 0, '0', NULL, '0', NULL, '0', NULL, '0', NULL, '0', 1, '0'), (138, '0', 1, '0', 'MED', '0', '44', '0', 'Atropine 1mg/ml 1ml Amp', '0', 0, '0', NULL, '0', NULL, '0', NULL, '0', NULL, '0', 1, '0'), (139, '0', 1, '0', 'MED', '0', '390', '0', 'Barium Sulphate for X-Ray 1kg', '0', 0, '0', NULL, '0', NULL, '0', NULL, '0', NULL, '0', 1, '0'), (140, '0', 1, '0', 'MED', '0', '197', '0', 'Beclomethasone 50mcg Inhaler', '0', 0, '0', NULL, '0', NULL, '0', NULL, '0', NULL, '0', 1, '0'), (141, '0', 1, '0', 'MED', '0', '305', '0', 'Bedpan Plastic Autoclavable', '0', 0, '0', NULL, '0', NULL, '0', NULL, '0', NULL, '0', 1, '0'), (142, '0', 1, '0', 'MED', '0', '306', '0', 'Bedpan Stainless Steel', '0', 0, '0', NULL, '0', NULL, '0', NULL, '0', NULL, '0', 1, '0'), (143, '0', 1, '0', 'MED', '0', '111', '0', 'Bendrofluazide 5mg Tab', '0', 0, '0', NULL, '0', NULL, '0', NULL, '0', NULL, '0', 1, '0'), (144, '0', 1, '0', 'MED', '0', '45', '0', 'Benzathine Penicillin 2.4 MIU Vial', '0', 0, '0', NULL, '0', NULL, '0', NULL, '0', NULL, '0', 1, '0'), (145, '0', 1, '0', 'MED', '0', '112', '0', 'Benzhexol 2mg Tab', '0', 0, '0', NULL, '0', NULL, '0', NULL, '0', NULL, '0', 1, '0'), (146, '0', 1, '0', 'MED', '0', '113', '0', 'Benzhexol 5mg Tab', '0', 0, '0', NULL, '0', NULL, '0', NULL, '0', NULL, '0', 1, '0'), (147, '0', 1, '0', 'MED', '0', '46', '0', 'Benzyl Penicillin 1 MIU Vial', '0', 0, '0', NULL, '0', NULL, '0', NULL, '0', NULL, '0', 1, '0'), (148, '0', 1, '0', 'MED', '0', '47', '0', 'Benzyl Penicillin 5 MIU Vial', '0', 0, '0', NULL, '0', NULL, '0', NULL, '0', NULL, '0', 1, '0'), (149, '0', 1, '0', 'MED', '0', '190', '0', 'Betamethasone 0.1% eye/ear/nose drops', '0', 0, '0', NULL, '0', NULL, '0', NULL, '0', NULL, '0', 1, '0'), (150, '0', 1, '0', 'MED', '0', '191', '0', 'Betamethasone 0.1% Neomycin 0.35 %eye drops 7.5ml', '0', 0, '0', NULL, '0', NULL, '0', NULL, '0', NULL, '0', 1, '0'), (151, '0', 1, '0', 'MED', '0', '114', '0', 'Bisacodyl 5mg Tab', '0', 0, '0', NULL, '0', NULL, '0', NULL, '0', NULL, '0', 1, '0'), (152, '0', 1, '0', 'MED', '0', '224', '0', 'Blood giving set Disposable', '0', 0, '0', NULL, '0', NULL, '0', NULL, '0', NULL, '0', 1, '0'), (153, '0', 1, '0', 'MED', '0', '225', '0', 'Blood Transfer Bag 300ml', '0', 0, '0', NULL, '0', NULL, '0', NULL, '0', NULL, '0', 1, '0'), (154, '0', 1, '0', 'MED', '0', '307', '0', 'Body Bag 70 x 215cm  (Adult)', '0', 0, '0', NULL, '0', NULL, '0', NULL, '0', NULL, '0', 1, '0'), (155, '0', 1, '0', 'MED', '0', '310', '0', 'Bowl Without Lid 10 x 24cm stainless steel', '0', 0, '0', NULL, '0', NULL, '0', NULL, '0', NULL, '0', 1, '0'), (156, '0', 1, '0', 'MED', '0', '308', '0', 'Bowl Without Lid 7 x 12cm stainless steel', '0', 0, '0', NULL, '0', NULL, '0', NULL, '0', NULL, '0', 1, '0'), (157, '0', 1, '0', 'MED', '0', '309', '0', 'Bowl Without Lid 8 x 16cm stainless steel', '0', 0, '0', NULL, '0', NULL, '0', NULL, '0', NULL, '0', 1, '0'), (158, '0', 1, '0', 'MED', '0', '22', '0', 'Brilliant Cresyl Blue', '0', 0, '0', NULL, '0', NULL, '0', NULL, '0', NULL, '0', 1, '0'), (159, '0', 1, '0', 'MED', '0', '115', '0', 'Calcium Lactate 300mg Tab', '0', 0, '0', NULL, '0', NULL, '0', NULL, '0', NULL, '0', 1, '0'), (160, '0', 1, '0', 'MED', '0', '116', '0', 'Carbamazepine 200mg Tab', '0', 0, '0', NULL, '0', NULL, '0', NULL, '0', NULL, '0', 1, '0'), (161, '0', 1, '0', 'MED', '0', '117', '0', 'Carbimazole 5mg Tab', '0', 0, '0', NULL, '0', NULL, '0', NULL, '0', NULL, '0', 1, '0'), (162, '0', 1, '0', 'MED', '0', '273', '0', 'Catheter Foley CH10 3 Way Balloon', '0', 0, '0', NULL, '0', NULL, '0', NULL, '0', NULL, '0', 1, '0'), (163, '0', 1, '0', 'MED', '0', '274', '0', 'Catheter Foley CH12 3 Way Balloon', '0', 0, '0', NULL, '0', NULL, '0', NULL, '0', NULL, '0', 1, '0'), (164, '0', 1, '0', 'MED', '0', '275', '0', 'Catheter Foley CH14 3 Way Balloon', '0', 0, '0', NULL, '0', NULL, '0', NULL, '0', NULL, '0', 1, '0'), (165, '0', 1, '0', 'MED', '0', '276', '0', 'Catheter Foley CH16 3 Way Balloon', '0', 0, '0', NULL, '0', NULL, '0', NULL, '0', NULL, '0', 1, '0'), (166, '0', 1, '0', 'MED', '0', '277', '0', 'Catheter Foley CH18 3 Way Balloon', '0', 0, '0', NULL, '0', NULL, '0', NULL, '0', NULL, '0', 1, '0'), (167, '0', 1, '0', 'MED', '0', '271', '0', 'Catheter Foley CH20 3 Way Balloon', '0', 0, '0', NULL, '0', NULL, '0', NULL, '0', NULL, '0', 1, '0'), (168, '0', 1, '0', 'MED', '0', '272', '0', 'Catheter Foley CH8 3 Way Balloon', '0', 0, '0', NULL, '0', NULL, '0', NULL, '0', NULL, '0', 1, '0'), (169, '0', 1, '0', 'MED', '0', '278', '0', 'Catheter Stopper for All sizes', '0', 0, '0', NULL, '0', NULL, '0', NULL, '0', NULL, '0', 1, '0'), (170, '0', 1, '0', 'MED', '0', '118', '0', 'Charcoal 250mg Tab', '0', 0, '0', NULL, '0', NULL, '0', NULL, '0', NULL, '0', 1, '0'), (171, '0', 1, '0', 'MED', '0', '192', '0', 'Chloramphenicol 0.5% Eye Drops 10ml', '0', 0, '0', NULL, '0', NULL, '0', NULL, '0', NULL, '0', 1, '0'), (172, '0', 1, '0', 'MED', '0', '209', '0', 'Chloramphenicol 125mg/5ml Susp 100ml', '0', 0, '0', NULL, '0', NULL, '0', NULL, '0', NULL, '0', 1, '0'), (173, '0', 1, '0', 'MED', '0', '208', '0', 'Chloramphenicol 125mg/5ml Susp 3Ltr', '0', 0, '0', NULL, '0', NULL, '0', NULL, '0', NULL, '0', 1, '0'), (174, '0', 1, '0', 'MED', '0', '48', '0', 'Chloramphenicol 1g Vial', '0', 0, '0', NULL, '0', NULL, '0', NULL, '0', NULL, '0', 1, '0'), (175, '0', 1, '0', 'MED', '0', '119', '0', 'Chloramphenicol 250mg Caps', '0', 0, '0', NULL, '0', NULL, '0', NULL, '0', NULL, '0', 1, '0'), (176, '0', 1, '0', 'MED', '0', '179', '0', 'Chlorhexidine/Cetrimide 1.5/15% 1Ltr', '0', 0, '0', NULL, '0', NULL, '0', NULL, '0', NULL, '0', 1, '0'), (177, '0', 1, '0', 'MED', '0', '180', '0', 'Chlorhexidine/Cetrimide 1.5/15% 5Ltr', '0', 0, '0', NULL, '0', NULL, '0', NULL, '0', NULL, '0', 1, '0'), (178, '0', 1, '0', 'MED', '0', '49', '0', 'Chloroquine 40mg Base/ml 5ml Amp', '0', 0, '0', NULL, '0', NULL, '0', NULL, '0', NULL, '0', 1, '0'), (179, '0', 1, '0', 'MED', '0', '121', '0', 'Chloroquine Coated 150mg Tab', '0', 0, '0', NULL, '0', NULL, '0', NULL, '0', NULL, '0', 1, '0'), (180, '0', 1, '0', 'MED', '0', '120', '0', 'Chloroquine Uncoated 150mg Tab', '0', 0, '0', NULL, '0', NULL, '0', NULL, '0', NULL, '0', 1, '0'), (181, '0', 1, '0', 'MED', '0', '123', '0', 'Chlorphenimine 4mg Tab', '0', 0, '0', NULL, '0', NULL, '0', NULL, '0', NULL, '0', 1, '0'), (182, '0', 1, '0', 'MED', '0', '124', '0', 'Chlorpromazine 100mg Tab', '0', 0, '0', NULL, '0', NULL, '0', NULL, '0', NULL, '0', 1, '0'), (183, '0', 1, '0', 'MED', '0', '125', '0', 'Chlorpromazine 25mg Tab', '0', 0, '0', NULL, '0', NULL, '0', NULL, '0', NULL, '0', 1, '0'), (184, '0', 1, '0', 'MED', '0', '50', '0', 'Chlorpromazine 25mg/ml/2ml Amp', '0', 0, '0', NULL, '0', NULL, '0', NULL, '0', NULL, '0', 1, '0'), (185, '0', 1, '0', 'MED', '0', '126', '0', 'Cimetidine 200mg Tab', '0', 0, '0', NULL, '0', NULL, '0', NULL, '0', NULL, '0', 1, '0'), (186, '0', 1, '0', 'MED', '0', '127', '0', 'Cimetidine 400mg Tab', '0', 0, '0', NULL, '0', NULL, '0', NULL, '0', NULL, '0', 1, '0'), (187, '0', 1, '0', 'MED', '0', '129', '0', 'Ciprofloxacine 250mg Tab', '0', 0, '0', NULL, '0', NULL, '0', NULL, '0', NULL, '0', 1, '0'), (188, '0', 1, '0', 'MED', '0', '128', '0', 'Ciprofloxacine 500mg Tab', '0', 0, '0', NULL, '0', NULL, '0', NULL, '0', NULL, '0', 1, '0'), (189, '0', 1, '0', 'MED', '0', '193', '0', 'Cloramphenicol 1% Eye Ointment 3.5g', '0', 0, '0', NULL, '0', NULL, '0', NULL, '0', NULL, '0', 1, '0'), (190, '0', 1, '0', 'MED', '0', '202', '0', 'Clotrimazole 100mg Pessaries', '0', 0, '0', NULL, '0', NULL, '0', NULL, '0', NULL, '0', 1, '0'), (191, '0', 1, '0', 'MED', '0', '201', '0', 'Clotrimazole 500mg Pessaries', '0', 0, '0', NULL, '0', NULL, '0', NULL, '0', NULL, '0', 1, '0'), (192, '0', 1, '0', 'MED', '0', '130', '0', 'Cloxacillin 250mg Tab', '0', 0, '0', NULL, '0', NULL, '0', NULL, '0', NULL, '0', 1, '0'), (193, '0', 1, '0', 'MED', '0', '51', '0', 'Cloxacillin 500mg Vial', '0', 0, '0', NULL, '0', NULL, '0', NULL, '0', NULL, '0', 1, '0'), (194, '0', 1, '0', 'MED', '0', '131', '0', 'Codein Phosphate 30mg Tab', '0', 0, '0', NULL, '0', NULL, '0', NULL, '0', NULL, '0', 1, '0'), (195, '0', 1, '0', 'MED', '0', '312', '0', 'Colostomy Bag closed 30mm size 2', '0', 0, '0', NULL, '0', NULL, '0', NULL, '0', NULL, '0', 1, '0'), (196, '0', 1, '0', 'MED', '0', '313', '0', 'Colostomy Bag closed 30mm size 3', '0', 0, '0', NULL, '0', NULL, '0', NULL, '0', NULL, '0', 1, '0'), (197, '0', 1, '0', 'MED', '0', '314', '0', 'Colostomy Bag open re-usable 35mm', '0', 0, '0', NULL, '0', NULL, '0', NULL, '0', NULL, '0', 1, '0'), (198, '0', 1, '0', 'MED', '0', '4', '0', 'Copper 11 Sulphate 500g', '0', 0, '0', NULL, '0', NULL, '0', NULL, '0', NULL, '0', 1, '0'), (199, '0', 1, '0', 'MED', '0', '132', '0', 'Cotrimoxazole 100/20mg Paed Tab', '0', 0, '0', NULL, '0', NULL, '0', NULL, '0', NULL, '0', 1, '0'), (200, '0', 1, '0', 'MED', '0', '211', '0', 'Cotrimoxazole 200+40mg/5ml Susp 100ml', '0', 0, '0', NULL, '0', NULL, '0', NULL, '0', NULL, '0', 1, '0'), (201, '0', 1, '0', 'MED', '0', '210', '0', 'Cotrimoxazole 200+40mg/5ml Susp 3Ltr', '0', 0, '0', NULL, '0', NULL, '0', NULL, '0', NULL, '0', 1, '0'), (202, '0', 1, '0', 'MED', '0', '133', '0', 'Cotrimoxazole 400/80mg Tab', '0', 0, '0', NULL, '0', NULL, '0', NULL, '0', NULL, '0', 1, '0'), (203, '0', 1, '0', 'MED', '0', '261', '0', 'Cotton Wool 200G', '0', 0, '0', NULL, '0', NULL, '0', NULL, '0', NULL, '0', 1, '0'), (204, '0', 1, '0', 'MED', '0', '260', '0', 'cotton Wool 500G', '0', 0, '0', NULL, '0', NULL, '0', NULL, '0', NULL, '0', 1, '0'), (205, '0', 1, '0', 'MED', '0', '395', '0', 'Creatinine 200ml (Calorimetric)', '0', 0, '0', NULL, '0', NULL, '0', NULL, '0', NULL, '0', 1, '0'), (206, '0', 1, '0', 'MED', '0', '29', '0', 'Crystal Violet', '0', 0, '0', NULL, '0', NULL, '0', NULL, '0', NULL, '0', 1, '0'), (207, '0', 1, '0', 'MED', '0', '52', '0', 'Cyclophosphamide 200mg Vial', '0', 0, '0', NULL, '0', NULL, '0', NULL, '0', NULL, '0', 1, '0'), (208, '0', 1, '0', 'MED', '0', '53', '0', 'Cyclophosphamide 500mg Vial', '0', 0, '0', NULL, '0', NULL, '0', NULL, '0', NULL, '0', 1, '0'), (209, '0', 1, '0', 'MED', '0', '134', '0', 'Darrows Half Strength 500ml', '0', 0, '0', NULL, '0', NULL, '0', NULL, '0', NULL, '0', 1, '0'), (210, '0', 1, '0', 'MED', '0', '140', '0', 'Dexamethasone 0.5mg Tab', '0', 0, '0', NULL, '0', NULL, '0', NULL, '0', NULL, '0', 1, '0'), (211, '0', 1, '0', 'MED', '0', '136', '0', 'Dexamethasone 4mg/ml 1ml Amp', '0', 0, '0', NULL, '0', NULL, '0', NULL, '0', NULL, '0', 1, '0'), (212, '0', 1, '0', 'MED', '0', '135', '0', 'Dexamethasone 4mg/ml 2ml Amp', '0', 0, '0', NULL, '0', NULL, '0', NULL, '0', NULL, '0', 1, '0'), (213, '0', 1, '0', 'MED', '0', '138', '0', 'Dextrose 30% IV 100ml', '0', 0, '0', NULL, '0', NULL, '0', NULL, '0', NULL, '0', 1, '0'), (214, '0', 1, '0', 'MED', '0', '137', '0', 'Dextrose 5% IV 500ml', '0', 0, '0', NULL, '0', NULL, '0', NULL, '0', NULL, '0', 1, '0'), (215, '0', 1, '0', 'MED', '0', '139', '0', 'Dextrose 50% IV 100ml', '0', 0, '0', NULL, '0', NULL, '0', NULL, '0', NULL, '0', 1, '0'), (216, '0', 1, '0', 'MED', '0', '206', '0', 'Dextrose Monohydrate Apyrogen 25Kg', '0', 0, '0', NULL, '0', NULL, '0', NULL, '0', NULL, '0', 1, '0'), (217, '0', 1, '0', 'MED', '0', '391', '0', 'Diatrizoate Meglumin Sod 76% 20ml Amp', '0', 0, '0', NULL, '0', NULL, '0', NULL, '0', NULL, '0', 1, '0'), (218, '0', 1, '0', 'MED', '0', '203', '0', 'Diazepam 2mg/ml 2.5ml Rectal Tube', '0', 0, '0', NULL, '0', NULL, '0', NULL, '0', NULL, '0', 1, '0'), (219, '0', 1, '0', 'MED', '0', '54', '0', 'Diazepam 5mg / ml 2ml Amp', '0', 0, '0', NULL, '0', NULL, '0', NULL, '0', NULL, '0', 1, '0'), (220, '0', 1, '0', 'MED', '0', '141', '0', 'Diazepam 5mg Tab', '0', 0, '0', NULL, '0', NULL, '0', NULL, '0', NULL, '0', 1, '0'), (221, '0', 1, '0', 'MED', '0', '55', '0', 'Diclofenac 25mg/ml 3ml Amp', '0', 0, '0', NULL, '0', NULL, '0', NULL, '0', NULL, '0', 1, '0'), (222, '0', 1, '0', 'MED', '0', '142', '0', 'Diclofenac 50mg Tab', '0', 0, '0', NULL, '0', NULL, '0', NULL, '0', NULL, '0', 1, '0'), (223, '0', 1, '0', 'MED', '0', '143', '0', 'Diethylcarbamazine 50mg Tab', '0', 0, '0', NULL, '0', NULL, '0', NULL, '0', NULL, '0', 1, '0'), (224, '0', 1, '0', 'MED', '0', '144', '0', 'Digoxin 0.25 mg Tab', '0', 0, '0', NULL, '0', NULL, '0', NULL, '0', NULL, '0', 1, '0'), (225, '0', 1, '0', 'MED', '0', '56', '0', 'Digoxin 0.25 mg/ml 2ml Amp', '0', 0, '0', NULL, '0', NULL, '0', NULL, '0', NULL, '0', 1, '0'), (226, '0', 1, '0', 'MED', '0', '145', '0', 'Doxycycline 100mg Tab', '0', 0, '0', NULL, '0', NULL, '0', NULL, '0', NULL, '0', 1, '0'), (227, '0', 1, '0', 'MED', '0', '315', '0', 'Ear syringe rubber 60ml', '0', 0, '0', NULL, '0', NULL, '0', NULL, '0', NULL, '0', 1, '0'), (228, '0', 1, '0', 'MED', '0', '5', '0', 'EDTA Di- sodium salt 100g', '0', 0, '0', NULL, '0', NULL, '0', NULL, '0', NULL, '0', 1, '0'), (229, '0', 1, '0', 'MED', '0', '262', '0', 'Elastic Bandage 10cm x 4.5m', '0', 0, '0', NULL, '0', NULL, '0', NULL, '0', NULL, '0', 1, '0'), (230, '0', 1, '0', 'MED', '0', '263', '0', 'Elastic Bandage 7.5cm x 4.5m', '0', 0, '0', NULL, '0', NULL, '0', NULL, '0', NULL, '0', 1, '0'), (231, '0', 1, '0', 'MED', '0', '221', '0', 'Eosin Yellowish', '0', 0, '0', NULL, '0', NULL, '0', NULL, '0', NULL, '0', 1, '0'), (232, '0', 1, '0', 'MED', '0', '146', '0', 'Ephedrine 30mg Tab', '0', 0, '0', NULL, '0', NULL, '0', NULL, '0', NULL, '0', 1, '0'), (233, '0', 1, '0', 'MED', '0', '147', '0', 'Erythromycin 250mg Tab', '0', 0, '0', NULL, '0', NULL, '0', NULL, '0', NULL, '0', 1, '0'), (234, '0', 1, '0', 'MED', '0', '6', '0', 'Ethanol Absolute 1ltr', '0', 0, '0', NULL, '0', NULL, '0', NULL, '0', NULL, '0', 1, '0'), (235, '0', 1, '0', 'MED', '0', '257', '0', 'Eye Pad Sterile', '0', 0, '0', NULL, '0', NULL, '0', NULL, '0', NULL, '0', 1, '0'), (236, '0', 1, '0', 'MED', '0', '149', '0', 'Fansidar 500/25mg Tab', '0', 0, '0', NULL, '0', NULL, '0', NULL, '0', NULL, '0', 1, '0'), (237, '0', 1, '0', 'MED', '0', '148', '0', 'Fansidar 500/25mg Tab (50dosesx3)', '0', 0, '0', NULL, '0', NULL, '0', NULL, '0', NULL, '0', 1, '0'), (238, '0', 1, '0', 'MED', '0', '150', '0', 'Ferrous Sulphate 200mg Tab', '0', 0, '0', NULL, '0', NULL, '0', NULL, '0', NULL, '0', 1, '0'), (239, '0', 1, '0', 'MED', '0', '218', '0', 'Field stain A and B', '0', 0, '0', NULL, '0', NULL, '0', NULL, '0', NULL, '0', 1, '0'), (240, '0', 1, '0', 'MED', '0', '316', '0', 'First Aid kit', '0', 0, '0', NULL, '0', NULL, '0', NULL, '0', NULL, '0', 1, '0'), (241, '0', 1, '0', 'MED', '0', '152', '0', 'Fluconazole 100mg 24 Caps', '0', 0, '0', NULL, '0', NULL, '0', NULL, '0', NULL, '0', 1, '0'), (242, '0', 1, '0', 'MED', '0', '151', '0', 'Fluconazole 100mg Tab', '0', 0, '0', NULL, '0', NULL, '0', NULL, '0', NULL, '0', 1, '0'), (243, '0', 1, '0', 'MED', '0', '156', '0', 'Folic Acid 15mg Tab', '0', 0, '0', NULL, '0', NULL, '0', NULL, '0', NULL, '0', 1, '0'), (244, '0', 1, '0', 'MED', '0', '153', '0', 'Folic Acid 1mg Tab', '0', 0, '0', NULL, '0', NULL, '0', NULL, '0', NULL, '0', 1, '0'), (245, '0', 1, '0', 'MED', '0', '154', '0', 'Folic Acid 5mg Tab', '0', 0, '0', NULL, '0', NULL, '0', NULL, '0', NULL, '0', 1, '0'), (246, '0', 1, '0', 'MED', '0', '155', '0', 'Folic Acid/Ferrous Sulp 0.5/200mg Tab', '0', 0, '0', NULL, '0', NULL, '0', NULL, '0', NULL, '0', 1, '0'), (247, '0', 1, '0', 'MED', '0', '7', '0', 'Formaldehyde solution 35-38% 1ltr', '0', 0, '0', NULL, '0', NULL, '0', NULL, '0', NULL, '0', 1, '0'), (248, '0', 1, '0', 'MED', '0', '157', '0', 'Frusemide 40mg Tab', '0', 0, '0', NULL, '0', NULL, '0', NULL, '0', NULL, '0', 1, '0'), (249, '0', 1, '0', 'MED', '0', '57', '0', 'Furosemide 10mg/ml 2ml Amp', '0', 0, '0', NULL, '0', NULL, '0', NULL, '0', NULL, '0', 1, '0'), (250, '0', 1, '0', 'MED', '0', '318', '0', 'Gallipot stainless steel 200ml/10cm', '0', 0, '0', NULL, '0', NULL, '0', NULL, '0', NULL, '0', 1, '0'), (251, '0', 1, '0', 'MED', '0', '317', '0', 'Gallipot stainless steel 300ml/15cm', '0', 0, '0', NULL, '0', NULL, '0', NULL, '0', NULL, '0', 1, '0'), (252, '0', 1, '0', 'MED', '0', '265', '0', 'Gauze Bandage 10cm x 4m', '0', 0, '0', NULL, '0', NULL, '0', NULL, '0', NULL, '0', 1, '0'), (253, '0', 1, '0', 'MED', '0', '264', '0', 'Gauze Bandage 7.5cm x 3.65-4m', '0', 0, '0', NULL, '0', NULL, '0', NULL, '0', NULL, '0', 1, '0'), (254, '0', 1, '0', 'MED', '0', '268', '0', 'Gauze Hydrophylic 90cm x 91cm', '0', 0, '0', NULL, '0', NULL, '0', NULL, '0', NULL, '0', 1, '0'), (255, '0', 1, '0', 'MED', '0', '267', '0', 'Gauze Pads  Sterile 10cm x 10cm', '0', 0, '0', NULL, '0', NULL, '0', NULL, '0', NULL, '0', 1, '0'), (256, '0', 1, '0', 'MED', '0', '266', '0', 'Gauze Pads Non Sterile 10cm x 10cm', '0', 0, '0', NULL, '0', NULL, '0', NULL, '0', NULL, '0', 1, '0'), (257, '0', 1, '0', 'MED', '0', '219', '0', 'Genitian Violet', '0', 0, '0', NULL, '0', NULL, '0', NULL, '0', NULL, '0', 1, '0'), (258, '0', 1, '0', 'MED', '0', '194', '0', 'Gentamicin 0.3% eye/ear drops 10ml', '0', 0, '0', NULL, '0', NULL, '0', NULL, '0', NULL, '0', 1, '0'), (259, '0', 1, '0', 'MED', '0', '58', '0', 'Gentamicin 40mg/ml 2ml', '0', 0, '0', NULL, '0', NULL, '0', NULL, '0', NULL, '0', 1, '0'), (260, '0', 1, '0', 'MED', '0', '181', '0', 'Gentian Violet 25g Tin', '0', 0, '0', NULL, '0', NULL, '0', NULL, '0', NULL, '0', 1, '0'), (261, '0', 1, '0', 'MED', '0', '222', '0', 'Giemsa Stain', '0', 0, '0', NULL, '0', NULL, '0', NULL, '0', NULL, '0', 1, '0'), (262, '0', 1, '0', 'MED', '0', '158', '0', 'Glibenclamide 5mg Tab', '0', 0, '0', NULL, '0', NULL, '0', NULL, '0', NULL, '0', 1, '0'), (263, '0', 1, '0', 'MED', '0', '293', '0', 'Gloves Domestic', '0', 0, '0', NULL, '0', NULL, '0', NULL, '0', NULL, '0', 1, '0'), (264, '0', 1, '0', 'MED', '0', '295', '0', 'Gloves Gynaecological 7.5-8', '0', 0, '0', NULL, '0', NULL, '0', NULL, '0', NULL, '0', 1, '0'), (265, '0', 1, '0', 'MED', '0', '294', '0', 'Gloves High risk non sterile Medium', '0', 0, '0', NULL, '0', NULL, '0', NULL, '0', NULL, '0', 1, '0'), (266, '0', 1, '0', 'MED', '0', '297', '0', 'Gloves Non Sterile Large Disposable', '0', 0, '0', NULL, '0', NULL, '0', NULL, '0', NULL, '0', 1, '0'), (267, '0', 1, '0', 'MED', '0', '296', '0', 'Gloves Non Sterile Medium Disposable', '0', 0, '0', NULL, '0', NULL, '0', NULL, '0', NULL, '0', 1, '0'), (268, '0', 1, '0', 'MED', '0', '298', '0', 'Gloves Surgical Sterile 6', '0', 0, '0', NULL, '0', NULL, '0', NULL, '0', NULL, '0', 1, '0'), (269, '0', 1, '0', 'MED', '0', '299', '0', 'Gloves Surgical Sterile 6.5', '0', 0, '0', NULL, '0', NULL, '0', NULL, '0', NULL, '0', 1, '0'), (270, '0', 1, '0', 'MED', '0', '300', '0', 'Gloves Surgical Sterile 7', '0', 0, '0', NULL, '0', NULL, '0', NULL, '0', NULL, '0', 1, '0'), (271, '0', 1, '0', 'MED', '0', '301', '0', 'Gloves Surgical Sterile 7.5', '0', 0, '0', NULL, '0', NULL, '0', NULL, '0', NULL, '0', 1, '0'), (272, '0', 1, '0', 'MED', '0', '302', '0', 'Gloves Surgical Sterile 8', '0', 0, '0', NULL, '0', NULL, '0', NULL, '0', NULL, '0', 1, '0'), (273, '0', 1, '0', 'MED', '0', '303', '0', 'Gloves Surgical Sterile 8.5', '0', 0, '0', NULL, '0', NULL, '0', NULL, '0', NULL, '0', 1, '0'), (274, '0', 1, '0', 'MED', '0', '396', '0', 'Glucose GOD PAD  6 x 100ml (Colorimetric)', '0', 0, '0', NULL, '0', NULL, '0', NULL, '0', NULL, '0', 1, '0'), (275, '0', 1, '0', 'MED', '0', '1', '0', 'Glucose Test Strip', '0', 0, '0', NULL, '0', NULL, '0', NULL, '0', NULL, '0', 1, '0'), (276, '0', 1, '0', 'MED', '0', '397', '0', 'Glucose Test Strips (Hyloguard)', '0', 0, '0', NULL, '0', NULL, '0', NULL, '0', NULL, '0', 1, '0'), (277, '0', 1, '0', 'MED', '0', '32', '0', 'GOT ( AST) 200ml (Calorimetric) AS 147', '0', 0, '0', NULL, '0', NULL, '0', NULL, '0', NULL, '0', 1, '0'), (278, '0', 1, '0', 'MED', '0', '31', '0', 'GOT ( AST) 200ml has no NAOH) AS 101', '0', 0, '0', NULL, '0', NULL, '0', NULL, '0', NULL, '0', 1, '0'), (279, '0', 1, '0', 'MED', '0', '30', '0', 'GPT (ALT) 200ml ( Does not have NAOH)', '0', 0, '0', NULL, '0', NULL, '0', NULL, '0', NULL, '0', 1, '0'), (280, '0', 1, '0', 'MED', '0', '159', '0', 'Griseofulvin 500mg Tab', '0', 0, '0', NULL, '0', NULL, '0', NULL, '0', NULL, '0', 1, '0'), (281, '0', 1, '0', 'MED', '0', '161', '0', 'Haloperidol 5mg', '0', 0, '0', NULL, '0', NULL, '0', NULL, '0', NULL, '0', 1, '0'), (282, '0', 1, '0', 'MED', '0', '160', '0', 'Haloperidol 5mg Tab', '0', 0, '0', NULL, '0', NULL, '0', NULL, '0', NULL, '0', 1, '0'), (283, '0', 1, '0', 'MED', '0', '59', '0', 'Haloperidol 5mg/ml 1ml Amp', '0', 0, '0', NULL, '0', NULL, '0', NULL, '0', NULL, '0', 1, '0'), (284, '0', 1, '0', 'MED', '0', '60', '0', 'Haloperidol Decanoate 50mg/ml 1ml Amp', '0', 0, '0', NULL, '0', NULL, '0', NULL, '0', NULL, '0', 1, '0'), (285, '0', 1, '0', 'MED', '0', '359', '0', 'Handle for surgical blade No 3', '0', 0, '0', NULL, '0', NULL, '0', NULL, '0', NULL, '0', 1, '0'), (286, '0', 1, '0', 'MED', '0', '360', '0', 'Handle for surgical blade No 4', '0', 0, '0', NULL, '0', NULL, '0', NULL, '0', NULL, '0', 1, '0'), (287, '0', 1, '0', 'MED', '0', '33', '0', 'HIV 1/2 Capillus Kit 100Tests', '0', 0, '0', NULL, '0', NULL, '0', NULL, '0', NULL, '0', 1, '0'), (288, '0', 1, '0', 'MED', '0', '34', '0', 'HIV Buffer for determine Kit', '0', 0, '0', NULL, '0', NULL, '0', NULL, '0', NULL, '0', 1, '0'), (289, '0', 1, '0', 'MED', '0', '35', '0', 'HIV Determine 1/11 (Abbott) 100Tests', '0', 0, '0', NULL, '0', NULL, '0', NULL, '0', NULL, '0', 1, '0'), (290, '0', 1, '0', 'MED', '0', '36', '0', 'HIV UNIGOLD 1/11 Test Kits 20 Tests', '0', 0, '0', NULL, '0', NULL, '0', NULL, '0', NULL, '0', 1, '0'), (291, '0', 1, '0', 'MED', '0', '319', '0', 'Hot water Bottle 2Ltr', '0', 0, '0', NULL, '0', NULL, '0', NULL, '0', NULL, '0', 1, '0'), (292, '0', 1, '0', 'MED', '0', '61', '0', 'Hydralazine 20mg Vial', '0', 0, '0', NULL, '0', NULL, '0', NULL, '0', NULL, '0', 1, '0'), (293, '0', 1, '0', 'MED', '0', '162', '0', 'Hydralazine 25mg Tab', '0', 0, '0', NULL, '0', NULL, '0', NULL, '0', NULL, '0', 1, '0'), (294, '0', 1, '0', 'MED', '0', '8', '0', 'Hydrochloric Acid 30-33% 1ltr', '0', 0, '0', NULL, '0', NULL, '0', NULL, '0', NULL, '0', 1, '0'), (295, '0', 1, '0', 'MED', '0', '195', '0', 'Hydrocortisone 1% eye drops 5ml', '0', 0, '0', NULL, '0', NULL, '0', NULL, '0', NULL, '0', 1, '0'), (296, '0', 1, '0', 'MED', '0', '62', '0', 'Hydrocortisone 100mg Vial', '0', 0, '0', NULL, '0', NULL, '0', NULL, '0', NULL, '0', 1, '0'), (297, '0', 1, '0', 'MED', '0', '182', '0', 'Hydrogen Peroxide 6% 250ml', '0', 0, '0', NULL, '0', NULL, '0', NULL, '0', NULL, '0', 1, '0'), (298, '0', 1, '0', 'MED', '0', '163', '0', 'Hyoscine 10mg Tab', '0', 0, '0', NULL, '0', NULL, '0', NULL, '0', NULL, '0', 1, '0'), (299, '0', 1, '0', 'MED', '0', '63', '0', 'Hyoscine Butyl Bromide 20mg/ml/ Amp', '0', 0, '0', NULL, '0', NULL, '0', NULL, '0', NULL, '0', 1, '0'), (300, '0', 1, '0', 'MED', '0', '164', '0', 'Ibuprofen 200mg Tab', '0', 0, '0', NULL, '0', NULL, '0', NULL, '0', NULL, '0', 1, '0'), (301, '0', 1, '0', 'MED', '0', '165', '0', 'Imipramine 25mg Tab', '0', 0, '0', NULL, '0', NULL, '0', NULL, '0', NULL, '0', 1, '0'), (302, '0', 1, '0', 'MED', '0', '166', '0', 'Indomethacin 25mg Tab', '0', 0, '0', NULL, '0', NULL, '0', NULL, '0', NULL, '0', 1, '0'), (303, '0', 1, '0', 'MED', '0', '351', '0', 'Insectcide Spray 400g', '0', 0, '0', NULL, '0', NULL, '0', NULL, '0', NULL, '0', 1, '0'), (304, '0', 1, '0', 'MED', '0', '320', '0', 'Instrument Box With Lid 20x10x5cm', '0', 0, '0', NULL, '0', NULL, '0', NULL, '0', NULL, '0', 1, '0'), (305, '0', 1, '0', 'MED', '0', '321', '0', 'Instrument Tray 30 x 20 x 2cm', '0', 0, '0', NULL, '0', NULL, '0', NULL, '0', NULL, '0', 1, '0'), (306, '0', 1, '0', 'MED', '0', '65', '0', 'Insulin Isophane 100IU/ml 10ml Vial', '0', 0, '0', NULL, '0', NULL, '0', NULL, '0', NULL, '0', 1, '0'), (307, '0', 1, '0', 'MED', '0', '68', '0', 'Insulin Isophane 40IU/ml 10ml', '0', 0, '0', NULL, '0', NULL, '0', NULL, '0', NULL, '0', 1, '0'), (308, '0', 1, '0', 'MED', '0', '66', '0', 'Insulin Mixtard 30/70 100IU/ml 10ml Vial', '0', 0, '0', NULL, '0', NULL, '0', NULL, '0', NULL, '0', 1, '0'), (309, '0', 1, '0', 'MED', '0', '67', '0', 'Insulin Mixtard 30/70 100IU/ml 5x3ml catridges', '0', 0, '0', NULL, '0', NULL, '0', NULL, '0', NULL, '0', 1, '0'), (310, '0', 1, '0', 'MED', '0', '64', '0', 'Insulin Soluble 100IU/ml 10ml Vial', '0', 0, '0', NULL, '0', NULL, '0', NULL, '0', NULL, '0', 1, '0'), (311, '0', 1, '0', 'MED', '0', '226', '0', 'Insulin Syringe 100IU with Needle G26/29', '0', 0, '0', NULL, '0', NULL, '0', NULL, '0', NULL, '0', 1, '0'), (312, '0', 1, '0', 'MED', '0', '9', '0', 'Iodine Crystal 100g', '0', 0, '0', NULL, '0', NULL, '0', NULL, '0', NULL, '0', 1, '0'), (313, '0', 1, '0', 'MED', '0', '183', '0', 'Iodine Solution 2% 500ml', '0', 0, '0', NULL, '0', NULL, '0', NULL, '0', NULL, '0', 1, '0'), (314, '0', 1, '0', 'MED', '0', '69', '0', 'Iron Dextran 10mg/ml 2ml Vial', '0', 0, '0', NULL, '0', NULL, '0', NULL, '0', NULL, '0', 1, '0'), (315, '0', 1, '0', 'MED', '0', '322', '0', 'Irrigation can with accessories', '0', 0, '0', NULL, '0', NULL, '0', NULL, '0', NULL, '0', 1, '0'), (316, '0', 1, '0', 'MED', '0', '167', '0', 'Isoniazid 300mg Tab', '0', 0, '0', NULL, '0', NULL, '0', NULL, '0', NULL, '0', 1, '0'), (317, '0', 1, '0', 'MED', '0', '227', '0', 'IV Cannula G16 with Port', '0', 0, '0', NULL, '0', NULL, '0', NULL, '0', NULL, '0', 1, '0'), (318, '0', 1, '0', 'MED', '0', '228', '0', 'IV Cannula G18 with Port', '0', 0, '0', NULL, '0', NULL, '0', NULL, '0', NULL, '0', 1, '0'), (319, '0', 1, '0', 'MED', '0', '229', '0', 'IV Cannula G20 with Port', '0', 0, '0', NULL, '0', NULL, '0', NULL, '0', NULL, '0', 1, '0'), (320, '0', 1, '0', 'MED', '0', '230', '0', 'IV Cannula G22 with Port', '0', 0, '0', NULL, '0', NULL, '0', NULL, '0', NULL, '0', 1, '0'), (321, '0', 1, '0', 'MED', '0', '232', '0', 'IV Cannula G24 with Port', '0', 0, '0', NULL, '0', NULL, '0', NULL, '0', NULL, '0', 1, '0'), (322, '0', 1, '0', 'MED', '0', '231', '0', 'IV Cannula G24 without Port', '0', 0, '0', NULL, '0', NULL, '0', NULL, '0', NULL, '0', 1, '0'), (323, '0', 1, '0', 'MED', '0', '233', '0', 'IV Giving set Disposable', '0', 0, '0', NULL, '0', NULL, '0', NULL, '0', NULL, '0', 1, '0'), (324, '0', 1, '0', 'MED', '0', '71', '0', 'Ketamine 10mg/ml 10ml Vial', '0', 0, '0', NULL, '0', NULL, '0', NULL, '0', NULL, '0', 1, '0'), (325, '0', 1, '0', 'MED', '0', '70', '0', 'Ketamine 10mg/ml 20ml Vial', '0', 0, '0', NULL, '0', NULL, '0', NULL, '0', NULL, '0', 1, '0'), (326, '0', 1, '0', 'MED', '0', '168', '0', 'Ketoconazole 200mg Tab', '0', 0, '0', NULL, '0', NULL, '0', NULL, '0', NULL, '0', 1, '0'), (327, '0', 1, '0', 'MED', '0', '325', '0', 'Kidney Dish Polypropylene 24cm', '0', 0, '0', NULL, '0', NULL, '0', NULL, '0', NULL, '0', 1, '0'), (328, '0', 1, '0', 'MED', '0', '324', '0', 'Kidney Dish stainless Steel 20cm', '0', 0, '0', NULL, '0', NULL, '0', NULL, '0', NULL, '0', 1, '0'), (329, '0', 1, '0', 'MED', '0', '323', '0', 'Kidney Dish stainless Steel 24cm', '0', 0, '0', NULL, '0', NULL, '0', NULL, '0', NULL, '0', 1, '0'), (330, '0', 1, '0', 'MED', '0', '376', '0', 'Lead Apron 100cmx60cm', '0', 0, '0', NULL, '0', NULL, '0', NULL, '0', NULL, '0', 1, '0'), (331, '0', 1, '0', 'MED', '0', '72', '0', 'Lignocaine 2% 20ml Vial', '0', 0, '0', NULL, '0', NULL, '0', NULL, '0', NULL, '0', 1, '0'), (332, '0', 1, '0', 'MED', '0', '73', '0', 'Lignocaine 2% Adrenaline Dent.cartridges', '0', 0, '0', NULL, '0', NULL, '0', NULL, '0', NULL, '0', 1, '0'), (333, '0', 1, '0', 'MED', '0', '74', '0', 'Lignocaine spinal 50mg/ml 2ml Amp', '0', 0, '0', NULL, '0', NULL, '0', NULL, '0', NULL, '0', 1, '0'), (334, '0', 1, '0', 'MED', '0', '187', '0', 'Liquid detergent 20Ltr', '0', 0, '0', NULL, '0', NULL, '0', NULL, '0', NULL, '0', 1, '0'), (335, '0', 1, '0', 'MED', '0', '185', '0', 'liquid detergent 5Ltr Perfumed', '0', 0, '0', NULL, '0', NULL, '0', NULL, '0', NULL, '0', 1, '0'), (336, '0', 1, '0', 'MED', '0', '326', '0', 'Mackintosh Plastic (Apron) per 1m', '0', 0, '0', NULL, '0', NULL, '0', NULL, '0', NULL, '0', 1, '0'), (337, '0', 1, '0', 'MED', '0', '327', '0', 'Mackintosh Rubber Brown (sheeting) per 1m', '0', 0, '0', NULL, '0', NULL, '0', NULL, '0', NULL, '0', 1, '0'), (338, '0', 1, '0', 'MED', '0', '328', '0', 'Measuring Cup Graduated 25ml', '0', 0, '0', NULL, '0', NULL, '0', NULL, '0', NULL, '0', 1, '0'), (339, '0', 1, '0', 'MED', '0', '10', '0', 'Methanol 99% 1ltr', '0', 0, '0', NULL, '0', NULL, '0', NULL, '0', NULL, '0', 1, '0'), (340, '0', 1, '0', 'MED', '0', '75', '0', 'Methylergomeatrine 0.2mg/ml 1ml Amp', '0', 0, '0', NULL, '0', NULL, '0', NULL, '0', NULL, '0', 1, '0'), (341, '0', 1, '0', 'MED', '0', '76', '0', 'Methylergomeatrine 0.5mg/ml 1ml Amp', '0', 0, '0', NULL, '0', NULL, '0', NULL, '0', NULL, '0', 1, '0'), (342, '0', 1, '0', 'MED', '0', '77', '0', 'Metoclopramide 5mg/ml 100ml Amp', '0', 0, '0', NULL, '0', NULL, '0', NULL, '0', NULL, '0', 1, '0'), (343, '0', 1, '0', 'MED', '0', '78', '0', 'Metronidazole 5mg/ml 2ml IV', '0', 0, '0', NULL, '0', NULL, '0', NULL, '0', NULL, '0', 1, '0'), (344, '0', 1, '0', 'MED', '0', '79', '0', 'Morphine 15mg/ml 1ml Amp', '0', 0, '0', NULL, '0', NULL, '0', NULL, '0', NULL, '0', 1, '0'), (345, '0', 1, '0', 'MED', '0', '353', '0', 'Mosquito Net Impregnated Large', '0', 0, '0', NULL, '0', NULL, '0', NULL, '0', NULL, '0', 1, '0'), (346, '0', 1, '0', 'MED', '0', '352', '0', 'Mosquito Net Impregnated Medium', '0', 0, '0', NULL, '0', NULL, '0', NULL, '0', NULL, '0', 1, '0'), (347, '0', 1, '0', 'MED', '0', '357', '0', 'Mosquito Net Impregnation Liquid 500ml', '0', 0, '0', NULL, '0', NULL, '0', NULL, '0', NULL, '0', 1, '0'), (348, '0', 1, '0', 'MED', '0', '356', '0', 'Mosquito Net Impregnation Tablet', '0', 0, '0', NULL, '0', NULL, '0', NULL, '0', NULL, '0', 1, '0'), (349, '0', 1, '0', 'MED', '0', '355', '0', 'Mosquito Net Non Impregnated Large', '0', 0, '0', NULL, '0', NULL, '0', NULL, '0', NULL, '0', 1, '0'), (350, '0', 1, '0', 'MED', '0', '354', '0', 'Mosquito Net Non Impregnated Medium', '0', 0, '0', NULL, '0', NULL, '0', NULL, '0', NULL, '0', 1, '0'), (351, '0', 1, '0', 'MED', '0', '358', '0', 'Mosquito Wall spray Powder 80g', '0', 0, '0', NULL, '0', NULL, '0', NULL, '0', NULL, '0', 1, '0'), (352, '0', 1, '0', 'MED', '0', '282', '0', 'Nasogastric Tube G10 (Children)', '0', 0, '0', NULL, '0', NULL, '0', NULL, '0', NULL, '0', 1, '0'), (353, '0', 1, '0', 'MED', '0', '283', '0', 'Nasogastric Tube G14 (Children)', '0', 0, '0', NULL, '0', NULL, '0', NULL, '0', NULL, '0', 1, '0'), (354, '0', 1, '0', 'MED', '0', '284', '0', 'Nasogastric Tube G16 (Children)', '0', 0, '0', NULL, '0', NULL, '0', NULL, '0', NULL, '0', 1, '0'), (355, '0', 1, '0', 'MED', '0', '279', '0', 'Nasogastric Tube G5 (Children)', '0', 0, '0', NULL, '0', NULL, '0', NULL, '0', NULL, '0', 1, '0'), (356, '0', 1, '0', 'MED', '0', '281', '0', 'Nasogastric Tube G6 (Children)', '0', 0, '0', NULL, '0', NULL, '0', NULL, '0', NULL, '0', 1, '0'), (357, '0', 1, '0', 'MED', '0', '280', '0', 'Nasogastric Tube G8 (Children)', '0', 0, '0', NULL, '0', NULL, '0', NULL, '0', NULL, '0', 1, '0'), (358, '0', 1, '0', 'MED', '0', '331', '0', 'Neck Support Large', '0', 0, '0', NULL, '0', NULL, '0', NULL, '0', NULL, '0', 1, '0'), (359, '0', 1, '0', 'MED', '0', '330', '0', 'Neck Support Medium', '0', 0, '0', NULL, '0', NULL, '0', NULL, '0', NULL, '0', 1, '0'), (360, '0', 1, '0', 'MED', '0', '329', '0', 'Neck Support Small', '0', 0, '0', NULL, '0', NULL, '0', NULL, '0', NULL, '0', 1, '0'), (361, '0', 1, '0', 'MED', '0', '234', '0', 'Needle container disposable of contaminated', '0', 0, '0', NULL, '0', NULL, '0', NULL, '0', NULL, '0', 1, '0'), (362, '0', 1, '0', 'MED', '0', '366', '0', 'Needle suture No 5 cutting', '0', 0, '0', NULL, '0', NULL, '0', NULL, '0', NULL, '0', 1, '0'), (363, '0', 1, '0', 'MED', '0', '365', '0', 'Needle suture No 5 round', '0', 0, '0', NULL, '0', NULL, '0', NULL, '0', NULL, '0', 1, '0'), (364, '0', 1, '0', 'MED', '0', '367', '0', 'Needle suture No 6 Round', '0', 0, '0', NULL, '0', NULL, '0', NULL, '0', NULL, '0', 1, '0'), (365, '0', 1, '0', 'MED', '0', '235', '0', 'Needles Luer G20 Disposable', '0', 0, '0', NULL, '0', NULL, '0', NULL, '0', NULL, '0', 1, '0'), (366, '0', 1, '0', 'MED', '0', '236', '0', 'Needles Luer G21 Disposable', '0', 0, '0', NULL, '0', NULL, '0', NULL, '0', NULL, '0', 1, '0'), (367, '0', 1, '0', 'MED', '0', '237', '0', 'Needles Luer G22 Disposable', '0', 0, '0', NULL, '0', NULL, '0', NULL, '0', NULL, '0', 1, '0'), (368, '0', 1, '0', 'MED', '0', '238', '0', 'Needles Luer G23 Disposable', '0', 0, '0', NULL, '0', NULL, '0', NULL, '0', NULL, '0', 1, '0'), (369, '0', 1, '0', 'MED', '0', '239', '0', 'Needles Spinal G20x75-120mm', '0', 0, '0', NULL, '0', NULL, '0', NULL, '0', NULL, '0', 1, '0'), (370, '0', 1, '0', 'MED', '0', '242', '0', 'Needles Spinal G22x40mm', '0', 0, '0', NULL, '0', NULL, '0', NULL, '0', NULL, '0', 1, '0'), (371, '0', 1, '0', 'MED', '0', '240', '0', 'Needles Spinal G22x75-120mm', '0', 0, '0', NULL, '0', NULL, '0', NULL, '0', NULL, '0', 1, '0'), (372, '0', 1, '0', 'MED', '0', '241', '0', 'Needles Spinal G25x75-120mm', '0', 0, '0', NULL, '0', NULL, '0', NULL, '0', NULL, '0', 1, '0'), (373, '0', 1, '0', 'MED', '0', '220', '0', 'Neutral Red', '0', 0, '0', NULL, '0', NULL, '0', NULL, '0', NULL, '0', 1, '0'), (374, '0', 1, '0', 'MED', '0', '26', '0', 'Non 111 Chloride (Ferric chloride)', '0', 0, '0', NULL, '0', NULL, '0', NULL, '0', NULL, '0', 1, '0'), (375, '0', 1, '0', 'MED', '0', '205', '0', 'Nystatin 100.000 IU Pessaries', '0', 0, '0', NULL, '0', NULL, '0', NULL, '0', NULL, '0', 1, '0'), (376, '0', 1, '0', 'MED', '0', '212', '0', 'Nystatin 500.000IU/ Susp/ Drops', '0', 0, '0', NULL, '0', NULL, '0', NULL, '0', NULL, '0', 1, '0'), (377, '0', 1, '0', 'MED', '0', '174', '0', 'Oral Rehydration Salt (ORS)', '0', 0, '0', NULL, '0', NULL, '0', NULL, '0', NULL, '0', 1, '0'), (378, '0', 1, '0', 'MED', '0', '80', '0', 'Oxytocin 10 IU/ml 1ml Amp', '0', 0, '0', NULL, '0', NULL, '0', NULL, '0', NULL, '0', 1, '0'), (379, '0', 1, '0', 'MED', '0', '176', '0', 'Paracetamol 120mg/5ml 100ml', '0', 0, '0', NULL, '0', NULL, '0', NULL, '0', NULL, '0', 1, '0'), (380, '0', 1, '0', 'MED', '0', '175', '0', 'Paracetamol 120mg/5ml Syrup', '0', 0, '0', NULL, '0', NULL, '0', NULL, '0', NULL, '0', 1, '0'), (381, '0', 1, '0', 'MED', '0', '81', '0', 'Pethidine 100mg/ml 2ml Amp', '0', 0, '0', NULL, '0', NULL, '0', NULL, '0', NULL, '0', 1, '0'), (382, '0', 1, '0', 'MED', '0', '82', '0', 'Pethidine 50mg/ml 1ml Amp', '0', 0, '0', NULL, '0', NULL, '0', NULL, '0', NULL, '0', 1, '0'), (383, '0', 1, '0', 'MED', '0', '83', '0', 'Phenobarbital 100mg/ml 2ml Amp', '0', 0, '0', NULL, '0', NULL, '0', NULL, '0', NULL, '0', 1, '0'), (384, '0', 1, '0', 'MED', '0', '11', '0', 'Phenol crystals 1kg', '0', 0, '0', NULL, '0', NULL, '0', NULL, '0', NULL, '0', 1, '0'), (385, '0', 1, '0', 'MED', '0', '84', '0', 'Phytomenadione 10mg/ml 1ml Amp', '0', 0, '0', NULL, '0', NULL, '0', NULL, '0', NULL, '0', 1, '0'), (386, '0', 1, '0', 'MED', '0', '85', '0', 'Phytomenadione 1mg/ml 1ml Amp', '0', 0, '0', NULL, '0', NULL, '0', NULL, '0', NULL, '0', 1, '0'), (387, '0', 1, '0', 'MED', '0', '269', '0', 'Plaster of Paris 10cm', '0', 0, '0', NULL, '0', NULL, '0', NULL, '0', NULL, '0', 1, '0'), (388, '0', 1, '0', 'MED', '0', '270', '0', 'Plaster of Paris 15cm', '0', 0, '0', NULL, '0', NULL, '0', NULL, '0', NULL, '0', 1, '0'), (389, '0', 1, '0', 'MED', '0', '12', '0', 'Potassium iodide 100g', '0', 0, '0', NULL, '0', NULL, '0', NULL, '0', NULL, '0', 1, '0'), (390, '0', 1, '0', 'MED', '0', '21', '0', 'Potassium Oxalate', '0', 0, '0', NULL, '0', NULL, '0', NULL, '0', NULL, '0', 1, '0'), (391, '0', 1, '0', 'MED', '0', '37', '0', 'Pregnacy ( HGG Latex) 50 tests', '0', 0, '0', NULL, '0', NULL, '0', NULL, '0', NULL, '0', 1, '0'), (392, '0', 1, '0', 'MED', '0', '86', '0', 'Procaine Penicillin Fortified 4 MIU Vial', '0', 0, '0', NULL, '0', NULL, '0', NULL, '0', NULL, '0', 1, '0'), (393, '0', 1, '0', 'MED', '0', '87', '0', 'Promethazine 25mg/ml 2ml Amp', '0', 0, '0', NULL, '0', NULL, '0', NULL, '0', NULL, '0', 1, '0'), (394, '0', 1, '0', 'MED', '0', '213', '0', 'Pyridoxine 50mg Tab', '0', 0, '0', NULL, '0', NULL, '0', NULL, '0', NULL, '0', 1, '0'), (395, '0', 1, '0', 'MED', '0', '177', '0', 'Quinine 100mg/5ml Syrup 100ml', '0', 0, '0', NULL, '0', NULL, '0', NULL, '0', NULL, '0', 1, '0'), (396, '0', 1, '0', 'MED', '0', '214', '0', 'Quinine 300mg Tab', '0', 0, '0', NULL, '0', NULL, '0', NULL, '0', NULL, '0', 1, '0'), (397, '0', 1, '0', 'MED', '0', '88', '0', 'Quinine Di-HCI 300mg/ml 2ml Amp', '0', 0, '0', NULL, '0', NULL, '0', NULL, '0', NULL, '0', 1, '0'), (398, '0', 1, '0', 'MED', '0', '215', '0', 'Ranitidine 150mg Tab', '0', 0, '0', NULL, '0', NULL, '0', NULL, '0', NULL, '0', 1, '0'), (399, '0', 1, '0', 'MED', '0', '89', '0', 'Ranitidine 25mg/ml 2ml Amp', '0', 0, '0', NULL, '0', NULL, '0', NULL, '0', NULL, '0', 1, '0'), (400, '0', 1, '0', 'MED', '0', '336', '0', 'Razor Blades Disposable 5pc', '0', 0, '0', NULL, '0', NULL, '0', NULL, '0', NULL, '0', 1, '0'), (401, '0', 1, '0', 'MED', '0', '285', '0', 'Rectal Tube CH24', '0', 0, '0', NULL, '0', NULL, '0', NULL, '0', NULL, '0', 1, '0'), (402, '0', 1, '0', 'MED', '0', '286', '0', 'Rectal Tube CH26', '0', 0, '0', NULL, '0', NULL, '0', NULL, '0', NULL, '0', 1, '0'), (403, '0', 1, '0', 'MED', '0', '216', '0', 'Rifampicin/Isoniazid 150/100 Tab', '0', 0, '0', NULL, '0', NULL, '0', NULL, '0', NULL, '0', 1, '0'), (404, '0', 1, '0', 'MED', '0', '39', '0', 'RPR ( VDRL Carbon ) Antigen 5ml', '0', 0, '0', NULL, '0', NULL, '0', NULL, '0', NULL, '0', 1, '0'), (405, '0', 1, '0', 'MED', '0', '38', '0', 'RPR 125mm x 75mm', '0', 0, '0', NULL, '0', NULL, '0', NULL, '0', NULL, '0', 1, '0'), (406, '0', 1, '0', 'MED', '0', '169', '0', 'Salbutamol 4mg Tab', '0', 0, '0', NULL, '0', NULL, '0', NULL, '0', NULL, '0', 1, '0'), (407, '0', 1, '0', 'MED', '0', '200', '0', 'Salbutamol Inhaler 10ml', '0', 0, '0', NULL, '0', NULL, '0', NULL, '0', NULL, '0', 1, '0'), (408, '0', 1, '0', 'MED', '0', '199', '0', 'Salbutamol solution for inhalation 5ml', '0', 0, '0', NULL, '0', NULL, '0', NULL, '0', NULL, '0', 1, '0'), (409, '0', 1, '0', 'MED', '0', '243', '0', 'Scalp Vein G19 Infusion set', '0', 0, '0', NULL, '0', NULL, '0', NULL, '0', NULL, '0', 1, '0'), (410, '0', 1, '0', 'MED', '0', '244', '0', 'Scalp Vein G21 Infusion set', '0', 0, '0', NULL, '0', NULL, '0', NULL, '0', NULL, '0', 1, '0'), (411, '0', 1, '0', 'MED', '0', '245', '0', 'Scalp Vein G23 Infusion set', '0', 0, '0', NULL, '0', NULL, '0', NULL, '0', NULL, '0', 1, '0'), (412, '0', 1, '0', 'MED', '0', '246', '0', 'Scalp Vein G25 Infusion set', '0', 0, '0', NULL, '0', NULL, '0', NULL, '0', NULL, '0', 1, '0'), (413, '0', 1, '0', 'MED', '0', '186', '0', 'Soap Blue Bar 550g', '0', 0, '0', NULL, '0', NULL, '0', NULL, '0', NULL, '0', 1, '0'), (414, '0', 1, '0', 'MED', '0', '188', '0', 'Soap Powder Hand wash 5kg', '0', 0, '0', NULL, '0', NULL, '0', NULL, '0', NULL, '0', 1, '0'), (415, '0', 1, '0', 'MED', '0', '27', '0', 'Sodium Carbonate Anhydrous', '0', 0, '0', NULL, '0', NULL, '0', NULL, '0', NULL, '0', 1, '0'), (416, '0', 1, '0', 'MED', '0', '13', '0', 'Sodium Carbonate Anhydrous 500g', '0', 0, '0', NULL, '0', NULL, '0', NULL, '0', NULL, '0', 1, '0'), (417, '0', 1, '0', 'MED', '0', '96', '0', 'Sodium Chloride 0.9% IV 500ml', '0', 0, '0', NULL, '0', NULL, '0', NULL, '0', NULL, '0', 1, '0'), (418, '0', 1, '0', 'MED', '0', '217', '0', 'Sodium Chloride Apyrogen 50kg', '0', 0, '0', NULL, '0', NULL, '0', NULL, '0', NULL, '0', 1, '0'), (419, '0', 1, '0', 'MED', '0', '14', '0', 'Sodium Citrate 100g', '0', 0, '0', NULL, '0', NULL, '0', NULL, '0', NULL, '0', 1, '0'), (420, '0', 1, '0', 'MED', '0', '20', '0', 'Sodium Fluoride', '0', 0, '0', NULL, '0', NULL, '0', NULL, '0', NULL, '0', 1, '0'), (421, '0', 1, '0', 'MED', '0', '184', '0', 'Sodium Hypochlorite solution 0.75 Ltr', '0', 0, '0', NULL, '0', NULL, '0', NULL, '0', NULL, '0', 1, '0'), (422, '0', 1, '0', 'MED', '0', '189', '0', 'Sodium Hypochlorite solution 5Ltr', '0', 0, '0', NULL, '0', NULL, '0', NULL, '0', NULL, '0', 1, '0'), (423, '0', 1, '0', 'MED', '0', '97', '0', 'Sodium Lactate Compound IV 500ml', '0', 0, '0', NULL, '0', NULL, '0', NULL, '0', NULL, '0', 1, '0'), (424, '0', 1, '0', 'MED', '0', '16', '0', 'Sodium Nitrate 25g', '0', 0, '0', NULL, '0', NULL, '0', NULL, '0', NULL, '0', 1, '0'), (425, '0', 1, '0', 'MED', '0', '15', '0', 'Sodium Sulphate 500g', '0', 0, '0', NULL, '0', NULL, '0', NULL, '0', NULL, '0', 1, '0'), (426, '0', 1, '0', 'MED', '0', '170', '0', 'Spironolactone 25mg Tab', '0', 0, '0', NULL, '0', NULL, '0', NULL, '0', NULL, '0', 1, '0'), (427, '0', 1, '0', 'MED', '0', '332', '0', 'Spoon Medicine 5ml', '0', 0, '0', NULL, '0', NULL, '0', NULL, '0', NULL, '0', 1, '0'), (428, '0', 1, '0', 'MED', '0', '337', '0', 'Stethoscope Foetal Metal', '0', 0, '0', NULL, '0', NULL, '0', NULL, '0', NULL, '0', 1, '0'), (429, '0', 1, '0', 'MED', '0', '338', '0', 'Stethoscope Foetal Wood', '0', 0, '0', NULL, '0', NULL, '0', NULL, '0', NULL, '0', 1, '0'), (430, '0', 1, '0', 'MED', '0', '90', '0', 'Streptomycin 1g Vial', '0', 0, '0', NULL, '0', NULL, '0', NULL, '0', NULL, '0', 1, '0'), (431, '0', 1, '0', 'MED', '0', '292', '0', 'Suction Catheter Size 10 Disposable', '0', 0, '0', NULL, '0', NULL, '0', NULL, '0', NULL, '0', 1, '0'), (432, '0', 1, '0', 'MED', '0', '290', '0', 'Suction Catheter Size 12 Disposable', '0', 0, '0', NULL, '0', NULL, '0', NULL, '0', NULL, '0', 1, '0'), (433, '0', 1, '0', 'MED', '0', '291', '0', 'Suction Catheter Size 14 Disposable', '0', 0, '0', NULL, '0', NULL, '0', NULL, '0', NULL, '0', 1, '0'), (434, '0', 1, '0', 'MED', '0', '289', '0', 'Suction Catheter Size 16 Disposable', '0', 0, '0', NULL, '0', NULL, '0', NULL, '0', NULL, '0', 1, '0'), (435, '0', 1, '0', 'MED', '0', '287', '0', 'Suction Catheter Size 6 Disposable', '0', 0, '0', NULL, '0', NULL, '0', NULL, '0', NULL, '0', 1, '0'), (436, '0', 1, '0', 'MED', '0', '288', '0', 'Suction Catheter Size 8 Disposable', '0', 0, '0', NULL, '0', NULL, '0', NULL, '0', NULL, '0', 1, '0'), (437, '0', 1, '0', 'MED', '0', '17', '0', 'Sulphosalicylic Acid 500g', '0', 0, '0', NULL, '0', NULL, '0', NULL, '0', NULL, '0', 1, '0'), (438, '0', 1, '0', 'MED', '0', '18', '0', 'Sulphuric Acid Conc 1ltr', '0', 0, '0', NULL, '0', NULL, '0', NULL, '0', NULL, '0', 1, '0'), (439, '0', 1, '0', 'MED', '0', '361', '0', 'Surgical Blades No 20', '0', 0, '0', NULL, '0', NULL, '0', NULL, '0', NULL, '0', 1, '0'), (440, '0', 1, '0', 'MED', '0', '362', '0', 'Surgical Blades No 21', '0', 0, '0', NULL, '0', NULL, '0', NULL, '0', NULL, '0', 1, '0'), (441, '0', 1, '0', 'MED', '0', '363', '0', 'Surgical Blades No 22', '0', 0, '0', NULL, '0', NULL, '0', NULL, '0', NULL, '0', 1, '0'), (442, '0', 1, '0', 'MED', '0', '364', '0', 'Surgical Blades No 23', '0', 0, '0', NULL, '0', NULL, '0', NULL, '0', NULL, '0', 1, '0'), (443, '0', 1, '0', 'MED', '0', '339', '0', 'Surgical Brush (Scrubbing)', '0', 0, '0', NULL, '0', NULL, '0', NULL, '0', NULL, '0', 1, '0'), (444, '0', 1, '0', 'MED', '0', '340', '0', 'Surgical Mop 12 x 15', '0', 0, '0', NULL, '0', NULL, '0', NULL, '0', NULL, '0', 1, '0'), (445, '0', 1, '0', 'MED', '0', '368', '0', 'Suture Cutgut Chromic (0)', '0', 0, '0', NULL, '0', NULL, '0', NULL, '0', NULL, '0', 1, '0'), (446, '0', 1, '0', 'MED', '0', '369', '0', 'Suture Cutgut Chromic (2) RN22240TH', '0', 0, '0', NULL, '0', NULL, '0', NULL, '0', NULL, '0', 1, '0'), (447, '0', 1, '0', 'MED', '0', '370', '0', 'Suture Cutgut Chromic (2/0) RN22230TH', '0', 0, '0', NULL, '0', NULL, '0', NULL, '0', NULL, '0', 1, '0'), (448, '0', 1, '0', 'MED', '0', '371', '0', 'Suture Cutgut Chromic (3/0) RN2325TF', '0', 0, '0', NULL, '0', NULL, '0', NULL, '0', NULL, '0', 1, '0'), (449, '0', 1, '0', 'MED', '0', '372', '0', 'Suture Cutgut Plain (2/0) RN1230TF', '0', 0, '0', NULL, '0', NULL, '0', NULL, '0', NULL, '0', 1, '0'), (450, '0', 1, '0', 'MED', '0', '375', '0', 'Suture PGA (3/0) RN3330TF', '0', 0, '0', NULL, '0', NULL, '0', NULL, '0', NULL, '0', 1, '0'), (451, '0', 1, '0', 'MED', '0', '373', '0', 'Suture Silk (1) S595', '0', 0, '0', NULL, '0', NULL, '0', NULL, '0', NULL, '0', 1, '0'), (452, '0', 1, '0', 'MED', '0', '374', '0', 'Suture Silk (2/0) RN5230TF', '0', 0, '0', NULL, '0', NULL, '0', NULL, '0', NULL, '0', 1, '0'), (453, '0', 1, '0', 'MED', '0', '91', '0', 'Suxamethonium 500mg Vial', '0', 0, '0', NULL, '0', NULL, '0', NULL, '0', NULL, '0', 1, '0'), (454, '0', 1, '0', 'MED', '0', '92', '0', 'Suxamethonium 500mg/ml 2ml Amp', '0', 0, '0', NULL, '0', NULL, '0', NULL, '0', NULL, '0', 1, '0'), (455, '0', 1, '0', 'MED', '0', '247', '0', 'Syringe Feeding/Irrigation 50/60ml', '0', 0, '0', NULL, '0', NULL, '0', NULL, '0', NULL, '0', 1, '0'), (456, '0', 1, '0', 'MED', '0', '249', '0', 'Syringe Luer 10ml With Needle Disposable', '0', 0, '0', NULL, '0', NULL, '0', NULL, '0', NULL, '0', 1, '0'), (457, '0', 1, '0', 'MED', '0', '250', '0', 'Syringe Luer 20ml With Needle Disposable', '0', 0, '0', NULL, '0', NULL, '0', NULL, '0', NULL, '0', 1, '0'), (458, '0', 1, '0', 'MED', '0', '248', '0', 'Syringe Luer 2ml With Needle Disposable', '0', 0, '0', NULL, '0', NULL, '0', NULL, '0', NULL, '0', 1, '0'), (459, '0', 1, '0', 'MED', '0', '251', '0', 'Syringe Luer 5ml With Needle Disposable', '0', 0, '0', NULL, '0', NULL, '0', NULL, '0', NULL, '0', 1, '0'), (460, '0', 1, '0', 'MED', '0', '341', '0', 'Tablet Counting Tray', '0', 0, '0', NULL, '0', NULL, '0', NULL, '0', NULL, '0', 1, '0'), (461, '0', 1, '0', 'MED', '0', '93', '0', 'tetanus Antitoxin 1500 IU 1ml Amp', '0', 0, '0', NULL, '0', NULL, '0', NULL, '0', NULL, '0', 1, '0'), (462, '0', 1, '0', 'MED', '0', '196', '0', 'Tetracycline eye ointment 1% 3.5g', '0', 0, '0', NULL, '0', NULL, '0', NULL, '0', NULL, '0', 1, '0'), (463, '0', 1, '0', 'MED', '0', '345', '0', 'Thermometer Clinical Flat Type', '0', 0, '0', NULL, '0', NULL, '0', NULL, '0', NULL, '0', 1, '0'), (464, '0', 1, '0', 'MED', '0', '346', '0', 'Thermometer Clinical Prismatic Type', '0', 0, '0', NULL, '0', NULL, '0', NULL, '0', NULL, '0', 1, '0'), (465, '0', 1, '0', 'MED', '0', '94', '0', 'Thiopental Sodium 500mg Vial', '0', 0, '0', NULL, '0', NULL, '0', NULL, '0', NULL, '0', 1, '0'), (466, '0', 1, '0', 'MED', '0', '342', '0', 'Toilet Paper Rolls', '0', 0, '0', NULL, '0', NULL, '0', NULL, '0', NULL, '0', 1, '0'), (467, '0', 1, '0', 'MED', '0', '171', '0', 'Tolbutamide 500mg tab', '0', 0, '0', NULL, '0', NULL, '0', NULL, '0', NULL, '0', 1, '0'), (468, '0', 1, '0', 'MED', '0', '304', '0', 'Tongue depressor Disposable', '0', 0, '0', NULL, '0', NULL, '0', NULL, '0', NULL, '0', 1, '0'), (469, '0', 1, '0', 'MED', '0', '344', '0', 'Traction Kit Adult', '0', 0, '0', NULL, '0', NULL, '0', NULL, '0', NULL, '0', 1, '0'), (470, '0', 1, '0', 'MED', '0', '343', '0', 'Traction Kit Children', '0', 0, '0', NULL, '0', NULL, '0', NULL, '0', NULL, '0', 1, '0'), (471, '0', 1, '0', 'MED', '0', '25', '0', 'Trichloro acetic Acid', '0', 0, '0', NULL, '0', NULL, '0', NULL, '0', NULL, '0', 1, '0'), (472, '0', 1, '0', 'MED', '0', '28', '0', 'Trisodium Citrate', '0', 0, '0', NULL, '0', NULL, '0', NULL, '0', NULL, '0', 1, '0'), (473, '0', 1, '0', 'MED', '0', '347', '0', 'Umbilical Cord Tie non sterile 100m', '0', 0, '0', NULL, '0', NULL, '0', NULL, '0', NULL, '0', 1, '0'), (474, '0', 1, '0', 'MED', '0', '348', '0', 'Umbilical Cord Tie sterile 22m', '0', 0, '0', NULL, '0', NULL, '0', NULL, '0', NULL, '0', 1, '0'), (475, '0', 1, '0', 'MED', '0', '122', '0', 'UREA Calorimetric 300 Tests', '0', 0, '0', NULL, '0', NULL, '0', NULL, '0', NULL, '0', 1, '0'), (476, '0', 1, '0', 'MED', '0', '349', '0', 'Urinal 1Ltr / 2Ltr', '0', 0, '0', NULL, '0', NULL, '0', NULL, '0', NULL, '0', 1, '0'), (477, '0', 1, '0', 'MED', '0', '350', '0', 'Urine Collecting Bag sterile 2Ltr', '0', 0, '0', NULL, '0', NULL, '0', NULL, '0', NULL, '0', 1, '0'), (478, '0', 1, '0', 'MED', '0', '198', '0', 'Urine Test Strips 3 Parameters 100 tests', '0', 0, '0', NULL, '0', NULL, '0', NULL, '0', NULL, '0', 1, '0'), (479, '0', 1, '0', 'MED', '0', '172', '0', 'Vitamin A 200.000 IU Caps', '0', 0, '0', NULL, '0', NULL, '0', NULL, '0', NULL, '0', 1, '0'), (480, '0', 1, '0', 'MED', '0', '173', '0', 'Vitamin B Complex Tab', '0', 0, '0', NULL, '0', NULL, '0', NULL, '0', NULL, '0', 1, '0'), (481, '0', 1, '0', 'MED', '0', '95', '0', 'Water for Injection 10ml Vial', '0', 0, '0', NULL, '0', NULL, '0', NULL, '0', NULL, '0', 1, '0'), (482, '0', 1, '0', 'MED', '0', '377', '0', 'X-Ray Developer 2.6kg for 22.5Ltr', '0', 0, '0', NULL, '0', NULL, '0', NULL, '0', NULL, '0', 1, '0'), (483, '0', 1, '0', 'MED', '0', '378', '0', 'X-Ray Film 18x24cm', '0', 0, '0', NULL, '0', NULL, '0', NULL, '0', NULL, '0', 1, '0'), (484, '0', 1, '0', 'MED', '0', '379', '0', 'X-Ray Film 20x40cm', '0', 0, '0', NULL, '0', NULL, '0', NULL, '0', NULL, '0', 1, '0'), (485, '0', 1, '0', 'MED', '0', '380', '0', 'X-Ray Film 24x30cm', '0', 0, '0', NULL, '0', NULL, '0', NULL, '0', NULL, '0', 1, '0'), (486, '0', 1, '0', 'MED', '0', '381', '0', 'X-Ray Film 30x40cm', '0', 0, '0', NULL, '0', NULL, '0', NULL, '0', NULL, '0', 1, '0'), (487, '0', 1, '0', 'MED', '0', '382', '0', 'X-Ray Film 35x35cm', '0', 0, '0', NULL, '0', NULL, '0', NULL, '0', NULL, '0', 1, '0'), (488, '0', 1, '0', 'MED', '0', '383', '0', 'X-Ray Film 43x35cm', '0', 0, '0', NULL, '0', NULL, '0', NULL, '0', NULL, '0', 1, '0'), (489, '0', 1, '0', 'MED', '0', '384', '0', 'X-Ray Film Cassette  18x24cm with screen', '0', 0, '0', NULL, '0', NULL, '0', NULL, '0', NULL, '0', 1, '0'), (490, '0', 1, '0', 'MED', '0', '385', '0', 'X-Ray Film Cassette  24x30cm with screen', '0', 0, '0', NULL, '0', NULL, '0', NULL, '0', NULL, '0', 1, '0'), (491, '0', 1, '0', 'MED', '0', '386', '0', 'X-Ray Film Cassette  30x40cm with screen', '0', 0, '0', NULL, '0', NULL, '0', NULL, '0', NULL, '0', 1, '0'), (492, '0', 1, '0', 'MED', '0', '387', '0', 'X-Ray Film Cassette  35x35cm with screen', '0', 0, '0', NULL, '0', NULL, '0', NULL, '0', NULL, '0', 1, '0'), (493, '0', 1, '0', 'MED', '0', '388', '0', 'X-Ray Film Cassette  35x43cm with screen', '0', 0, '0', NULL, '0', NULL, '0', NULL, '0', NULL, '0', 1, '0'), (494, '0', 1, '0', 'MED', '0', '389', '0', 'X-Ray Fixer 3.3kg for 22.5 Ltr', '0', 0, '0', NULL, '0', NULL, '0', NULL, '0', NULL, '0', 1, '0'), (495, '0', 1, '0', 'MED', '0', '19', '0', 'Xylene 2.5 ltrs', '0', 0, '0', NULL, '0', NULL, '0', NULL, '0', NULL, '0', 1, '0'), (496, '0', 1, '0', 'OTH', '0', '1', '0', 'Amount per day', '0', 0, '0', NULL, '0', NULL, '0', NULL, '0', NULL, '0', 1, '0');
/*!40000 ALTER TABLE `oh_prices` ENABLE KEYS */;
UNLOCK TABLES;

--
-- Table structure for table `oh_pricesothers`
--

DROP TABLE IF EXISTS `oh_pricesothers`;
/*!40101 SET @saved_cs_client     = @@character_set_client */;
/*!40101 SET character_set_client = utf8 */;
CREATE TABLE `oh_pricesothers` (`OTH_ID` int (11) NOT NULL AUTO_INCREMENT, `__taint__OTH_ID` TEXT, `OTH_CODE` varchar (10) NOT NULL, `__taint__OTH_CODE` TEXT, `OTH_DESC` varchar (100) NOT NULL, `__taint__OTH_DESC` TEXT, `OTH_OPD_INCLUDE` int (11) NOT NULL DEFAULT 0, `__taint__OTH_OPD_INCLUDE` TEXT, `OTH_IPD_INCLUDE` int (11) NOT NULL DEFAULT 0, `__taint__OTH_IPD_INCLUDE` TEXT, `OTH_DAILY` int (11) NOT NULL DEFAULT 0, `__taint__OTH_DAILY` TEXT, `OTH_DISCHARGE` int (11) DEFAULT 0, `__taint__OTH_DISCHARGE` TEXT, `OTH_UNDEFINED` int (11) DEFAULT 0, `__taint__OTH_UNDEFINED` TEXT, `OTH_CREATED_BY` varchar (50) DEFAULT NULL, `__taint__OTH_CREATED_BY` TEXT, `OTH_CREATED_DATE` datetime DEFAULT NULL, `__taint__OTH_CREATED_DATE` TEXT, `OTH_LAST_MODIFIED_BY` varchar (50) DEFAULT NULL, `__taint__OTH_LAST_MODIFIED_BY` TEXT, `OTH_LAST_MODIFIED_DATE` datetime DEFAULT NULL, `__taint__OTH_LAST_MODIFIED_DATE` TEXT, `OTH_ACTIVE` tinyint (1) NOT NULL DEFAULT 1, `__taint__OTH_ACTIVE` TEXT, PRIMARY KEY (`OTH_ID`)) ENGINE = MyISAM AUTO_INCREMENT = 2 DEFAULT CHARSET = latin1;
/*!40101 SET character_set_client = @saved_cs_client */;

--
-- Dumping data for table `oh_pricesothers`
--

LOCK TABLES `oh_pricesothers` WRITE;
/*!40000 ALTER TABLE `oh_pricesothers` DISABLE KEYS */;
INSERT INTO `oh_pricesothers` VALUES (1, '0', 'OTH001', '0', 'Amount per day', '0', 0, '0', 1, '0', 1, '0', 0, '0', 0, '0', NULL, '0', NULL, '0', NULL, '0', NULL, '0', 1, '0');
/*!40000 ALTER TABLE `oh_pricesothers` ENABLE KEYS */;
UNLOCK TABLES;

--
-- Table structure for table `oh_session_audit`
--

DROP TABLE IF EXISTS `oh_session_audit`;
/*!40101 SET @saved_cs_client     = @@character_set_client */;
/*!40101 SET character_set_client = utf8 */;
CREATE TABLE `oh_session_audit` (`SEA_ID` int (11) unsigned NOT NULL AUTO_INCREMENT, `__taint__SEA_ID` TEXT, `SEA_US_ID_A` varchar (50) NOT NULL, `__taint__SEA_US_ID_A` TEXT, `SEA_LOGIN` datetime NOT NULL, `__taint__SEA_LOGIN` TEXT, `SEA_LOGOUT` datetime DEFAULT NULL, `__taint__SEA_LOGOUT` TEXT, `SEA_CREATED_BY` varchar (50) DEFAULT NULL, `__taint__SEA_CREATED_BY` TEXT, `SEA_CREATED_DATE` datetime DEFAULT NULL, `__taint__SEA_CREATED_DATE` TEXT, `SEA_LAST_MODIFIED_BY` varchar (50) DEFAULT NULL, `__taint__SEA_LAST_MODIFIED_BY` TEXT, `SEA_LAST_MODIFIED_DATE` datetime DEFAULT NULL, `__taint__SEA_LAST_MODIFIED_DATE` TEXT, `SEA_ACTIVE` tinyint (1) NOT NULL DEFAULT 1, `__taint__SEA_ACTIVE` TEXT, PRIMARY KEY (`SEA_ID`), KEY `SEA_US_ID_A` (`SEA_US_ID_A`), CONSTRAINT `oh_session_audit_ibfk_1` FOREIGN KEY (`SEA_US_ID_A`) REFERENCES `oh_user`(`US_ID_A`)) ENGINE = InnoDB AUTO_INCREMENT = 3 DEFAULT CHARSET = utf8;
/*!40101 SET character_set_client = @saved_cs_client */;

--
-- Dumping data for table `oh_session_audit`
--

LOCK TABLES `oh_session_audit` WRITE;
/*!40000 ALTER TABLE `oh_session_audit` DISABLE KEYS */;
INSERT INTO `oh_session_audit` VALUES (1, '0', 'admin', '0', '2023-03-28 09:27:17', '0', NULL, '0', NULL, '0', '2023-03-28 09:27:17', '0', NULL, '0', '2023-03-28 09:27:17', '0', 1, '0'), (2, '0', 'guest', '0', '2023-03-28 09:29:22', '0', NULL, '0', NULL, '0', '2023-03-28 09:29:22', '0', NULL, '0', '2023-03-28 09:29:22', '0', 1, '0');
/*!40000 ALTER TABLE `oh_session_audit` ENABLE KEYS */;
UNLOCK TABLES;

--
-- Table structure for table `oh_sms`
--

DROP TABLE IF EXISTS `oh_sms`;
/*!40101 SET @saved_cs_client     = @@character_set_client */;
/*!40101 SET character_set_client = utf8 */;
CREATE TABLE `oh_sms` (`SMS_ID` int (11) NOT NULL AUTO_INCREMENT, `__taint__SMS_ID` TEXT, `SMS_DATE` timestamp NOT NULL DEFAULT current_timestamp(), `__taint__SMS_DATE` TEXT, `SMS_DATE_SCHED` datetime NOT NULL, `__taint__SMS_DATE_SCHED` TEXT, `SMS_NUMBER` varchar (45) NOT NULL, `__taint__SMS_NUMBER` TEXT, `SMS_TEXT` varchar (160) NOT NULL, `__taint__SMS_TEXT` TEXT, `SMS_DATE_SENT` datetime DEFAULT NULL, `__taint__SMS_DATE_SENT` TEXT, `SMS_USER` varchar (50) NOT NULL DEFAULT 'admin', `__taint__SMS_USER` TEXT, `SMS_MOD` varchar (45) NOT NULL DEFAULT 'smsmanager', `__taint__SMS_MOD` TEXT, `SMS_MOD_ID` varchar (45) DEFAULT NULL, `__taint__SMS_MOD_ID` TEXT, PRIMARY KEY (`SMS_ID`)) ENGINE = InnoDB DEFAULT CHARSET = latin1;
/*!40101 SET character_set_client = @saved_cs_client */;

--
-- Dumping data for table `oh_sms`
--

LOCK TABLES `oh_sms` WRITE;
/*!40000 ALTER TABLE `oh_sms` DISABLE KEYS */;
/*!40000 ALTER TABLE `oh_sms` ENABLE KEYS */;
UNLOCK TABLES;

--
-- Table structure for table `oh_supplier`
--

DROP TABLE IF EXISTS `oh_supplier`;
/*!40101 SET @saved_cs_client     = @@character_set_client */;
/*!40101 SET character_set_client = utf8 */;
CREATE TABLE `oh_supplier` (`SUP_ID` int (11) NOT NULL AUTO_INCREMENT, `__taint__SUP_ID` TEXT, `SUP_NAME` varchar (100) NOT NULL, `__taint__SUP_NAME` TEXT, `SUP_ADDRESS` varchar (150) DEFAULT NULL, `__taint__SUP_ADDRESS` TEXT, `SUP_TAXCODE` varchar (50) DEFAULT NULL, `__taint__SUP_TAXCODE` TEXT, `SUP_PHONE` varchar (20) DEFAULT NULL, `__taint__SUP_PHONE` TEXT, `SUP_FAX` varchar (20) DEFAULT NULL, `__taint__SUP_FAX` TEXT, `SUP_EMAIL` varchar (100) DEFAULT NULL, `__taint__SUP_EMAIL` TEXT, `SUP_NOTE` varchar (200) DEFAULT NULL, `__taint__SUP_NOTE` TEXT, `SUP_DELETED` char (1) DEFAULT 'N', `__taint__SUP_DELETED` TEXT, `SUP_CREATED_BY` varchar (50) DEFAULT NULL, `__taint__SUP_CREATED_BY` TEXT, `SUP_CREATED_DATE` datetime DEFAULT NULL, `__taint__SUP_CREATED_DATE` TEXT, `SUP_LAST_MODIFIED_BY` varchar (50) DEFAULT NULL, `__taint__SUP_LAST_MODIFIED_BY` TEXT, `SUP_LAST_MODIFIED_DATE` datetime DEFAULT NULL, `__taint__SUP_LAST_MODIFIED_DATE` TEXT, `SUP_ACTIVE` tinyint (1) NOT NULL DEFAULT 1, `__taint__SUP_ACTIVE` TEXT, PRIMARY KEY (`SUP_ID`)) ENGINE = InnoDB DEFAULT CHARSET = latin1;
/*!40101 SET character_set_client = @saved_cs_client */;

--
-- Dumping data for table `oh_supplier`
--

LOCK TABLES `oh_supplier` WRITE;
/*!40000 ALTER TABLE `oh_supplier` DISABLE KEYS */;
/*!40000 ALTER TABLE `oh_supplier` ENABLE KEYS */;
UNLOCK TABLES;

--
-- Table structure for table `oh_therapies`
--

DROP TABLE IF EXISTS `oh_therapies`;
/*!40101 SET @saved_cs_client     = @@character_set_client */;
/*!40101 SET character_set_client = utf8 */;
CREATE TABLE `oh_therapies` (`THR_ID` int (11) NOT NULL AUTO_INCREMENT, `__taint__THR_ID` TEXT, `THR_PAT_ID` int (11) NOT NULL, `__taint__THR_PAT_ID` TEXT, `THR_STARTDATE` datetime NOT NULL, `__taint__THR_STARTDATE` TEXT, `THR_ENDDATE` datetime NOT NULL, `__taint__THR_ENDDATE` TEXT, `THR_MDSR_ID` int (11) NOT NULL, `__taint__THR_MDSR_ID` TEXT, `THR_QTY` double NOT NULL, `__taint__THR_QTY` TEXT, `THR_UNT_ID` int (11) NOT NULL, `__taint__THR_UNT_ID` TEXT, `THR_FREQINDAY` int (11) NOT NULL, `__taint__THR_FREQINDAY` TEXT, `THR_FREQINPRD` int (11) NOT NULL, `__taint__THR_FREQINPRD` TEXT, `THR_NOTE` mediumtext DEFAULT NULL, `__taint__THR_NOTE` mediumtext, `THR_NOTIFY` tinyint (1) NOT NULL DEFAULT 0, `__taint__THR_NOTIFY` TEXT, `THR_SMS` tinyint (1) NOT NULL DEFAULT 0, `__taint__THR_SMS` TEXT, `THR_CREATED_BY` varchar (50) DEFAULT NULL, `__taint__THR_CREATED_BY` TEXT, `THR_CREATED_DATE` datetime DEFAULT NULL, `__taint__THR_CREATED_DATE` TEXT, `THR_LAST_MODIFIED_BY` varchar (50) DEFAULT NULL, `__taint__THR_LAST_MODIFIED_BY` TEXT, `THR_LAST_MODIFIED_DATE` datetime DEFAULT NULL, `__taint__THR_LAST_MODIFIED_DATE` TEXT, `THR_ACTIVE` tinyint (1) NOT NULL DEFAULT 1, `__taint__THR_ACTIVE` TEXT, PRIMARY KEY (`THR_ID`), KEY `FK_THERAPIES_PATIENT` (`THR_PAT_ID`), KEY `FK_THERAPIES_MDSR` (`THR_MDSR_ID`), CONSTRAINT `FK_THERAPIES_MDSR` FOREIGN KEY (`THR_MDSR_ID`) REFERENCES `oh_medicaldsr`(`MDSR_ID`) ON DELETE NO ACTION ON UPDATE NO ACTION, CONSTRAINT `FK_THERAPIES_PATIENT` FOREIGN KEY (`THR_PAT_ID`) REFERENCES `oh_patient`(`PAT_ID`) ON DELETE CASCADE ON UPDATE CASCADE) ENGINE = InnoDB DEFAULT CHARSET = utf8;
/*!40101 SET character_set_client = @saved_cs_client */;

--
-- Dumping data for table `oh_therapies`
--

LOCK TABLES `oh_therapies` WRITE;
/*!40000 ALTER TABLE `oh_therapies` DISABLE KEYS */;
/*!40000 ALTER TABLE `oh_therapies` ENABLE KEYS */;
UNLOCK TABLES;

--
-- Table structure for table `oh_user`
--

DROP TABLE IF EXISTS `oh_user`;
/*!40101 SET @saved_cs_client     = @@character_set_client */;
/*!40101 SET character_set_client = utf8 */;
CREATE TABLE `oh_user` (`US_ID_A` varchar (50) NOT NULL DEFAULT '', `__taint__US_ID_A` TEXT, `US_UG_ID_A` varchar (50) NOT NULL DEFAULT '', `__taint__US_UG_ID_A` TEXT, `US_PASSWD` varchar (60) NOT NULL DEFAULT '', `__taint__US_PASSWD` TEXT, `US_DESC` varchar (128) DEFAULT NULL, `__taint__US_DESC` TEXT, `US_CREATED_BY` varchar (50) DEFAULT NULL, `__taint__US_CREATED_BY` TEXT, `US_CREATED_DATE` datetime DEFAULT NULL, `__taint__US_CREATED_DATE` TEXT, `US_LAST_MODIFIED_BY` varchar (50) DEFAULT NULL, `__taint__US_LAST_MODIFIED_BY` TEXT, `US_LAST_MODIFIED_DATE` datetime DEFAULT NULL, `__taint__US_LAST_MODIFIED_DATE` TEXT, `US_ACTIVE` tinyint (1) NOT NULL DEFAULT 1, `__taint__US_ACTIVE` TEXT, PRIMARY KEY (`US_ID_A`), KEY `FK_USER_USERGROUP` (`US_UG_ID_A`), CONSTRAINT `FK_USER_USERGROUP` FOREIGN KEY (`US_UG_ID_A`) REFERENCES `oh_usergroup`(`UG_ID_A`) ON DELETE NO ACTION ON UPDATE CASCADE) ENGINE = InnoDB DEFAULT CHARSET = utf8;
/*!40101 SET character_set_client = @saved_cs_client */;

--
-- Dumping data for table `oh_user`
--

LOCK TABLES `oh_user` WRITE;
/*!40000 ALTER TABLE `oh_user` DISABLE KEYS */;
INSERT INTO `oh_user` VALUES ('admin', '0', 'admin', '0', '$2a$10$FI/PMO0oSHHosF2PX8l3QuB0DJepVfnynbLZ9Zm2711bF2ch8db2S', '0', 'administrator', '0', NULL, '0', NULL, '0', NULL, '0', NULL, '0', 1, '0'), ('guest', '0', 'guest', '0', '$2a$10$b0WlANdaNV7Ukn/klFGt3.euZ7PaHuJI6TtBSM2vdxkavvkUDbpo2', '0', 'guest', '0', NULL, '0', NULL, '0', NULL, '0', NULL, '0', 1, '0');
/*!40000 ALTER TABLE `oh_user` ENABLE KEYS */;
UNLOCK TABLES;

--
-- Table structure for table `oh_usergroup`
--

DROP TABLE IF EXISTS `oh_usergroup`;
/*!40101 SET @saved_cs_client     = @@character_set_client */;
/*!40101 SET character_set_client = utf8 */;
CREATE TABLE `oh_usergroup` (`UG_ID_A` varchar (50) NOT NULL DEFAULT '', `__taint__UG_ID_A` TEXT, `UG_DESC` varchar (128) DEFAULT NULL, `__taint__UG_DESC` TEXT, `UG_CREATED_BY` varchar (50) DEFAULT NULL, `__taint__UG_CREATED_BY` TEXT, `UG_CREATED_DATE` datetime DEFAULT NULL, `__taint__UG_CREATED_DATE` TEXT, `UG_LAST_MODIFIED_BY` varchar (50) DEFAULT NULL, `__taint__UG_LAST_MODIFIED_BY` TEXT, `UG_LAST_MODIFIED_DATE` datetime DEFAULT NULL, `__taint__UG_LAST_MODIFIED_DATE` TEXT, `UG_ACTIVE` tinyint (1) NOT NULL DEFAULT 1, `__taint__UG_ACTIVE` TEXT, PRIMARY KEY (`UG_ID_A`)) ENGINE = InnoDB DEFAULT CHARSET = utf8;
/*!40101 SET character_set_client = @saved_cs_client */;

--
-- Dumping data for table `oh_usergroup`
--

LOCK TABLES `oh_usergroup` WRITE;
/*!40000 ALTER TABLE `oh_usergroup` DISABLE KEYS */;
INSERT INTO `oh_usergroup` VALUES ('admin', '0', 'User with all the privileges', '0', NULL, '0', NULL, '0', NULL, '0', NULL, '0', 1, '0'), ('guest', '0', 'Read Only Users', '0', NULL, '0', NULL, '0', NULL, '0', NULL, '0', 1, '0');
/*!40000 ALTER TABLE `oh_usergroup` ENABLE KEYS */;
UNLOCK TABLES;

--
-- Table structure for table `oh_vaccine`
--

DROP TABLE IF EXISTS `oh_vaccine`;
/*!40101 SET @saved_cs_client     = @@character_set_client */;
/*!40101 SET character_set_client = utf8 */;
CREATE TABLE `oh_vaccine` (`VAC_ID_A` varchar (10) NOT NULL, `__taint__VAC_ID_A` TEXT, `VAC_DESC` varchar (50) NOT NULL, `__taint__VAC_DESC` TEXT, `VAC_VACT_ID_A` char (1) NOT NULL, `__taint__VAC_VACT_ID_A` TEXT, `VAC_LOCK` int (11) NOT NULL DEFAULT 0, `__taint__VAC_LOCK` TEXT, `VAC_CREATED_BY` varchar (50) DEFAULT NULL, `__taint__VAC_CREATED_BY` TEXT, `VAC_CREATED_DATE` datetime DEFAULT NULL, `__taint__VAC_CREATED_DATE` TEXT, `VAC_LAST_MODIFIED_BY` varchar (50) DEFAULT NULL, `__taint__VAC_LAST_MODIFIED_BY` TEXT, `VAC_LAST_MODIFIED_DATE` datetime DEFAULT NULL, `__taint__VAC_LAST_MODIFIED_DATE` TEXT, `VAC_ACTIVE` tinyint (1) NOT NULL DEFAULT 1, `__taint__VAC_ACTIVE` TEXT, PRIMARY KEY (`VAC_ID_A`), KEY `FK_VACCINE_VACCINETYPE` (`VAC_VACT_ID_A`), CONSTRAINT `FK_VACCINE_VACCINETYPE` FOREIGN KEY (`VAC_VACT_ID_A`) REFERENCES `oh_vaccinetype`(`VACT_ID_A`) ON DELETE NO ACTION ON UPDATE CASCADE) ENGINE = InnoDB DEFAULT CHARSET = utf8;
/*!40101 SET character_set_client = @saved_cs_client */;

--
-- Dumping data for table `oh_vaccine`
--

LOCK TABLES `oh_vaccine` WRITE;
/*!40000 ALTER TABLE `oh_vaccine` DISABLE KEYS */;
INSERT INTO `oh_vaccine` VALUES ('1', '0', 'BCG', '0', 'C', '0', 0, '0', NULL, '0', NULL, '0', NULL, '0', NULL, '0', 1, '0'), ('10', '0', 'TT VACCINE DOSE 1', '0', 'P', '0', 0, '0', NULL, '0', NULL, '0', NULL, '0', NULL, '0', 1, '0'), ('11', '0', 'TT VACCINE DOSE 2', '0', 'P', '0', 0, '0', NULL, '0', NULL, '0', NULL, '0', NULL, '0', 1, '0'), ('12', '0', 'TT VACCINE DOSE 3', '0', 'P', '0', 0, '0', NULL, '0', NULL, '0', NULL, '0', NULL, '0', 1, '0'), ('13', '0', 'TT VACCINE DOSE 4', '0', 'P', '0', 0, '0', NULL, '0', NULL, '0', NULL, '0', NULL, '0', 1, '0'), ('14', '0', 'TT VACCINE DOSE 5', '0', 'P', '0', 0, '0', NULL, '0', NULL, '0', NULL, '0', NULL, '0', 1, '0'), ('15', '0', 'TT VACCINE DOSE 2', '0', 'N', '0', 0, '0', NULL, '0', NULL, '0', NULL, '0', NULL, '0', 1, '0'), ('16', '0', 'TT VACCINE DOSE 3', '0', 'N', '0', 0, '0', NULL, '0', NULL, '0', NULL, '0', NULL, '0', 1, '0'), ('17', '0', 'TT VACCINE DOSE 4', '0', 'N', '0', 0, '0', NULL, '0', NULL, '0', NULL, '0', NULL, '0', 1, '0'), ('18', '0', 'TT VACCINE DOSE 5', '0', 'N', '0', 0, '0', NULL, '0', NULL, '0', NULL, '0', NULL, '0', 1, '0'), ('2', '0', 'POLIO 0 C', '0', 'C', '0', 0, '0', NULL, '0', NULL, '0', NULL, '0', NULL, '0', 1, '0'), ('3', '0', 'POLIO 1 C', '0', 'C', '0', 0, '0', NULL, '0', NULL, '0', NULL, '0', NULL, '0', 1, '0'), ('4', '0', 'POLIO 2 C', '0', 'C', '0', 0, '0', NULL, '0', NULL, '0', NULL, '0', NULL, '0', 1, '0'), ('5', '0', 'POLIO 3 C', '0', 'C', '0', 0, '0', NULL, '0', NULL, '0', NULL, '0', NULL, '0', 1, '0'), ('6', '0', 'DPT 1 - HepB + Hib 1', '0', 'C', '0', 0, '0', NULL, '0', NULL, '0', NULL, '0', NULL, '0', 1, '0'), ('7', '0', 'DPT 2 - HepB + Hib 1', '0', 'C', '0', 0, '0', NULL, '0', NULL, '0', NULL, '0', NULL, '0', 1, '0'), ('8', '0', 'DPT 3 - HepB + Hib 1', '0', 'C', '0', 0, '0', NULL, '0', NULL, '0', NULL, '0', NULL, '0', 1, '0'), ('9', '0', 'MEASLES', '0', 'C', '0', 0, '0', NULL, '0', NULL, '0', NULL, '0', NULL, '0', 1, '0');
/*!40000 ALTER TABLE `oh_vaccine` ENABLE KEYS */;
UNLOCK TABLES;

--
-- Table structure for table `oh_vaccinetype`
--

DROP TABLE IF EXISTS `oh_vaccinetype`;
/*!40101 SET @saved_cs_client     = @@character_set_client */;
/*!40101 SET character_set_client = utf8 */;
CREATE TABLE `oh_vaccinetype` (`VACT_ID_A` char (1) NOT NULL, `__taint__VACT_ID_A` TEXT, `VACT_DESC` varchar (50) NOT NULL, `__taint__VACT_DESC` TEXT, `VACT_CREATED_BY` varchar (50) DEFAULT NULL, `__taint__VACT_CREATED_BY` TEXT, `VACT_CREATED_DATE` datetime DEFAULT NULL, `__taint__VACT_CREATED_DATE` TEXT, `VACT_LAST_MODIFIED_BY` varchar (50) DEFAULT NULL, `__taint__VACT_LAST_MODIFIED_BY` TEXT, `VACT_LAST_MODIFIED_DATE` datetime DEFAULT NULL, `__taint__VACT_LAST_MODIFIED_DATE` TEXT, `VACT_ACTIVE` tinyint (1) NOT NULL DEFAULT 1, `__taint__VACT_ACTIVE` TEXT, PRIMARY KEY (`VACT_ID_A`)) ENGINE = InnoDB DEFAULT CHARSET = utf8;
/*!40101 SET character_set_client = @saved_cs_client */;

--
-- Dumping data for table `oh_vaccinetype`
--

LOCK TABLES `oh_vaccinetype` WRITE;
/*!40000 ALTER TABLE `oh_vaccinetype` DISABLE KEYS */;
INSERT INTO `oh_vaccinetype` VALUES ('C', '0', 'Child', '0', NULL, '0', NULL, '0', NULL, '0', NULL, '0', 1, '0'), ('N', '0', 'No pregnant', '0', NULL, '0', NULL, '0', NULL, '0', NULL, '0', 1, '0'), ('P', '0', 'Pregnant', '0', NULL, '0', NULL, '0', NULL, '0', NULL, '0', 1, '0');
/*!40000 ALTER TABLE `oh_vaccinetype` ENABLE KEYS */;
UNLOCK TABLES;

--
-- Table structure for table `oh_version`
--

DROP TABLE IF EXISTS `oh_version`;
/*!40101 SET @saved_cs_client     = @@character_set_client */;
/*!40101 SET character_set_client = utf8 */;
CREATE TABLE `oh_version` (`VER_MAJOR` int (11) NOT NULL, `__taint__VER_MAJOR` TEXT, `VER_MINOR` int (11) NOT NULL, `__taint__VER_MINOR` TEXT, `VER_SOURCE` longblob DEFAULT NULL, `__taint__VER_SOURCE` TEXT, `VER_DATE` datetime NOT NULL, `__taint__VER_DATE` TEXT, `VER_CURRENT` char (1) NOT NULL DEFAULT 'N', `__taint__VER_CURRENT` TEXT, PRIMARY KEY (`VER_MAJOR`, `VER_MINOR`)) ENGINE = MyISAM DEFAULT CHARSET = latin1;
/*!40101 SET character_set_client = @saved_cs_client */;

--
-- Dumping data for table `oh_version`
--

LOCK TABLES `oh_version` WRITE;
/*!40000 ALTER TABLE `oh_version` DISABLE KEYS */;
/*!40000 ALTER TABLE `oh_version` ENABLE KEYS */;
UNLOCK TABLES;

--
-- Table structure for table `oh_visits`
--

DROP TABLE IF EXISTS `oh_visits`;
/*!40101 SET @saved_cs_client     = @@character_set_client */;
/*!40101 SET character_set_client = utf8 */;
CREATE TABLE `oh_visits` (`VST_ID` int (11) NOT NULL AUTO_INCREMENT, `__taint__VST_ID` TEXT, `VST_PAT_ID` int (11) NOT NULL, `__taint__VST_PAT_ID` TEXT, `VST_DATE` datetime NOT NULL, `__taint__VST_DATE` TEXT, `VST_NOTE` mediumtext DEFAULT NULL, `__taint__VST_NOTE` mediumtext, `VST_SMS` tinyint (1) DEFAULT 0, `__taint__VST_SMS` TEXT, `VST_CREATED_BY` varchar (50) DEFAULT NULL, `__taint__VST_CREATED_BY` TEXT, `VST_CREATED_DATE` datetime DEFAULT NULL, `__taint__VST_CREATED_DATE` TEXT, `VST_LAST_MODIFIED_BY` varchar (50) DEFAULT NULL, `__taint__VST_LAST_MODIFIED_BY` TEXT, `VST_LAST_MODIFIED_DATE` datetime DEFAULT NULL, `__taint__VST_LAST_MODIFIED_DATE` TEXT, `VST_ACTIVE` tinyint (1) NOT NULL DEFAULT 1, `__taint__VST_ACTIVE` TEXT, `VST_WRD_ID_A` char (3) DEFAULT '', `__taint__VST_WRD_ID_A` TEXT, `VST_DURATION` int (11) DEFAULT NULL, `__taint__VST_DURATION` TEXT, `VST_SERVICE` varchar (45) DEFAULT NULL, `__taint__VST_SERVICE` TEXT, PRIMARY KEY (`VST_ID`), KEY `FK_VISITS_PATIENT` (`VST_PAT_ID`), KEY `FK_VISITS_WARD_idx` (`VST_WRD_ID_A`), CONSTRAINT `FK_VISITS_PATIENT` FOREIGN KEY (`VST_PAT_ID`) REFERENCES `oh_patient`(`PAT_ID`) ON DELETE CASCADE ON UPDATE CASCADE, CONSTRAINT `FK_VISITS_WARD` FOREIGN KEY (`VST_WRD_ID_A`) REFERENCES `oh_ward`(`WRD_ID_A`) ON DELETE NO ACTION ON UPDATE NO ACTION) ENGINE = InnoDB DEFAULT CHARSET = utf8;
/*!40101 SET character_set_client = @saved_cs_client */;

--
-- Dumping data for table `oh_visits`
--

LOCK TABLES `oh_visits` WRITE;
/*!40000 ALTER TABLE `oh_visits` DISABLE KEYS */;
/*!40000 ALTER TABLE `oh_visits` ENABLE KEYS */;
UNLOCK TABLES;

--
-- Table structure for table `oh_ward`
--

DROP TABLE IF EXISTS `oh_ward`;
/*!40101 SET @saved_cs_client     = @@character_set_client */;
/*!40101 SET character_set_client = utf8 */;
CREATE TABLE `oh_ward` (`WRD_ID_A` char (3) NOT NULL DEFAULT '', `__taint__WRD_ID_A` TEXT, `WRD_NAME` varchar (50) NOT NULL, `__taint__WRD_NAME` TEXT, `WRD_TELE` varchar (50) DEFAULT NULL, `__taint__WRD_TELE` TEXT, `WRD_FAX` varchar (50) DEFAULT NULL, `__taint__WRD_FAX` TEXT, `WRD_EMAIL` varchar (50) DEFAULT NULL, `__taint__WRD_EMAIL` TEXT, `WRD_NBEDS` int (11) NOT NULL, `__taint__WRD_NBEDS` TEXT, `WRD_NQUA_NURS` int (11) NOT NULL, `__taint__WRD_NQUA_NURS` TEXT, `WRD_NDOC` int (11) NOT NULL, `__taint__WRD_NDOC` TEXT, `WRD_IS_OPD` tinyint (1) NOT NULL DEFAULT 0, `__taint__WRD_IS_OPD` TEXT, `WRD_IS_PHARMACY` tinyint (1) NOT NULL DEFAULT 1, `__taint__WRD_IS_PHARMACY` TEXT, `WRD_IS_MALE` tinyint (1) NOT NULL DEFAULT 1, `__taint__WRD_IS_MALE` TEXT, `WRD_IS_FEMALE` tinyint (1) NOT NULL DEFAULT 1, `__taint__WRD_IS_FEMALE` TEXT, `WRD_VISIT_DURATION` int (11) NOT NULL DEFAULT 30, `__taint__WRD_VISIT_DURATION` TEXT, `WRD_LOCK` int (11) NOT NULL DEFAULT 0, `__taint__WRD_LOCK` TEXT, `WRD_CREATED_BY` varchar (50) DEFAULT NULL, `__taint__WRD_CREATED_BY` TEXT, `WRD_CREATED_DATE` datetime DEFAULT NULL, `__taint__WRD_CREATED_DATE` TEXT, `WRD_LAST_MODIFIED_BY` varchar (50) DEFAULT NULL, `__taint__WRD_LAST_MODIFIED_BY` TEXT, `WRD_LAST_MODIFIED_DATE` datetime DEFAULT NULL, `__taint__WRD_LAST_MODIFIED_DATE` TEXT, `WRD_ACTIVE` tinyint (1) NOT NULL DEFAULT 1, `__taint__WRD_ACTIVE` TEXT, PRIMARY KEY (`WRD_ID_A`)) ENGINE = InnoDB DEFAULT CHARSET = utf8;
/*!40101 SET character_set_client = @saved_cs_client */;

--
-- Dumping data for table `oh_ward`
--

LOCK TABLES `oh_ward` WRITE;
/*!40000 ALTER TABLE `oh_ward` DISABLE KEYS */;
INSERT INTO `oh_ward` VALUES ('I', '0', 'INTERNAL MEDICINE', '0', '234/52544', '0', '54324/5424', '0', 'internal.medicine@stluke.org', '0', 20, '0', 3, '0', 2, '0', 0, '0', 1, '0', 1, '0', 1, '0', 30, '0', 1, '0', NULL, '0', NULL, '0', NULL, '0', NULL, '0', 1, '0'), ('M', '0', 'MATERNITY', '0', '234/52544', '0', '54324/5424', '0', 'maternity@stluke.org', '0', 20, '0', 3, '0', 2, '0', 0, '0', 1, '0', 0, '0', 1, '0', 30, '0', 1, '0', NULL, '0', NULL, '0', NULL, '0', NULL, '0', 1, '0'), ('N', '0', 'NURSERY', '0', '234/52544', '0', '54324/5424', '0', 'nursery@stluke.org', '0', 20, '0', 3, '0', 2, '0', 0, '0', 1, '0', 1, '0', 1, '0', 30, '0', 1, '0', NULL, '0', NULL, '0', NULL, '0', NULL, '0', 1, '0'), ('OPD', '0', 'OPD', '0', '212', '0', '', '0', '', '0', 0, '0', 1, '0', 1, '0', 1, '0', 1, '0', 1, '0', 1, '0', 15, '0', 0, '0', 'admin', '0', '2023-03-28 09:24:36', '0', NULL, '0', NULL, '0', 1, '0'), ('S', '0', 'SURGERY', '0', '234/52544', '0', '54324/5424', '0', 'surgery@stluke.org', '0', 20, '0', 3, '0', 2, '0', 0, '0', 1, '0', 1, '0', 1, '0', 30, '0', 1, '0', NULL, '0', NULL, '0', NULL, '0', NULL, '0', 1, '0');
/*!40000 ALTER TABLE `oh_ward` ENABLE KEYS */;
UNLOCK TABLES;
/*!40103 SET TIME_ZONE=@OLD_TIME_ZONE */;

/*!40101 SET SQL_MODE=@OLD_SQL_MODE */;
/*!40014 SET FOREIGN_KEY_CHECKS=@OLD_FOREIGN_KEY_CHECKS */;
/*!40014 SET UNIQUE_CHECKS=@OLD_UNIQUE_CHECKS */;
/*!40101 SET CHARACTER_SET_CLIENT=@OLD_CHARACTER_SET_CLIENT */;
/*!40101 SET CHARACTER_SET_RESULTS=@OLD_CHARACTER_SET_RESULTS */;
/*!40101 SET COLLATION_CONNECTION=@OLD_COLLATION_CONNECTION */;
/*!40111 SET SQL_NOTES=@OLD_SQL_NOTES */;

-- Dump completed on 2023-03-28  9:48:29
